ua_word,en_word,part_of_speech,level
бути,be,verb,A1
Україна,ukraine,noun,A1
рік,year,noun,A1
що,who,pronoun,A1
ми,we,pronoun,A1
як,as,adverb,A1
те,that,pronoun,A1
час,time,noun,A1
український,ukrainian,adjective,A1
країна,country,noun,A1
наш,ours,pronoun,A1
держава,country,noun,A1
один,one,numeral,A1
його,him,pronoun,A1
новий,new,adjective,A1
ще,yet,adverb,A1
державний,national,adjective,A1
могти,can,verb,A1
стати,stand,verb,A1
вже,already,adverb,A1
право,right,noun,A1
політичний,political,adjective,A1
закон,law,noun,A1
ви,you,pronoun,A1
питання,matter,noun,A1
також,also,adverb,A1
себе,oneself,pronoun,A1
себе,myself,pronoun,A1
перший,prime,adjective,A1
система,system,noun,A1
президент,president,noun,A1
хто,who,pronoun,A1
так,as,adverb,A1
проблема,problem,noun,A1
розвиток,development,noun,A1
справа,case,noun,A1
дуже,very,adverb,A1
великий,big,adjective,A1
життя,life,noun,A1
національний,national,adjective,A1
діяльність,activity,noun,A1
рішення,decision,noun,A1
тому,so,adverb,A1
процес,trial,noun,A1
орган,organ,noun,A1
суспільство,society,noun,A1
сьогодні,today,adverb,A1
де,where,adverb,A1
партія,party,noun,A1
працювати,work,verb,A1
світ,world,noun,A1
останній,last,adjective,A1
рівень,degree,noun,A1
раз,time,noun,A1
європейський,relating,adjective,A1
умова,treaty,noun,A1
більше,more,adverb,A1
тільки,only,adverb,A1
організація,organization,noun,A1
місце,point,noun,A1
особа,person,noun,A1
російський,russian,adjective,A1
можливість,opportunity,noun,A1
сказати,say,verb,A1
місцевий,local,adjective,A1
Росія,russia,noun,A1
міжнародний,international,adjective,A1
громадянин,citizen,noun,A1
слово,word,noun,A1
соціальний,social,adjective,A1
головний,main,adjective,A1
два,two,numeral,A1
ситуація,situation,noun,A1
тоді,then,adverb,A1
казати,say,verb,A1
вважати,believe,verb,A1
результат,product,noun,A1
Янукович,yanukovych,noun,A1
тут,here,adverb,A1
зміна,change,noun,A1
економічний,economic,adjective,A1
власний,proper,adjective,A1
програма,broadcast,noun,A1
сила,force,noun,A1
частина,piece,noun,A1
різний,different,adjective,A1
думка,point,noun,A1
зробити,do,verb,A1
який,what,pronoun,A1
мова,language,noun,A1
вибори,election,noun,A1
мій,mine,pronoun,A1
основний,essential,adjective,A1
історія,history,noun,A1
сфера,sphere,noun,A1
дія,action,noun,A1
рада,board,noun,A1
річ,thing,noun,A1
робити,work,verb,A1
певний,concrete,adjective,A1
всі,everyone,pronoun,A1
уряд,government,noun,A1
інтерес,interest,noun,A1
Київ,kyiv,noun,A1
Європа,europe,noun,A1
регіон,region,noun,A1
міністр,minister,noun,A1
другий,second,adjective,A1
оден,one,numeral,A1
депутат,deputy,noun,A1
правовий,legal,adjective,A1
ринок,market,noun,A1
реформа,reform,noun,A1
там,there,adverb,A1
інформація,information,noun,A1
участь,participation,noun,A1
сучасний,contemporary,adjective,A1
конституція,constitution,noun,A1
верховний,supreme,adjective,A1
уже,already,adverb,A1
земля,country,noun,A1
просто,straight,adverb,A1
будь-який,anyone,pronoun,A1
документ,paper,noun,A1
науковий,scientific,adjective,A1
захід,west,noun,A1
створення,creation,noun,A1
жодний,not,pronoun,A1
підприємство,company,noun,A1
кількість,quantity,noun,A1
почати,begin,verb,A1
отримати,acquire,verb,A1
нині,today,adverb,A1
інститут,school,noun,A1
конституційний,constitutional,adjective,A1
свобода,freedom,noun,A1
центр,nucleus,noun,A1
дати,give,verb,A1
не,not,adverb,A1
увага,attention,noun,A1
тисяча,thousand,noun,A1
представник,attorney,noun,A1
давати,give,verb,A1
говорити,say,verb,A1
більшість,majority,noun,A1
хотіти,want,verb,A1
економіка,economics,noun,A1
бік,side,noun,A1
наука,science,noun,A1
світовий,global,adjective,A1
управління,authority,noun,A1
кошт,cost,noun,A1
група,band,noun,A1
принцип,principle,noun,A1
українець,citizen,noun,A1
культура,culture,noun,A1
допомога,help,noun,A1
майже,almost,adverb,A1
майже,pretty,adverb,A1
захист,protection,noun,A1
тепер,currently,adverb,A1
гроші,money,noun,A1
населення,population,noun,A1
єдиний,only,adjective,A1
йога,yoga,noun,A1
відповідний,fit,adjective,A1
забезпечення,act,noun,A1
багато,plenty,adverb,A1
ціна,price,noun,A1
три,three,numeral,A1
Віктор,victor,noun,A1
мета,point,noun,A1
законодавство,legislation,noun,A1
завжди,always,adverb,A1
компанія,company,noun,A1
територія,premises,noun,A1
шлях,road,noun,A1
область,area,noun,A1
член,member,noun,A1
газ,gas,noun,A1
знати,know,verb,A1
форма,shape,noun,A1
початок,start,noun,A1
безпека,security,noun,A1
вищий,superior,adjective,A1
завдання,problem,noun,A1
нинішній,current,adjective,A1
Тимошенко,tymoshenko,noun,A1
відносини,term,noun,A1
університет,university,noun,A1
брати,take,verb,A1
народний,national,adjective,A1
загальний,general,adjective,A1
основа,stem,noun,A1
народ,nationality,noun,A1
потім,then,adverb,A1
ідея,idea,noun,A1
бюджет,budget,noun,A1
парламент,parliament,noun,A1
позиція,stand,noun,A1
ніхто,anyone,pronoun,A1
дослідження,analysis,noun,A1
потрібний,necessary,adjective,A1
щось,something,pronoun,A1
відповідно,accordingly,adverb,A1
радянський,pertaining,adjective,A1
випадок,case,noun,A1
стаття,article,noun,A1
норма,norm,noun,A1
комісія,committee,noun,A1
жити,dwell,verb,A1
важливий,important,adjective,A1
бачити,see,verb,A1
судовий,judicial,adjective,A1
посада,function,noun,A1
галузь,branch,noun,A1
віно,dowry,noun,A1
ніщо,nothing,pronoun,A1
більш,more,adverb,A1
існувати,exist,verb,A1
реалізація,realization,noun,A1
відбуватися,happen,verb,A1
стан,voice,noun,A1
тощо,et,adverb,A1
відомий,known,adjective,A1
бізнес,business,noun,A1
окремий,distinct,adjective,A1
структура,structure,noun,A1
боротьба,fight,noun,A1
досвід,experiment,noun,A1
ти,thou,pronoun,A1
то,that,pronoun,A1
фінансовий,financial,adjective,A1
ваш,yours,pronoun,A1
кандидат,candidate,noun,A1
внутрішній,interior,adjective,A1
досить,enough,adverb,A1
виробництво,production,noun,A1
лідер,leader,noun,A1
розуміти,see,verb,A1
високий,tall,adjective,A1
підтримка,support,noun,A1
відповідальність,responsibility,noun,A1
громадський,public,adjective,A1
учасник,participant,noun,A1
гривня,hryvnia,noun,A1
залишатися,rest,verb,A1
керівник,head,noun,A1
порядок,order,noun,A1
намагатися,attempt,verb,A1
період,period,noun,A1
том,volume,noun,A1
змогти,can,verb,A1
колоти,cleave,verb,A1
спільний,joint,adjective,A1
місяць,month,noun,A1
акт,act,noun,A1
усе,everything,pronoun,A1
наступний,next,adjective,A1
відбутися,happen,verb,A1
план,map,noun,A1
рука,hand,noun,A1
становити,place,verb,A1
особливо,particularly,adverb,A1
реальний,concrete,adjective,A1
проведення,verbal,noun,A1
союз,league,noun,A1
відповідати,answer,verb,A1
використання,exploitation,noun,A1
кодекс,code,noun,A1
повноваження,proxy,noun,A1
виконання,execution,noun,A1
йти,quit,verb,A1
межа,barrier,noun,A1
фонд,pool,noun,A1
суспільний,social,adjective,A1
праця,work,noun,A1
угода,deal,noun,A1
виборчий,electoral,adjective,A1
змінити,change,verb,A1
вимога,exigency,noun,A1
створити,create,verb,A1
писати,write,verb,A1
причина,cause,noun,A1
ресурс,asset,noun,A1
київський,kyivan,adjective,A1
хтось,someone,pronoun,A1
факт,fact,noun,A1
разом,together,adverb,A1
разом,along,adverb,A1
працівник,employee,noun,A1
рух,traffic,noun,A1
технологія,technology,noun,A1
засіб,means,noun,A1
теж,also,adverb,A1
мільйон,million,noun,A1
міський,urban,adjective,A1
будівництво,act,noun,A1
статус,status,noun,A1
автор,writer,noun,A1
піти,quit,verb,A1
думати,think,verb,A1
підготовка,preparation,noun,A1
міністерство,ministry,noun,A1
спосіб,means,noun,A1
можливо,perhaps,adverb,A1
склад,syllable,noun,A1
ставати,become,verb,A1
відсоток,percent,noun,A1
юридичний,legal,adjective,A1
демократія,democracy,noun,A1
формування,molding,noun,A1
значний,important,adjective,A1
комітет,board,noun,A1
якість,quality,noun,A1
механізм,mechanism,noun,A1
середній,neuter,adjective,A1
часто,often,adverb,A1
церква,church,noun,A1
вийти,exit,verb,A1
послуга,service,noun,A1
послуга,favor,noun,A1
проводити,lead,verb,A1
проводити,to,verb,A1
даний,given,adjective,A1
служба,employment,noun,A1
водночас,simultaneously,adverb,A1
Володимир,vladimir,noun,A1
століття,century,noun,A1
необхідний,essential,adjective,A1
керівництво,board,noun,A1
знайти,find,verb,A1
пов'язаний,associate,adjective,A1
наслідок,outcome,noun,A1
контроль,control,noun,A1
демократичний,democratic,adjective,A1
виходити,to,verb,A1
виходити,exit,verb,A1
зовнішній,exterior,adjective,A1
стосуватися,apply,verb,A1
рахунок,account,noun,A1
справді,indeed,adverb,A1
взагалі,generally,adverb,A1
заклад,institution,noun,A1
заклад,bet,noun,A1
знову,again,adverb,A1
криза,crisis,noun,A1
зовсім,quite,adverb,A1
будинок,building,noun,A1
діяти,act,verb,A1
опозиція,clash,noun,A1
правий,right,adjective,A1
колишній,former,adjective,A1
погляд,point,noun,A1
відповідь,answer,noun,A1
навчальний,educational,adjective,A1
школа,school,noun,A1
заявити,state,verb,A1
повний,complete,adjective,A1
термін,term,noun,A1
сторона,side,noun,A1
запитання,query,noun,A1
число,number,noun,A1
положення,thesis,noun,A1
законодавчий,legislative,adjective,A1
історичний,historical,adjective,A1
війна,war,noun,A1
порушення,verbal,noun,A1
студент,student,noun,A1
законопроект,bill,noun,A1
можливий,feasible,adjective,A1
обсяг,volume,noun,A1
третій,third,adjective,A1
кордон,boundary,noun,A1
джерело,spring,noun,A1
висновок,conclusion,noun,A1
кримінальний,criminal,adjective,A1
чин,rank,noun,A1
приклад,example,noun,A1
приклад,butt,noun,A1
минулий,last,adjective,A1
режим,regime,noun,A1
згідно,in,adverb,A1
інформаційний,informational,adjective,A1
цілком,right,adverb,A1
вирішити,solve,verb,A1
готовий,ready,adjective,A1
тема,subject,noun,A1
передбачати,forecast,verb,A1
роль,place,noun,A1
підстава,base,noun,A1
напрям,line,noun,A1
потребувати,need,verb,A1
стояти,stand,verb,A1
зростання,growth,noun,A1
незалежність,nationality,noun,A1
пенсія,pension,noun,A1
власність,property,noun,A1
виборець,voter,noun,A1
корупція,corruption,noun,A1
заява,advertisement,noun,A1
майбутній,next,adjective,A1
момент,second,noun,A1
належати,belong,verb,A1
вплив,impact,noun,A1
функція,function,noun,A1
особливий,distinct,adjective,A1
база,base,noun,A1
театр,theater,noun,A1
жінка,woman,noun,A1
самоврядування,self-government,noun,A1
цінність,worth,noun,A1
взяти,take,verb,A1
заступник,second,noun,A1
район,area,noun,A1
податок,tax,noun,A1
акція,stock,noun,A1
адміністративний,administrative,adjective,A1
характер,character,noun,A1
зрозуміти,understand,verb,A1
молодий,small,adjective,A1
практика,practice,noun,A1
приватний,private,adjective,A1
потреба,need,noun,A1
конкретний,concrete,adjective,A1
команда,crew,noun,A1
звісно,surely,adverb,A1
село,countryside,noun,A1
виявитися,turn,verb,A1
офіційний,official,adjective,A1
найбільший,utmost,adjective,A1
справжній,concrete,adjective,A1
прийти,come,verb,A1
вода,water,noun,A1
культурний,cultural,adjective,A1
перспектива,perspective,noun,A1
чиновник,official,noun,A1
підвищення,promotion,noun,A1
підхід,access,noun,A1
практично,practically,adverb,A1
сільський,rural,adjective,A1
мистецтво,art,noun,A1
крок,step,noun,A1
чоловік,man,noun,A1
займатися,pursue,verb,A1
попередній,previous,adjective,A1
пропозиція,offer,noun,A1
починати,begin,verb,A1
означати,signify,verb,A1
використовувати,utilise,verb,A1
раніше,before,adverb,A1
грудень,december,noun,A1
директор,director,noun,A1
освіта,education,noun,A1
подія,event,noun,A1
Москва,moscow,noun,A1
фактично,virtually,adverb,A1
значення,sense,noun,A1
подальший,further,adjective,A1
фахівець,ace,noun,A1
викликати,summon,verb,A1
прийняття,receipt,noun,A1
експерт,judge,noun,A1
відсутність,absence,noun,A1
насправді,actually,adverb,A1
охорона,guard,noun,A1
спеціальний,special,adjective,A1
установа,institution,noun,A1
ініціатива,initiative,noun,A1
виконувати,execute,verb,A1
модель,pattern,noun,A1
отримувати,get,verb,A1
свідчити,certify,verb,A1
журналіст,journalist,noun,A1
оцінка,mark,noun,A1
список,list,noun,A1
західний,western,adjective,A1
міра,measure,noun,A1
розгляд,trial,noun,A1
центральний,central,adjective,A1
робочий,labour,adjective,A1
необхідність,need,noun,A1
голос,voice,noun,A1
вид,species,noun,A1
далі,along,adverb,A1
здавати,to,verb,A1
ніколи,never,adverb,A1
американський,american,adjective,A1
значно,significantly,adverb,A1
побачити,see,verb,A1
розробка,development,noun,A1
вільний,free,adjective,A1
процедура,procedure,noun,A1
сприяти,assist,verb,A1
воно,it,pronoun,A1
концепція,conception,noun,A1
Микола,nicholas,noun,A1
об'єкт,entity,noun,A1
насамперед,first,adverb,A1
створювати,originate,verb,A1
регіональний,regional,adjective,A1
пропонувати,offer,verb,A1
визнати,acknowledge,verb,A1
львівський,lviv,adjective,A1
матеріал,material,noun,A1
Німеччина,germany,noun,A1
земельний,agrarian,adjective,A1
парламентський,parliamentary,adjective,A1
вимагати,demand,verb,A1
полягати,fall,verb,A1
кампанія,campaign,noun,A1
простір,room,noun,A1
правило,rule,noun,A1
око,eye,noun,A1
січень,january,noun,A1
гра,game,noun,A1
нація,nationality,noun,A1
здоров'я,health,noun,A1
провести,lead,verb,A1
засідання,meeting,noun,A1
забезпечити,ensure,verb,A1
добрий,delicious,adjective,A1
поняття,notion,noun,A1
суть,content,noun,A1
з'явитися,appear,verb,A1
поки,as,adverb,A1
поки,so,adverb,A1
навчання,maneuver,noun,A1
визначення,definition,noun,A1
називати,entitle,verb,A1
президентський,presidential,adjective,A1
майбутнє,future,noun,A1
перемога,victory,noun,A1
зміст,content,noun,A1
надавати,accord,verb,A1
вік,century,noun,A1
Іван,ivan,noun,A1
досягнення,achievement,noun,A1
вартість,cost,noun,A1
знання,science,noun,A1
малий,small,adjective,A1
Польща,poland,noun,A1
жаль,regret,noun,A1
змога,opportunity,noun,A1
книга,book,noun,A1
Сергій,sergius,noun,A1
долар,dollar,noun,A1
адміністрація,authority,noun,A1
чинник,factor,noun,A1
дві,two,numeral,A1
ставити,place,verb,A1
пан,sir,noun,A1
злочин,crime,noun,A1
застосування,application,noun,A1
назвати,name,verb,A1
призначення,appointment,noun,A1
серйозний,serious,adjective,A1
дитина,baby,noun,A1
за,for,adverb,A1
продукція,product,noun,A1
показник,indicator,noun,A1
листопад,november,noun,A1
революція,revolution,noun,A1
фінансування,verbal,noun,A1
правда,truth,noun,A1
книжка,book,noun,A1
ефективний,effective,adjective,A1
масовий,involving,adjective,A1
нарід,nationality,noun,A1
суб'єкт,subject,noun,A1
тиждень,week,noun,A1
варіант,option,noun,A1
визначати,name,verb,A1
привід,pretext,noun,A1
привід,bringing,noun,A1
столиця,capital,noun,A1
кінець,ending,noun,A1
важко,heavily,adverb,A1
вулиця,street,noun,A1
республіка,republic,noun,A1
кабінет,study,noun,A1
рамка,frame,noun,A1
технічний,technical,adjective,A1
стандарт,standard,noun,A1
цікавий,curious,adjective,A1
громада,community,noun,A1
співпраця,cooperation,noun,A1
давно,long,adverb,A1
комплекс,complex,noun,A1
чекати,wait,verb,A1
виконавчий,executive,adjective,A1
етап,leg,noun,A1
чинний,active,adjective,A1
конфлікт,conflict,noun,A1
іноземний,alien,adjective,A1
вигляд,look,noun,A1
професійний,professional,adjective,A1
активний,active,adjective,A1
незалежний,independent,adjective,A1
назва,name,noun,A1
особистий,individual,adjective,A1
менше,less,adverb,A1
метод,method,noun,A1
позитивний,positive,adjective,A1
залежати,depend,verb,A1
громадянський,civic,adjective,A1
пройти,pass,verb,A1
вибір,preference,noun,A1
жовтень,october,noun,A1
низка,row,noun,A1
виступати,project,verb,A1
середовище,environment,noun,A1
спроба,experiment,noun,A1
традиція,tradition,noun,A1
фільм,picture,noun,A1
стратегія,strategy,noun,A1
вести,lead,verb,A1
чотири,four,numeral,A1
бажання,desire,noun,A1
власник,owner,noun,A1
загроза,threat,noun,A1
підтримувати,encourage,verb,A1
зустріч,meeting,noun,A1
підприємець,businessman,noun,A1
кращий,better,adjective,A1
постійний,regular,adjective,A1
успіх,luck,noun,A1
величезний,enormous,adjective,A1
природний,natural,adjective,A1
існування,existence,noun,A1
академія,academy,noun,A1
об'єднання,league,noun,A1
об'єднання,union,noun,A1
голова,head,noun,A1
здійснення,verbal,noun,A1
медичний,medical,adjective,A1
вирішення,decision,noun,A1
постійно,permanently,adverb,A1
стверджувати,state,verb,A1
показати,point,verb,A1
музей,museum,noun,A1
мережа,network,noun,A1
поставити,query,verb,A1
це,it,pronoun,A1
господарство,economy,noun,A1
література,literature,noun,A1
очевидно,manifestly,adverb,A1
виникати,arise,verb,A1
пункт,point,noun,A1
спрямований,directional,adjective,A1
точка,point,noun,A1
п'ять,five,numeral,A1
подібний,similar,adjective,A1
продовжувати,continue,verb,A1
співробітництво,cooperation,noun,A1
наявність,presence,noun,A1
Франція,france,noun,A1
здійснювати,undertake,verb,A1
половина,half,noun,A1
найбільш,most,adverb,A1
доля,fortune,noun,A1
художник,artist,noun,A1
цілий,complete,adjective,A1
відкритий,open,adjective,A1
здатний,capable,adjective,A1
армія,army,noun,A1
прийняти,accept,verb,A1
стратегічний,strategic,adjective,A1
зрозуміло,of,adverb,A1
впливати,govern,verb,A1
спочатку,first,adverb,A1
аналіз,analysis,noun,A1
сподіватися,hope,verb,A1
сильний,strong,adjective,A1
шукати,seek,verb,A1
широкий,wide,adjective,A1
батьківщина,home,noun,A1
батьківщина,fatherland,noun,A1
вихід,exit,noun,A1
дозволити,let,verb,A1
згодом,afterwards,adverb,A1
приймати,accept,verb,A1
розмір,dimension,noun,A1
досі,yet,adverb,A1
явище,phenomenon,noun,A1
розповідати,tell,verb,A1
площа,square,noun,A1
тривати,last,verb,A1
інвестиція,investment,noun,A1
найкращий,top,adjective,A1
продукт,product,noun,A1
огляд,synopsis,noun,A1
розглядати,consider,verb,A1
текст,text,noun,A1
постанова,ordinance,noun,A1
зона,belt,noun,A1
читати,read,verb,A1
година,hour,noun,A1
допомогти,assist,verb,A1
забезпечувати,ensure,verb,A1
надто,too,adverb,A1
плата,payment,noun,A1
чітко,clearly,adverb,A1
професор,professor,noun,A1
товар,merchandise,noun,A1
ділянка,bed,noun,A1
запропонувати,to,verb,A1
розуміння,understanding,noun,A1
доводити,prove,verb,A1
ставлення,attitude,noun,A1
вірити,credit,verb,A1
намір,design,noun,A1
покоління,generation,noun,A1
по-перше,first,adverb,A1
добре,right,adverb,A1
ядерний,nuclear,adjective,A1
майдан,square,noun,A1
природа,nature,noun,A1
видати,publish,verb,A1
категорія,category,noun,A1
менш,less,adverb,A1
обставина,circumstance,noun,A1
повернутися,return,verb,A1
обов'язок,debt,noun,A1
дохід,revenue,noun,A1
тенденція,tendency,noun,A1
кредит,credit,noun,A1
кредит,loan,noun,A1
німецький,of,adjective,A1
правити,rule,verb,A1
герой,person,noun,A1
звернутися,address,verb,A1
зарплата,wage,noun,A1
міліція,police,noun,A1
любити,love,verb,A1
польський,polish,adjective,A1
дорога,road,noun,A1
зусилля,effort,noun,A1
рідний,native,adjective,A1
ціль,point,noun,A1
мільярд,billion,noun,A1
регулювання,regulation,noun,A1
творчий,creative,adjective,A1
додатковий,additional,adjective,A1
дитячий,childish,adjective,A1
інвестор,investor,noun,A1
неможливо,impossibly,adverb,A1
ознака,characteristic,noun,A1
найближчий,immediate,adjective,A1
треба,rite,noun,A1
Андрій,andrew,noun,A1
елемент,element,noun,A1
Китай,china,noun,A1
гарантія,guarantee,noun,A1
визначити,name,verb,A1
партнер,partner,noun,A1
засада,ambush,noun,A1
капітал,capital,noun,A1
конкурс,competition,noun,A1
людський,humane,adjective,A1
фізичний,physical,adjective,A1
дозволяти,let,verb,A1
переважно,mainly,adverb,A1
сенс,sense,noun,A1
платити,pay,verb,A1
особливість,feature,noun,A1
збільшення,magnification,noun,A1
входити,to,verb,A1
входити,enter,verb,A1
генеральний,general,adjective,A1
письменник,writer,noun,A1
складний,hard,adjective,A1
абсолютно,perfectly,adverb,A1
вересень,september,noun,A1
клас,year,noun,A1
нарешті,finally,adverb,A1
черговий,regular,adjective,A1
березень,march,noun,A1
здійснюватися,to,verb,A1
твір,writing,noun,A1
публічний,public,adjective,A1
трохи,slightly,adverb,A1
торгівля,trade,noun,A1
належний,proper,adjective,A1
газета,newspaper,noun,A1
матеріальний,material,adjective,A1
інтеграція,integration,noun,A1
пошук,search,noun,A1
частка,particle,noun,A1
родина,family,noun,A1
Роман,roman,noun,A1
інструмент,tool,noun,A1
надати,afford,verb,A1
операція,operation,noun,A1
проходити,pass,verb,A1
перевага,preference,noun,A1
доступ,access,noun,A1
фракція,faction,noun,A1
глобальний,global,adjective,A1
навпаки,rather,adverb,A1
лікар,leech,noun,A1
друг,friend,noun,A1
шанс,opportunity,noun,A1
Крим,crimea,noun,A1
важливо,importantly,adverb,A1
кафедра,pulpit,noun,A1
Михайло,michael,noun,A1
живий,living,adjective,A1
територіальний,territorial,adjective,A1
рейтинг,rating,noun,A1
асоціація,association,noun,A1
енергетичний,energetic,adjective,A1
колись,once,adverb,A1
по-друге,secondly,adverb,A1
написати,write,verb,A1
прибуток,benefit,noun,A1
схема,plan,noun,A1
протест,protest,noun,A1
Євросоюз,european,noun,A1
десять,ten,numeral,A1
допомагати,assist,verb,A1
іти,walk,verb,A1
потенціал,potential,noun,A1
повністю,quite,adverb,A1
негативний,negative,adjective,A1
ефективність,efficiency,noun,A1
повідомити,announce,verb,A1
ставитися,to,verb,A1
втрата,loss,noun,A1
набагато,much,adverb,A1
реформування,verbal,noun,A1
предмет,subject,noun,A1
газовий,gaseous,adjective,A1
чіткий,distinct,adjective,A1
активно,actively,adverb,A1
тиск,pressure,noun,A1
швидко,quickly,adverb,A1
пріоритет,priority,noun,A1
згадати,name,verb,A1
чорний,black,adjective,A1
принаймні,at,adverb,A1
втратити,lose,verb,A1
довіра,trust,noun,A1
наскільки,how,adverb,A1
зброя,weapon,noun,A1
прямий,right,adjective,A1
видання,issue,noun,A1
вирішувати,solve,verb,A1
схід,east,noun,A1
Інтернет,the,noun,A1
сектор,sector,noun,A1
передусім,first,adverb,A1
звернення,treatment,noun,A1
квітень,april,noun,A1
контекст,context,noun,A1
еліта,elite,noun,A1
зростати,increase,verb,A1
машина,car,noun,A1
практичний,practical,adjective,A1
визнання,credit,noun,A1
нагадати,remind,verb,A1
травень,may,noun,A1
голосування,vote,noun,A1
картина,picture,noun,A1
вперше,for,adverb,A1
Дмитро,demetrius,noun,A1
наприкінці,at,adverb,A1
тип,kind,noun,A1
духовний,spiritual,adjective,A1
будувати,construct,verb,A1
споживач,user,noun,A1
приблизно,about,adverb,A1
цивільний,civil,adjective,A1
виступ,performance,noun,A1
наразі,so,adverb,A1
розвиватися,develop,verb,A1
конференція,conference,noun,A1
пояснити,explain,verb,A1
поведінка,behavior,noun,A1
бувати,haunt,verb,A1
дружина,wife,noun,A1
ключовий,key,adjective,A1
відчувати,feel,verb,A1
враховувати,to,verb,A1
французький,french,adjective,A1
закордонний,foreign,adjective,A1
зобов'язання,debt,noun,A1
навряд,unlikely,adverb,A1
прокуратура,prosecution,noun,A1
надзвичайно,extraordinarily,adverb,A1
підтримати,support,verb,A1
Василь,basil,noun,A1
узяти,take,verb,A1
планувати,intend,verb,A1
розв'язання,solution,noun,A1
виключно,rarely,adverb,A1
владний,authoritative,adjective,A1
грати,act,verb,A1
збиратися,gather,verb,A1
майно,asset,noun,A1
колектив,crew,noun,A1
сумнів,qualm,noun,A1
вважатися,passive,verb,A1
дані,data,noun,A1
комунальний,communal,adjective,A1
куди,where,adverb,A1
творчість,oeuvre,noun,A1
товариство,company,noun,A1
потужний,powerful,adjective,A1
складатися,consist,verb,A1
визначений,definite,adjective,A1
любов,love,noun,A1
військо,army,noun,A1
повернення,comeback,noun,A1
росіянин,russian,noun,A1
господарський,landlord,adjective,A1
господарський,economic,adjective,A1
сотня,company,noun,A1
громадськість,public,noun,A1
обмеження,restriction,noun,A1
коаліція,coalition,noun,A1
південний,southern,adjective,A1
спробувати,taste,verb,A1
дедалі,further,adverb,A1
декларація,declaration,noun,A1
начальник,boss,noun,A1
досягти,achieve,verb,A1
провідний,conductive,adjective,A1
продаж,sale,noun,A1
східний,eastern,adjective,A1
збереження,conservation,noun,A1
кожний,everybody,pronoun,A1
червень,june,noun,A1
отримання,receipt,noun,A1
ризик,risk,noun,A1
смерть,death,noun,A1
зрештою,eventually,adverb,A1
контракт,contract,noun,A1
особисто,personally,adverb,A1
переконаний,convinced,adjective,A1
сцена,stage,noun,A1
боротися,struggle,verb,A1
відкриття,revelation,noun,A1
достатньо,enough,adverb,A1
запровадження,verbal,noun,A1
космічний,cosmic,adjective,A1
підсумок,total,noun,A1
підсумок,pouch,noun,A1
московський,muscovite,adjective,A1
далеко,far,adverb,A1
донецький,donets,adjective,A1
аспект,aspect,noun,A1
теорія,theory,noun,A1
відмовити,to,verb,A1
маленький,small,adjective,A1
помаранчевий,orange,adjective,A1
тривалий,long,adjective,A1
Петро,peter,noun,A1
апарат,apparatus,noun,A1
модернізація,modernization,noun,A1
поле,field,noun,A1
серце,heart,noun,A1
безпосередньо,right,adverb,A1
приміщення,premise,noun,A1
традиційний,traditional,adjective,A1
якось,somehow,adverb,A1
пам'ятати,remember,verb,A1
функціонування,verbal,noun,A1
звичайний,regular,adjective,A1
діалог,dialogue,noun,A1
моральний,moral,adjective,A1
Анатолій,anatoli,noun,A1
свідомість,consciousness,noun,A1
борг,debt,noun,A1
нещодавно,recently,adverb,A1
чужий,alien,adjective,A1
син,son,noun,A1
червоний,red,adjective,A1
напевно,definitely,adverb,A1
вступ,accession,noun,A1
дискусія,debate,noun,A1
низький,low,adjective,A1
журнал,magazine,noun,A1
фірма,company,noun,A1
відміна,declension,noun,A1
енергія,power,noun,A1
найвищий,superlative,adjective,A1
довго,for,adverb,A1
мер,mayor,noun,A1
опинитися,end,verb,A1
ходити,walk,verb,A1
житель,citizen,noun,A1
звертатися,address,verb,A1
жертва,casualty,noun,A1
Лев,leo,noun,A1
житло,accommodation,noun,A1
зниження,decline,noun,A1
науковець,scientist,noun,A1
обговорення,discussion,noun,A1
боятися,feel,verb,A1
промисловість,industry,noun,A1
якісний,quality,adjective,A1
додати,to,verb,A1
екологічний,ecological,adjective,A1
повертати,turn,verb,A1
харківський,kharkiv,adjective,A1
пам'ять,mind,noun,A1
пісня,song,noun,A1
Америка,america,noun,A1
внесок,investment,noun,A1
особистість,identity,noun,A1
шість,six,numeral,A1
банківський,bank,adjective,A1
містити,comprise,verb,A1
ринковий,market,adjective,A1
встановлення,verbal,noun,A1
читач,reader,noun,A1
виставка,show,noun,A1
виглядати,look,verb,A1
зібрати,collect,verb,A1
указ,ordinance,noun,A1
унікальний,unique,adjective,A1
користуватися,put,verb,A1
нормальний,regular,adjective,A1
конвенція,convention,noun,A1
липень,july,noun,A1
мінімум,minimum,noun,A1
порівняно,comparatively,adverb,A1
вивчення,study,noun,A1
успішний,successful,adjective,A1
промисловий,industrial,adjective,A1
розширення,expansion,noun,A1
штат,state,noun,A1
папір,paper,noun,A1
решта,change,noun,A1
менший,lesser,adjective,A1
Путін,putin,noun,A1
відкрити,open,verb,A1
сидіти,of,verb,A1
художній,artistic,adjective,A1
ухвалення,verbal,noun,A1
швидше,rather,adverb,A1
зазвичай,usually,adverb,A1
мешканець,citizen,noun,A1
правління,board,noun,A1
фестиваль,festival,noun,A1
перелік,list,noun,A1
свято,festival,noun,A1
ідеологія,ideology,noun,A1
електронний,electronic,adjective,A1
потік,flow,noun,A1
юстиція,justice,noun,A1
мовити,to,verb,A1
повернути,turn,verb,A1
показувати,point,verb,A1
стабільність,stability,noun,A1
квартира,apartment,noun,A1
становище,condition,noun,A1
хороший,handsome,adjective,A1
відразу,promptly,adverb,A1
чути,hear,verb,A1
близький,close,adjective,A1
згадувати,name,verb,A1
голосувати,vote,verb,A1
обіцяти,promise,verb,A1
одночасно,simultaneously,adverb,A1
лікування,medicine,noun,A1
наголосити,accentuate,verb,A1
обличчя,face,noun,A1
очікувати,wait,verb,A1
ряд,row,noun,A1
приходити,come,verb,A1
зазначати,to,verb,A1
очевидний,apparent,adjective,A1
зберегти,preserve,verb,A1
спільнота,community,noun,A1
розслідування,investigation,noun,A1
скорочення,abbreviation,noun,A1
довести,to,verb,A1
залучення,verbal,noun,A1
нести,bear,verb,A1
купувати,buy,verb,A1
надія,hope,noun,A1
серпень,august,noun,A1
дійти,arrive,verb,A1
перехід,crossing,noun,A1
премія,award,noun,A1
доволі,quite,adverb,A1
співробітник,colleague,noun,A1
враження,impression,noun,A1
сайт,website,noun,A1
десь,somewhere,adverb,A1
готувати,cook,verb,A1
рівний,flat,adjective,A1
численний,numerous,adjective,A1
минуле,past,noun,A1
перевірка,verification,noun,A1
викладач,teacher,noun,A1
глядач,viewer,noun,A1
інфраструктура,infrastructure,noun,A1
їхати,ride,verb,A1
критерій,criterion,noun,A1
передача,broadcast,noun,A1
блок,block,noun,A1
обов'язковий,compulsory,adjective,A1
своєрідний,singular,adjective,A1
стіл,table,noun,A1
дотримання,adherence,noun,A1
масштаб,scale,noun,A1
посадовий,official,adjective,A1
прокурор,prosecutor,noun,A1
цифра,number,noun,A1
відновлення,reconstruction,noun,A1
оренда,rent,noun,A1
слід,trail,noun,A1
інвестиційний,investment,adjective,A1
лютий,february,noun,A1
реалізувати,realize,verb,A1
спілкування,communication,noun,A1
невеликий,small,adjective,A1
освітній,educational,adjective,A1
тариф,tariff,noun,A1
виробник,producer,noun,A1
референдум,referendum,noun,A1
учень,pupil,noun,A1
визначатися,to,verb,A1
імперія,empire,noun,A1
лінія,line,noun,A1
поява,apparition,noun,A1
білий,white,adjective,A1
найбільше,most,adverb,A1
Одеса,odessa,noun,A1
англійський,english,adjective,A1
іще,yet,adverb,A1
лікарня,hospital,noun,A1
відтак,then,adverb,A1
виняток,exception,noun,A1
експорт,the,noun,A1
наявний,present,adjective,A1
актуальний,actual,adjective,A1
сільськогосподарський,agricultural,adjective,A1
виконати,execute,verb,A1
закликати,invoke,verb,A1
хвороба,disease,noun,A1
сім,seven,numeral,A1
строк,time,noun,A1
перейти,pass,verb,A1
взаємодія,interaction,noun,A1
змінювати,change,verb,A1
напрямок,line,noun,A1
розподіл,distribution,noun,A1
жорсткий,hard,adjective,A1
легко,easily,adverb,A1
почути,hear,verb,A1
всеукраїнський,all-ukrainian,adjective,A1
станція,station,noun,A1
пенсіонер,pensioner,noun,A1
розрахунок,calculation,noun,A1
селянин,villager,noun,A1
віра,doctrine,noun,A1
дефіцит,deficit,noun,A1
нафта,oil,noun,A1
схожий,similar,adjective,A1
телебачення,television,noun,A1
ухвалити,to,verb,A1
діяч,doer,noun,A1
доба,day,noun,A1
дух,ghost,noun,A1
системний,systemic,adjective,A1
встановити,set,verb,A1
зацікавлений,interested,adjective,A1
подати,to,verb,A1
реакція,reaction,noun,A1
обов'язково,necessarily,adverb,A1
включати,incorporate,verb,A1
дорогий,dear,adjective,A1
дослідник,researcher,noun,A1
захищати,defend,verb,A1
мінімальний,minimal,adjective,A1
щастя,fortune,noun,A1
транспорт,transportation,noun,A1
віддати,give,verb,A1
фронт,front,noun,A1
висловити,express,verb,A1
керувати,control,verb,A1
суверенітет,sovereignty,noun,A1
контролювати,control,verb,A1
наказ,order,noun,A1
іноді,sometimes,adverb,A1
торік,last,adverb,A1
відділ,division,noun,A1
відділ,faculty,noun,A1
дещо,something,pronoun,A1
інтелектуальний,intellectual,adjective,A1
стільки,so,adverb,A1
гість,visitor,noun,A1
єдність,unity,noun,A1
канал,canal,noun,A1
вивчати,learn,verb,A1
задоволення,pleasure,noun,A1
зразок,pattern,noun,A1
молодь,youth,noun,A1
правильний,regular,adjective,A1
просити,ask,verb,A1
рід,stem,noun,A1
обмін,exchange,noun,A1
підписати,to,verb,A1
відмова,abandonment,noun,A1
кіно,picture,noun,A1
нагадувати,remind,verb,A1
народитися,be,verb,A1
сталий,constant,adjective,A1
ціле,whole,noun,A1
голодомор,famine,noun,A1
перевищувати,surpass,verb,A1
передати,broadcast,verb,A1
прагнення,aspiration,noun,A1
ворог,enemy,noun,A1
ліквідація,liquidation,noun,A1
оборона,protection,noun,A1
справедливість,justice,noun,A1
звільнення,emancipation,noun,A1
поет,poet,noun,A1
відомство,department,noun,A1
потужність,power,noun,A1
морський,marine,adjective,A1
очолювати,head,verb,A1
сценарій,scenario,noun,A1
автомобіль,car,noun,A1
дивно,surprisingly,adverb,A1
дозвіл,leave,noun,A1
експертиза,expert,noun,A1
православний,orthodox,adjective,A1
знаходитися,passive,verb,A1
людство,humanity,noun,A1
релігійний,religious,adjective,A1
володіти,own,verb,A1
дійсно,actually,adverb,A1
доктор,leech,noun,A1
конкуренція,competition,noun,A1
настільки,as,adverb,A1
перебування,stay,noun,A1
стіна,wall,noun,A1
гуманітарний,humane,adjective,A1
місія,quest,noun,A1
обладнання,hardware,noun,A1
обладнання,verbal,noun,A1
поступово,gradually,adverb,A1
табір,camp,noun,A1
чий,whose,pronoun,A1
використовуватися,passive,verb,A1
прихильник,supporter,noun,A1
сторінка,page,noun,A1
членство,membership,noun,A1
рекомендація,reference,noun,A1
спеціаліст,specialist,noun,A1
сприймати,perceive,verb,A1
технологічний,technological,adjective,A1
актор,actor,noun,A1
виступити,to,verb,A1
комерційний,commercial,adjective,A1
обирати,to,verb,A1
паливо,fuel,noun,A1
федерація,federation,noun,A1
аргумент,argument,noun,A1
душа,spirit,noun,A1
житловий,residential,adjective,A1
надалі,further,adverb,A1
обрати,to,verb,A1
реєстрація,registration,noun,A1
актив,asset,noun,A1
гасло,password,noun,A1
метр,metre,noun,A1
режисер,director,noun,A1
забути,forget,verb,A1
посилення,gain,noun,A1
урядовий,governmental,adjective,A1
судити,to,verb,A1
вистава,show,noun,A1
хвилина,minute,noun,A1
Юлія,julia,noun,A1
бог,god,noun,A1
виклик,challenge,noun,A1
повідомлення,report,noun,A1
відповідність,correspondence,noun,A1
представляти,introduce,verb,A1
прямо,right,adverb,A1
інтерв'ю,interview,noun,A1
успішно,fortunately,adverb,A1
аналогічний,analogous,adjective,A1
гарний,handsome,adjective,A1
дім,building,noun,A1
ступінь,degree,noun,A1
здобути,acquire,verb,A1
реклама,advertisement,noun,A1
далекий,remote,adjective,A1
дотримуватися,follow,verb,A1
оцінювати,appreciate,verb,A1
поганий,bad,adjective,A1
уявити,fancy,verb,A1
форум,forum,noun,A1
підрозділ,division,noun,A1
правосуддя,justice,noun,A1
складно,complicatedly,adverb,A1
четвертий,fourth,adjective,A1
відчуття,sense,noun,A1
номер,number,noun,A1
оголосити,announce,verb,A1
пояснювати,explain,verb,A1
сесія,session,noun,A1
гадати,to,verb,A1
поточний,current,adjective,A1
стиль,stylus,noun,A1
туди,thither,adverb,A1
киянин,kyivan,noun,A2
розвинений,developed,adjective,A2
сьогоднішній,today,adjective,A2
набути,acquire,verb,A2
нормативний,normative,adjective,A2
проголосувати,vote,verb,A2
відзначити,distinguish,verb,A2
відповідальний,responsible,adjective,A2
прогноз,forecast,noun,A2
чому,why,adverb,A2
втрачати,lose,verb,A2
збройний,armed,adjective,A2
маса,mass,noun,A2
скарга,complaint,noun,A2
багатий,abundant,adjective,A2
зрозумілий,comprehensible,adjective,A2
вчений,learned,adjective,A2
організм,organism,noun,A2
різноманітний,diverse,adjective,A2
глибокий,deep,adjective,A2
об'єктивний,objective,adjective,A2
доказ,proof,noun,A2
завершення,ending,noun,A2
козак,cossack,noun,A2
чистий,clean,adjective,A2
важкий,hard,adjective,A2
міст,bridge,noun,A2
море,sea,noun,A2
утворення,verbal,noun,A2
Грузія,georgia,noun,A2
дата,date,noun,A2
золотий,golden,adjective,A2
навіщо,why,adverb,A2
народження,birth,noun,A2
подивитися,look,verb,A1
приїхати,come,verb,A1
швидкий,fast,adjective,A2
заявляти,state,verb,A2
історик,historian,noun,A2
Італія,italy,noun,A2
комуніст,person,noun,A2
мама,ma,noun,A2
організатор,organizer,noun,A2
лежати,lie,verb,A2
катастрофа,accident,noun,A2
прізвище,surname,noun,A2
розпочатися,to,verb,A2
реальність,reality,noun,A2
життєвий,vital,adjective,A2
закупівля,purchase,noun,A2
змінюватися,change,verb,A2
мир,peace,noun,A2
перемогти,win,verb,A2
перетворення,transformation,noun,A2
протокол,minute,noun,A2
старий,old,adjective,A2
Харків,kharkiv,noun,A2
візит,call,noun,A1
вкрай,extremely,adverb,A2
законний,legal,adjective,A2
факультет,school,noun,A1
подавати,serve,verb,A2
споживання,verbal,noun,A2
спостерігати,watch,verb,A2
валютний,pecuniary,adjective,A2
символ,symbol,noun,A2
аграрний,agricultural,adjective,A2
бібліотека,library,noun,A2
виявлятися,turn,verb,A2
застосовувати,apply,verb,A2
колективний,collective,adjective,A2
мрія,dream,noun,A2
розглядатися,to,verb,A2
хвиля,wave,noun,A2
базовий,basic,adjective,A2
відрізнятися,differ,verb,A2
грошовий,pecuniary,adjective,A2
домовленість,agreement,noun,A2
бойовий,militant,adjective,A2
десятиліття,decade,noun,A2
настрій,mind,noun,A2
перетворитися,to,verb,A2
продавати,sell,verb,A2
зменшення,verbal,noun,A2
край,country,noun,A2
небезпечний,dangerous,adjective,A2
правильно,properly,adverb,A2
запитати,ask,verb,A1
незалежно,independently,adverb,A2
тримати,hold,verb,A2
будівля,building,noun,A2
вдавати,pretend,verb,A2
відчути,feel,verb,A1
остаточний,ultimate,adjective,A2
потенційний,potential,adjective,A2
поширення,expansion,noun,A2
різниця,difference,noun,A2
формуватися,to,verb,A2
версія,version,noun,A2
обраний,chosen,adjective,A2
проти,against,adverb,A2
Сталін,stalin,noun,A2
навколишній,surrounding,adjective,A2
пакет,package,noun,A2
подобатися,appeal,verb,A2
прохання,petition,noun,A2
розробити,to,verb,A2
сум,spleen,noun,A2
чудовий,amazing,adjective,A2
існуючий,existent,adjective,A2
валюта,currency,noun,A2
вище,hereinbefore,adverb,A2
виявити,discover,verb,A2
ефект,effect,noun,A2
знаходити,find,verb,A1
китайський,chinese,adjective,A2
північний,northerly,adjective,A2
столичний,metropolitan,adjective,A2
яскравий,bright,adjective,A2
випускник,graduate,noun,A2
навчатися,learn,verb,A2
незаконний,crooked,adjective,A2
опонент,opponent,noun,A2
виховання,verbal,noun,A2
виховання,education,noun,A2
літературний,literary,adjective,A2
прийом,method,noun,A2
складати,compose,verb,A2
вчитель,teacher,noun,A2
дорожній,road,adjective,A2
майстер,artist,noun,A2
оплата,toll,noun,A2
сімейний,familial,adjective,A2
Японія,japan,noun,A2
готуватися,prepare,verb,A2
інституція,institution,noun,A2
класичний,classical,adjective,A2
нога,leg,noun,A2
починатися,begin,verb,A2
спорт,sport,noun,A2
увійти,enter,verb,A2
уявлення,imagination,noun,A2
честь,glory,noun,A2
безліч,array,noun,A2
самостійно,independently,adverb,A2
відставка,resignation,noun,A2
персональний,personal,adjective,A2
видатний,outstanding,adjective,A2
експлуатація,exploitation,noun,A2
купити,buy,verb,A2
психологічний,psychological,adjective,A2
розділ,division,noun,A2
ідеологічний,ideological,adjective,A2
підкреслити,emphasize,verb,A2
протистояння,confrontation,noun,A2
істотний,essential,adjective,A2
баланс,equilibrium,noun,A2
інноваційний,innovative,adjective,A2
розпорядження,order,noun,A2
брат,brother,noun,A2
хлопець,boy,noun,A1
індивідуальний,individual,adjective,A2
переконання,conviction,noun,A2
дехто,somebody,pronoun,A2
службовий,official,adjective,A2
безумовно,certainly,adverb,A2
вміти,can,verb,A2
згода,accord,noun,A2
мовний,linguistic,adjective,A2
старший,senior,adjective,A2
тимчасовий,temporal,adjective,A2
бажати,want,verb,A1
дніпропетровський,dnipropetrovsk,adjective,A2
митний,customs,adjective,A2
подолання,overcoming,noun,A2
покарання,penalty,noun,A2
темп,tempo,noun,A2
меншина,minority,noun,A2
набувати,acquire,verb,A2
дізнатися,to,verb,A2
клуб,club,noun,A2
обіцянка,pledge,noun,A2
вірш,rhyme,noun,A2
ремонт,renovation,noun,A2
вистачати,suffice,verb,A2
концерт,concert,noun,A2
побудова,construction,noun,A2
кримський,crimean,adjective,A2
безпосередній,straight,adjective,A2
лише,only,adverb,A2
пацієнт,patient,noun,A2
ректор,principal,noun,A2
риса,feature,noun,A2
активність,activity,noun,A2
дорослий,adult,adjective,A2
залежність,addiction,noun,A2
звіт,account,noun,A2
здатність,capacity,noun,A2
порт,port,noun,A2
сутність,nature,noun,A2
дивний,weird,adjective,A2
стать,gender,noun,A2
суто,satisfyingly,adverb,A2
якраз,just,adverb,A2
випробування,verbal,noun,A2
випробування,test,noun,A2
збільшити,increase,verb,A2
новітній,latest,adjective,A2
організований,organized,adjective,A2
поділ,division,noun,A2
теза,thesis,noun,A2
цивілізація,civilization,noun,A2
вплинути,affect,verb,A2
зняти,shoot,verb,A2
одиниця,unit,noun,A2
оподаткування,taxation,noun,A2
попит,demand,noun,A2
цінний,valuable,adjective,A2
епоха,age,noun,A2
спілка,craft,noun,A2
характеристика,characteristic,noun,A2
гарантувати,undertake,verb,A2
пані,lady,noun,A2
після,later,adverb,A2
спілкуватися,associate,verb,A2
виробничий,production,adjective,A2
відіграти,to,verb,A2
з'являтися,appear,verb,A2
мирний,peaceful,adjective,A2
наголошувати,accentuate,verb,A2
скласти,compose,verb,A2
собор,cathedral,noun,A2
страх,fear,noun,A2
фундаментальний,fundamental,adjective,A2
запровадити,introduce,verb,A2
коментар,comment,noun,A2
кредитний,credit,adjective,A2
литвин,litvin,noun,A2
музичний,musical,adjective,A2
чесний,fair,adjective,A2
щороку,yearly,adverb,A2
електроенергія,power,noun,A2
точно,sharp,adverb,A2
скасувати,abolish,verb,A2
академік,academician,noun,A2
Британія,britain,noun,A2
бізнесмен,businessman,noun,A2
вдосконалення,improvement,noun,A2
залишати,leave,verb,A1
літак,airplane,noun,A2
публікація,publication,noun,A2
секретар,secretary,noun,A2
справедливий,fair,adjective,A2
зайвий,superfluous,adjective,A2
інколи,sometimes,adverb,A2
передавати,broadcast,verb,A2
партнерство,partnership,noun,A2
переможець,winner,noun,A2
почуття,sense,noun,A2
агентство,agency,noun,A2
замовлення,order,noun,A2
інвалід,cripple,noun,A2
привести,bring,verb,A2
самостійний,independent,adjective,A2
фінанси,finance,noun,A2
заборона,ban,noun,A2
захистити,defend,verb,A2
називатися,be,verb,A1
давній,bygone,adjective,A2
ніч,night,noun,A1
поставка,act,noun,A2
середина,inside,noun,A2
бракувати,lack,verb,A2
губернатор,governor,noun,A2
розраховувати,rely,verb,A2
спостерігатися,to,verb,A2
теоретичний,theoretical,adjective,A2
профспілка,trade,noun,A2
характерний,characteristic,adjective,A2
цікавити,interest,verb,A2
зайняти,occupy,verb,A2
конкурент,rival,noun,A2
небезпека,threat,noun,A2
оцінити,appraise,verb,A2
порушувати,violate,verb,A2
спадщина,estate,noun,A2
юрисдикція,jurisdiction,noun,A2
енергетика,energetics,noun,A2
зберігати,save,verb,A2
офіційно,officially,adverb,A2
пам'ятник,memorial,noun,A2
Угорщина,hungary,noun,A2
звідки,whence,adverb,A2
звідки,where,adverb,A2
медицина,medicine,noun,A2
округ,county,noun,A2
округ,neighborhood,noun,A2
остаточно,finally,adverb,A2
виникнення,emergence,noun,A2
протидія,opposition,noun,A2
винний,guilty,adjective,A2
запас,store,noun,A2
захоплення,hobby,noun,A2
здебільшого,mostly,adverb,A2
виграти,win,verb,A2
прогрес,progress,noun,A2
ставка,bet,noun,A2
альянс,alliance,noun,A2
двері,door,noun,A1
завод,factory,noun,A2
комуністичний,communist,adjective,A2
неодноразово,more,adverb,A2
вечір,evening,noun,A2
гідний,worthy,adjective,A2
неможливий,impossible,adjective,A2
впевнений,confident,adjective,A2
обмежений,finite,adjective,A2
організаційний,organizational,adjective,A2
перегляд,review,noun,A2
повага,respect,noun,A2
слава,glory,noun,A2
саміт,summit,noun,A2
храм,temple,noun,A2
штаб,staff,noun,A2
використати,harness,verb,A2
гілка,twig,noun,A2
зірка,star,noun,A2
підтвердити,corroborate,verb,A2
плюс,plus,noun,A2
відверто,frankly,adverb,A2
забувати,forget,verb,A2
міф,myth,noun,A2
походження,provenance,noun,A2
туризм,tourism,noun,A2
часом,sometimes,adverb,A2
гектар,hectare,noun,A2
розвивати,develop,verb,A2
церковний,ecclesiastical,adjective,A2
чоло,forehead,noun,A2
виконавець,accomplisher,noun,A2
клієнт,client,noun,A2
організувати,arrange,verb,A2
приватизація,privatization,noun,A2
раптом,suddenly,adverb,A2
удар,blow,noun,A2
збирати,save,verb,A2
весь,all,pronoun,A2
довгий,long,adjective,A2
підручник,textbook,noun,A2
пільга,privilege,noun,A2
робитися,happen,verb,A2
тварина,animal,noun,A2
відділення,division,noun,A2
дерево,tree,noun,A2
ніж,knife,noun,A2
позов,claim,noun,A2
професія,occupation,noun,A2
роботодавець,employer,noun,A2
додавати,to,verb,A2
корпус,corpus,noun,A2
померти,die,verb,A2
співтовариство,community,noun,A2
сто,hundred,numeral,A2
надзвичайний,extraordinary,adjective,A2
хліб,bread,noun,A2
компетенція,capacity,noun,A2
очолити,head,verb,A2
тіло,flesh,noun,A2
процесуальний,processual,adjective,A2
комунікація,communication,noun,A2
носій,carrier,noun,A2
повноцінний,full,adjective,A2
твій,yours,pronoun,A2
відсутній,absent,adjective,A2
короткий,brief,adjective,A2
один,alone,adverb,A2
продовження,continuation,noun,A2
реєстр,inventory,noun,A2
уникнути,escape,verb,A2
білоруський,belarusian,adjective,A2
Львів,lviv,noun,A2
масштабний,large-scale,adjective,A2
повірити,credit,verb,A2
поляк,pole,noun,A2
розумний,cute,adjective,A2
Севастополь,sevastopol,noun,A2
сполучений,united,adjective,A2
сусідній,neighboring,adjective,A2
трагедія,tragedy,noun,A2
асамблея,assembly,noun,A2
етнічний,ethnic,adjective,A2
збір,duty,noun,A2
препарат,preparation,noun,A2
сировина,staple,noun,A2
третина,third,noun,A2
безперечно,incontestably,adverb,A2
гострий,hot,adjective,A2
доктрина,doctrine,noun,A2
новина,novelty,noun,A2
спеціалізований,specialized,adjective,A2
спір,argument,noun,A2
харчування,food,noun,A1
навантаження,workload,noun,A2
однаковий,same,adjective,A2
Олексій,alexius,noun,A2
видаток,expense,noun,A2
захворювання,disease,noun,A2
мітинг,protest,noun,A2
флот,navy,noun,A2
бій,engagement,noun,A2
відкривати,open,verb,A2
магазин,shop,noun,A2
пострадянський,post-soviet,adjective,A2
авторитет,authority,noun,A2
берег,bank,noun,A2
віддавати,give,verb,A1
дитинство,childhood,noun,A2
достатній,sufficient,adjective,A2
кілька,sprat,noun,A2
протилежний,cross,adjective,A2
хворий,morbid,adjective,A2
архітектура,architecture,noun,A2
звання,rank,noun,A2
звучати,to,verb,A2
знак,sign,noun,A2
їздити,travel,verb,A2
повітря,air,noun,A2
присутній,present,adjective,A2
творити,create,verb,A2
усвідомлювати,realize,verb,A2
щасливий,happy,adjective,A2
ведення,lead,noun,A2
відновити,restore,verb,A2
зобов'язаний,liable,adjective,A2
інстанція,instance,noun,A2
палац,palace,noun,A2
популярний,popular,adjective,A2
слабкий,weak,adjective,A2
частково,partly,adverb,A2
геополітичний,geopolitical,adjective,A2
Євген,eugene,noun,A2
майданчик,court,noun,A2
опитування,poll,noun,A2
падіння,fall,noun,A2
річка,river,noun,A2
серйозно,seriously,adverb,A2
готовність,readiness,noun,A2
зарубіжний,foreign,adjective,A2
змусити,force,verb,A2
продати,sell,verb,A2
переважний,prevalent,adjective,A2
підготувати,prepare,verb,A2
прапор,flag,noun,A2
суперечити,belie,verb,A2
електорат,electorate,noun,A2
значити,signify,verb,A2
продовжити,continue,verb,A2
реконструкція,reconstruction,noun,A2
речовина,substance,noun,A2
учений,scientist,noun,A2
аварія,accident,noun,A2
денний,diurnal,adjective,A2
мистецький,artistic,adjective,A2
митець,artist,noun,A2
бачення,vision,noun,A2
констатувати,state,verb,A2
поліпшення,improvement,noun,A2
ракета,missile,noun,A2
таємниця,secret,noun,A2
Туреччина,turkey,noun,A2
абсолютний,absolute,adjective,A2
Ігор,igor,noun,A2
методика,methodology,noun,A2
гора,mountain,noun,A2
підпис,signature,noun,A2
теперішній,current,adjective,A2
грип,influenza,noun,A2
зазнати,endure,verb,A2
планета,planet,noun,A2
прагнути,strive,verb,A2
спиратися,lean,verb,A2
споруда,building,noun,A2
вказувати,point,verb,A2
закінчення,ending,noun,A2
набрати,to,verb,A2
доповідь,report,noun,A2
вага,scales,noun,A2
встановлювати,set,verb,A2
геноцид,genocide,noun,A2
Ольга,olga,noun,A2
дрібний,tiny,adjective,A2
контакт,touch,noun,A2
підвищити,raise,verb,A2
резерв,reserve,noun,A2
спеціальність,specialty,noun,A2
водій,driver,noun,A2
мораль,morality,noun,A2
обговорювати,discuss,verb,A2
поїхати,go,verb,A1
принциповий,principled,adjective,A2
присутність,presence,noun,A2
пріоритетний,priority,adjective,A2
провадження,proceedings,noun,A2
вступити,join,verb,A2
доступний,accessible,adjective,A2
запобігання,prevention,noun,A2
критичний,crucial,adjective,A2
максимальний,ultimate,adjective,A2
скандал,scandal,noun,A2
ветеран,veteran,noun,A2
жіночий,female,adjective,A2
припинити,stop,verb,A2
читання,reading,noun,A2
випуск,release,noun,A2
вирок,verdict,noun,A2
вирок,whirlpool,noun,A2
заробляти,earn,verb,A2
німець,german,noun,A2
співпрацювати,cooperate,verb,A2
обслуговування,hospitality,noun,A2
статистика,statistics,noun,A2
сусід,neighbour,noun,A2
шкода,damage,noun,A2
юрист,attorney,noun,A2
гравець,gamer,noun,A2
дільниця,district,noun,A2
завтра,tomorrow,adverb,A2
інфляція,inflation,noun,A2
обмежувати,limit,verb,A2
одержувати,get,verb,A1
озброєння,arm,noun,A2
очікування,expectation,noun,A2
повідомляти,advise,verb,A2
представництво,representation,noun,A2
принести,bring,verb,A2
Румунія,romania,noun,A2
спортивний,sporting,adjective,A2
американець,american,noun,A2
зловживання,abuse,noun,A2
патріарх,patriarch,noun,A2
педагогічний,pedagogical,adjective,A2
політолог,political,noun,A2
свідчення,evidence,noun,A2
туристичний,touristic,adjective,A2
видавництво,publisher,noun,A2
засновник,founder,noun,A2
колір,color,noun,A2
палата,house,noun,A1
радикальний,radical,adjective,A2
запросити,invite,verb,A2
кандидатура,candidacy,noun,A2
комплексний,complex,adjective,A2
переходити,pass,verb,A2
погано,bad,adverb,A2
прозорий,clear,adjective,A2
розмовляти,talk,verb,A2
скористатися,put,verb,A2
фактичний,actual,adjective,A2
щодня,daily,adverb,A2
бідний,poor,adjective,A2
виділити,to,verb,A2
загрожувати,threaten,verb,A2
знищення,destruction,noun,A2
містечко,town,noun,A2
урок,lesson,noun,A2
цивілізований,civilized,adjective,A2
вісім,eight,numeral,A2
голод,famine,noun,A2
передумова,premise,noun,A2
перспективний,promising,adjective,A2
сюди,here,adverb,A2
традиційно,traditionally,adverb,A2
імідж,image,noun,A2
автономія,nationality,noun,A2
альтернативний,alternative,adjective,A2
допустити,assume,verb,A2
підняти,pull,verb,A2
слухати,listen,verb,A2
альтернатива,alternative,noun,A2
втручання,interference,noun,A2
закритий,closed,adjective,A2
нерідко,quite,adverb,A2
пам'ятка,sight,noun,A2
розум,mind,noun,A2
фраза,phrase,noun,A2
законодавець,legislator,noun,A2
мобільний,mobile,adjective,A2
мотив,melody,noun,A2
резолюція,resolution,noun,A2
спільно,together,adverb,A2
взаємний,reciprocal,adjective,A2
атмосфера,atmosphere,noun,A2
відродження,renaissance,noun,A2
вікно,window,noun,A2
забрати,occupy,verb,A2
офіцер,bishop,noun,A2
союзник,ally,noun,A2
чесно,fairly,adverb,A2
благо,goodness,noun,A2
воєнний,belligerent,adjective,A2
займати,assume,verb,A2
нагода,opportunity,noun,A2
службовець,official,noun,A2
талановитий,talented,adjective,A2
щойно,just,adverb,A2
Богдан,bogdan,noun,A2
департамент,department,noun,A2
збори,meeting,noun,A2
недолік,shortcoming,noun,A2
окремо,apart,adverb,A2
подолати,overcome,verb,A2
поразка,loss,noun,A2
співвідношення,correlation,noun,A2
хабар,bribe,noun,A2
божий,divine,adjective,A2
істина,truth,noun,A2
надходження,verbal,noun,A2
пережити,survive,verb,A2
формула,formula,noun,A2
вагомий,weighty,adjective,A2
визнаний,recognized,adjective,A2
претендувати,claim,verb,A2
репресія,repression,noun,A2
трансформація,transformation,noun,A2
траплятися,happen,verb,A2
лабораторія,laboratory,noun,A2
надійний,trustworthy,adjective,A2
покласти,put,verb,A2
стабільний,stable,adjective,A2
транзит,transit,noun,A2
господар,sovereign,noun,A2
оперативний,operational,adjective,A2
талант,talent,noun,A2
бюлетень,ballot,noun,A2
виробляти,produce,verb,A2
зупинити,stop,verb,A2
об'єднаний,joint,adjective,A2
реагувати,react,verb,A2
силовий,power,adjective,A2
труднощі,trouble,noun,A2
поділити,to,verb,A2
порушити,violate,verb,A2
прихід,arrival,noun,A2
телефон,telephone,noun,A2
узагалі,generally,adverb,A2
довгостроковий,long-term,adjective,A2
заняття,occupation,noun,A2
заняття,series,noun,A2
знімати,shoot,verb,A2
населений,inhabited,adjective,A2
поруч,thereabout,adverb,A2
прекрасний,beautiful,adjective,A2
видобуток,extraction,noun,A2
відпочинок,rest,noun,A2
діти,to,verb,A2
запит,query,noun,A2
платник,payer,noun,A2
порівняння,comparison,noun,A2
припустити,assume,verb,A2
збільшитися,multiply,verb,A2
надійти,to,verb,A2
припинення,cessation,noun,A2
адекватний,adequate,adjective,A2
звільнити,exempt,verb,A2
підлягати,to,verb,A2
підтверджувати,acknowledge,verb,A2
подумати,to,verb,A2
чемпіонат,championship,noun,A2
чорноморський,black,adjective,A2
штучний,artificial,adjective,A2
академічний,academic,adjective,A2
загинути,fall,verb,A2
керівний,governing,adjective,A2
металургійний,metallurgical,adjective,A2
південь,noon,noun,A2
бюро,bureau,noun,A2
компенсація,compensation,noun,A2
втілення,incarnation,noun,A2
Дніпр,dnipro,noun,A2
їсти,eat,verb,A2
кома,comma,noun,A2
надходити,to,verb,A2
невідомий,unknown,adjective,A2
поєднання,combination,noun,A2
посідати,place,verb,A2
прочитати,read,verb,A2
робітник,employee,noun,A2
готель,hotel,noun,A2
Греція,greece,noun,A2
застосовуватися,passive,verb,A2
змушувати,force,verb,A2
конструкція,construction,noun,A2
Марія,mary,noun,A2
оточення,encirclement,noun,A2
півтора,one,numeral,A1
вчитися,learn,verb,A2
делегація,delegation,noun,A2
дисципліна,science,noun,A2
Іванович,ivanovich,noun,A2
компроміс,compromise,noun,A2
Павло,paul,noun,A2
чомусь,for,adverb,A2
Білорусь,belarus,noun,A2
знайомий,familiar,adjective,A2
корпорація,corporation,noun,A2
острів,island,noun,A2
релігія,religion,noun,A2
слідство,investigation,noun,A2
експеримент,experiment,noun,A2
легкий,easy,adjective,A2
метал,metal,noun,A2
портрет,portrait,noun,A2
свідок,witness,noun,A2
шлюб,union,noun,A2
бал,point,noun,A2
відмовлятися,discard,verb,A2
пропонуватися,offer,verb,A2
рухатися,stir,verb,A2
страховий,insurance,adjective,A2
Брюссель,brussels,noun,A2
вугілля,charcoal,noun,A2
двадцять,twenty,numeral,A2
державність,statehood,noun,A2
епідемія,epidemic,noun,A2
Іран,iran,noun,A2
стосунок,relation,noun,A2
формальний,formal,adjective,A2
влаштовувати,to,verb,A2
заклик,appeal,noun,A2
комп'ютерний,computer,adjective,A2
нагорода,award,noun,A2
незабаром,soon,adverb,A2
почесний,honorable,adjective,A2
претензія,claim,noun,A2
служити,serve,verb,A2
філософія,philosophy,noun,A2
щиро,honestly,adverb,A2
арешт,apprehension,noun,A2
запрошувати,invite,verb,A2
заслужений,condign,adjective,A2
зустрічатися,to,verb,A2
кишеня,pocket,noun,A2
крісло,chair,noun,A2
помітити,notice,verb,A2
пообіцяти,promise,verb,A2
придбати,to,verb,A2
промова,speech,noun,A2
регулювати,handle,verb,A2
кореспондент,journalist,noun,A2
недавно,recently,adverb,A2
поезія,poetry,noun,A2
брак,second,noun,A2
відзначати,distinguish,verb,A2
заперечувати,oppose,verb,A2
змагання,competition,noun,A2
родич,relative,noun,A2
санкція,sanction,noun,A2
спеціально,specially,adverb,A2
артист,artist,noun,A2
архів,archive,noun,A2
атомний,atomic,adjective,A2
вибух,explosion,noun,A2
відмовитися,to,verb,A2
квартал,quarter,noun,A2
логіка,logic,noun,A2
патріархат,patriarchy,noun,A2
підтвердження,confirmation,noun,A2
подарунок,gift,noun,A2
театральний,theatrical,adjective,A2
усвідомити,realize,verb,A2
шкільний,school,adjective,A1
адвокат,attorney,noun,A2
аналізувати,analyze,verb,A2
генерал,general,noun,A2
іноземець,alien,noun,A2
моніторинг,monitoring,noun,A2
Обама,obama,noun,A2
по-третє,thirdly,adverb,A2
рівність,equality,noun,A2
турист,tourist,noun,A2
Чехія,czechia,noun,A2
бити,beat,verb,A2
занадто,too,adverb,A2
навіть,even,adverb,A2
нагляд,observation,noun,A2
надра,bowels,noun,A2
назад,aback,adverb,A2
пояснення,account,noun,A2
сестра,sister,noun,A2
активіст,activist,noun,A2
архітектор,architect,noun,A2
Канада,canada,noun,A2
кінцевий,end,adjective,A2
критика,criticism,noun,A2
ліцензія,license,noun,A2
навчитися,learn,verb,A2
названий,unrelated,adjective,A2
тлумачення,interpretation,noun,A2
фактор,factor,noun,A2
імпорт,practice,noun,A2
попросити,ask,verb,A1
сигнал,signal,noun,A2
фото,picture,noun,A2
аудиторія,audience,noun,A2
вестися,to,verb,A2
зменшити,reduce,verb,A2
вистачити,suffice,verb,A2
витрачати,spend,verb,A2
невдовзі,soon,adverb,A2
плече,shoulder,noun,A2
покупець,buyer,noun,A2
серія,chain,noun,A2
Тетяна,tatiana,noun,A2
тяжкий,pregnant,adjective,A2
усі,everybody,pronoun,A2
британський,british,adjective,A2
Ленін,lenin,noun,A2
перетворюватися,to,verb,A2
політ,flight,noun,A2
притаманний,characteristic,adjective,A2
річний,annual,adjective,A2
світло,light,noun,A2
складовий,syllabic,adjective,A2
суперечність,contradiction,noun,A2
сюжет,plot,noun,A2
щорічний,yearly,adjective,A2
всесвітній,worldwide,adjective,A2
Молдова,moldova,noun,A2
слухання,hearing,noun,A2
спостерігач,observer,noun,A2
чисельність,number,noun,A2
вельми,right,adverb,A2
заборонити,ban,verb,A2
круглий,round,adjective,A2
пересічний,ordinary,adjective,A2
пересічний,average,adjective,A2
поширюватися,to,verb,A2
розібрати,to,verb,A2
суддя,judge,noun,A2
ефір,air,noun,A2
ділити,share,verb,A2
запитувати,query,verb,A2
знаменитий,famous,adjective,A2
зуміти,can,verb,A2
казка,fable,noun,A2
призначати,name,verb,A1
різко,sharply,adverb,A2
розробляти,to,verb,A2
співати,sing,verb,A2
сприйматися,passive,verb,A2
явно,explicitly,adverb,A2
дешевий,cheap,adjective,A2
запорізький,zaporizhzhia,adjective,A2
заходити,set,verb,A2
заходити,sink,verb,A2
ідеал,ideal,noun,A2
інженер,person,noun,A2
кваліфікація,qualification,noun,A2
Париж,paris,noun,A2
публіка,public,noun,A2
соціологічний,sociological,adjective,A2
страшний,terrible,adjective,A2
вивести,withdraw,verb,A2
врятувати,save,verb,A2
звичний,common,adjective,A2
знайтися,passive,verb,A2
п'ятий,fifth,adjective,A2
рослина,plant,noun,A2
сон,dream,noun,A2
федеральний,federal,adjective,A2
висловлювати,express,verb,A2
видавати,publish,verb,A2
двосторонній,bilateral,adjective,A2
дійсність,reality,noun,A2
замінити,change,verb,A2
карта,map,noun,A2
консультація,consultation,noun,A2
сонце,sun,noun,A2
функціонувати,to,verb,A2
чудово,wonderfully,adverb,A2
домовитися,negotiate,verb,A2
небо,sky,noun,A2
ґрунт,ground,noun,A2
довідка,certificate,noun,A2
заслуга,merit,noun,A2
Казахстан,kazakhstan,noun,A2
різкий,sharp,adjective,A2
солдат,soldier,noun,A2
цикл,cycle,noun,A2
автобус,bus,noun,A2
вживати,employ,verb,A2
випливати,to,verb,A2
дипломатичний,diplomatic,adjective,A2
дієвий,effective,adjective,A2
зупинитися,stop,verb,A2
матір,mother,noun,A1
написаний,written,adjective,A2
насильство,violence,noun,A2
науково-дослідний,research,adjective,A2
об'єднати,join,verb,A2
оптимальний,optimal,adjective,A2
правопорушення,offense,noun,A2
твердження,statement,noun,A2
чинити,act,verb,A2
виріб,product,noun,A2
Іспанія,spain,noun,A2
кілометр,kilometre,noun,A2
міркування,verbal,noun,A2
оператор,operator,noun,A2
передбачити,forecast,verb,A2
специфічний,particular,adjective,A2
тотальний,total,adjective,A2
улюблений,favourite,adjective,A2
фальсифікація,falsification,noun,A2
вибороти,to,verb,A2
глибина,depth,noun,A2
експертний,expert,adjective,A2
молоко,milk,noun,A2
обидва,both,numeral,A2
підходити,fit,verb,A2
проживати,dwell,verb,A2
прозорість,transparency,noun,A2
спікер,speaker,noun,A2
вимір,dimension,noun,A2
гідність,virtue,noun,A2
з'їзд,conference,noun,A2
ідеальний,perfect,adjective,A2
початковий,initial,adjective,A2
радість,happiness,noun,A2
секрет,secret,noun,A2
специфіка,specificity,noun,A2
торговельний,trade,adjective,A2
альбом,album,noun,A2
заплатити,pay,verb,A2
заслуговувати,deserve,verb,A2
корабель,vessel,noun,A2
король,king,noun,A2
критикувати,criticize,verb,A2
підрахунок,the,noun,A2
припадати,to,verb,A2
програмний,program,adjective,A2
стадіон,stadium,noun,A2
телеканал,television,noun,A2
феномен,phenomenon,noun,A2
хімічний,chemical,adjective,A2
додому,homeward,adverb,A2
емоція,feeling,noun,A2
колекція,collection,noun,A2
міцний,hard,adjective,A2
осередок,cell,noun,A2
придбання,acquisition,noun,A2
програти,lose,verb,A2
товариш,comrade,noun,A2
холодний,cold,adjective,A2
буквально,literally,adverb,A2
загін,detachment,noun,A2
залучити,enlist,verb,A2
маршрут,itinerary,noun,A2
переклад,translation,noun,A2
поширений,prevalent,adjective,A2
союзний,allied,adjective,A2
страхування,insurance,noun,A2
угорський,hungarian,adjective,A2
бабуся,grandmother,noun,A2
кшталт,shape,noun,A2
носити,bear,verb,A2
перестати,stop,verb,A2
поїздка,trip,noun,A2
представницький,representative,adjective,A2
уявляти,fancy,verb,A2
шахта,mine,noun,A2
вічний,eternal,adjective,A2
дістати,get,verb,A1
платіж,payment,noun,A2
проживання,habitation,noun,A2
статут,charter,noun,A2
штраф,penalty,noun,A2
випадково,accidentally,adverb,A2
гурт,crowd,noun,A2
двічі,twice,adverb,A2
зареєстрований,registered,adjective,A2
мандат,mandate,noun,A2
мозок,brain,noun,A2
музикант,musician,noun,A2
Азія,asia,noun,A2
вигідний,beneficial,adjective,A2
краса,beauty,noun,A2
мислення,verbal,noun,A2
наполягати,contend,verb,A2
постановка,setting,noun,A2
спонукати,prompt,verb,A2
гарячий,hot,adjective,A2
Ізраїль,israel,noun,A2
повторювати,repeat,verb,A2
популярність,popularity,noun,A2
сукупність,aggregate,noun,A2
битва,fight,noun,A2
ват,watt,noun,A2
злочинний,criminal,adjective,A2
злочинність,criminality,noun,A2
конкурентний,competitive,adjective,A2
лава,lava,noun,A2
погоджуватися,consent,verb,A2
спокійно,calmly,adverb,A2
суб'єктивний,based,adjective,A2
творець,creator,noun,A2
відвідати,visit,verb,A2
доручення,mission,noun,A2
закріпити,secure,verb,A2
зустріти,meet,verb,A2
ідентичність,identity,noun,A2
лауреат,laureate,noun,A2
переконувати,convince,verb,A2
прес-конференція,press,noun,A2
усвідомлення,verbal,noun,A2
геть,away,adverb,A2
каса,ticket,noun,A2
комп'ютер,computer,noun,A2
лівий,left,adjective,A2
первинний,prime,adjective,A2
планування,verbal,noun,A2
претендент,pretender,noun,A2
виготовлення,verbal,noun,A2
замок,castle,noun,A2
замок,lock,noun,A2
зауваження,rebuke,noun,A2
структурний,structural,adjective,A2
тривалість,duration,noun,A2
введення,verbal,noun,A2
вступати,join,verb,A2
добровільний,voluntary,adjective,A2
звинувачення,accusation,noun,A2
малювати,draw,verb,A2
набуття,acquisition,noun,A2
пізно,late,adverb,A2
публічно,publicly,adverb,A2
фотографія,picture,noun,A2
швидкість,speed,noun,A2
вчинок,act,noun,A2
залізниця,railway,noun,A2
постать,figure,noun,A2
принципово,in,adverb,A2
сприятливий,auspicious,adjective,A2
Австрія,austria,noun,A2
відношення,relation,noun,A2
вірус,virus,noun,A2
надмірний,extreme,adjective,A2
перешкода,barrier,noun,A2
радше,rather,adverb,A2
цілковитий,utter,adjective,A2
багатство,fortune,noun,A2
вдома,at,adverb,A2
діловий,business,adjective,A2
добробут,prosperity,noun,A2
затвердити,to,verb,A2
іспит,examination,noun,A2
наркотик,drug,noun,A2
Олена,helen,noun,A2
оцінювання,assessment,noun,A2
персонал,staff,noun,A2
підвищувати,raise,verb,A2
прогнозувати,forecast,verb,A2
революційний,revolutionary,adjective,A2
суперечка,argument,noun,A2
сьогодення,the,noun,A2
цивілізаційний,civilizational,adjective,A2
цікавитися,wonder,verb,A2
амбіція,ambition,noun,A2
вождь,leader,noun,A2
коментувати,comment,verb,A2
одержання,receipt,noun,A2
орден,order,noun,A2
охоплювати,to,verb,A2
переконати,convince,verb,A2
селище,village,noun,A2
скоротити,abbreviate,verb,A2
спогад,memory,noun,A2
виявлення,verbal,noun,A2
заробити,earn,verb,A2
затвердження,approval,noun,A2
побувати,to,verb,A2
типовий,characteristic,adjective,A2
хартія,charter,noun,A2
військовослужбовець,serviceman,noun,A2
вчасно,in,adverb,A2
звинувачувати,name,verb,A1
зменшитися,to,verb,A2
одяг,wear,noun,A2
персонаж,person,noun,A2
риторика,rhetoric,noun,A2
училище,school,noun,A1
деталь,detail,noun,A2
дружба,camaraderie,noun,A2
місцевість,terrain,noun,A2
Оксана,xenia,noun,A2
перехідний,transitive,adjective,A2
точний,accurate,adjective,A2
висота,height,noun,A2
Ганна,hannah,noun,A2
екран,screen,noun,A2
залучати,enlist,verb,A2
переживати,survive,verb,A2
поважати,esteem,verb,A2
приїжджати,come,verb,A1
будуватися,to,verb,A2
глава,chapter,noun,A2
жанр,genre,noun,A2
відомість,fame,noun,A2
довіряти,trust,verb,A2
доцільність,expediency,noun,A2
зберігання,retention,noun,A2
квиток,ticket,noun,A2
менеджмент,management,noun,A2
однозначно,unambiguously,adverb,A2
стадія,stage,noun,A2
хата,room,noun,A1
вигода,profit,noun,A2
вигода,comfort,noun,A2
вина,veena,noun,A2
вина,fault,noun,A2
вогонь,fire,noun,A2
гірший,worse,adjective,A2
домашній,domestic,adjective,A2
набір,recruitment,noun,A2
об'єднувати,join,verb,A2
паспорт,passport,noun,A2
пропаганда,propaganda,noun,A2
свідомий,conscious,adjective,A2
ввесь,alternative,pronoun,A2
здобуток,achievement,noun,A2
кімната,room,noun,A1
копія,copy,noun,A2
приєднатися,join,verb,A2
попередник,predecessor,noun,A2
розв'язати,solve,verb,A2
стимулювати,stimulate,verb,A2
абітурієнт,graduand,noun,A2
диплом,diploma,noun,A2
квота,quota,noun,A2
князь,prince,noun,A2
міграція,migration,noun,A2
покращення,improvement,noun,A2
приховувати,feign,verb,A2
сезон,season,noun,A2
суворий,stern,adjective,A2
визначальний,determining,adjective,A2
Герман,herman,noun,A2
збільшуватися,multiply,verb,A2
зворотний,reflexive,adjective,A2
платформа,platform,noun,A2
поспішати,hurry,verb,A2
соціалістичний,socialist,adjective,A2
сподівання,verbal,noun,A2
торговий,trade,adjective,A2
турецький,of,adjective,A2
цукор,sugar,noun,A2
щонайменше,at,adverb,A2
акціонер,shareholder,noun,A2
вироблення,product,noun,A2
досліджувати,research,verb,A2
європеєць,european,noun,A2
завершитися,to,verb,A2
командир,commander,noun,A2
конгрес,congress,noun,A2
недостатньо,insufficiently,adverb,A2
обґрунтований,substantiated,adjective,A2
панувати,rule,verb,A2
радіо,radio,noun,A2
сумніватися,doubt,verb,A2
важливість,importance,noun,A2
глобалізація,globalisation,noun,A2
засвідчити,certify,verb,A2
кінь,knight,noun,A2
націоналіст,nationalist,noun,A2
правопорядок,law,noun,A2
розвідка,reconnaissance,noun,A2
свідомо,deliberately,adverb,A2
світлий,lucid,adjective,A2
уряд,in,adverb,A2
адаптація,adaptation,noun,A2
визнавати,acknowledge,verb,A2
доцільно,expediently,adverb,A2
з'ясуватися,turn,verb,A2
ініціатор,initiator,noun,A2
міліціонер,militiaman,noun,A2
опера,opera,noun,A2
поділяти,to,verb,A2
президентство,presidency,noun,A2
близько,about,adverb,A2
виключати,exclude,verb,A2
відвертий,open,adjective,A2
гетьман,queen,noun,A2
дисертація,dissertation,noun,A2
інтелігенція,intelligentsia,noun,A2
комбінат,combine,noun,A2
лекція,lecture,noun,A2
мажоритарний,majoritarian,adjective,A2
порівняти,compare,verb,A2
приносити,bring,verb,A2
телевізор,device,noun,A2
тероризм,terrorism,noun,A2
автономний,autonomous,adjective,A2
безробіття,unemployment,noun,A2
верства,layer,noun,A2
вирішуватися,to,verb,A2
віче,veche,noun,A2
воювати,war,verb,A2
їжа,food,noun,A1
конструктивний,constructive,adjective,A2
незначний,trivial,adjective,A2
розпад,disintegration,noun,A2
рости,increase,verb,A2
совість,conscience,noun,A2
теплий,warm,adjective,A2
учений,learned,adjective,A2
ввійти,enter,verb,A2
віртуальний,virtual,adjective,A2
вкладати,invest,verb,A2
загальнодержавний,statewide,adjective,A2
налаштований,disposed,adjective,A2
переслідування,pursuit,noun,A2
сприйняти,perceive,verb,A2
тісний,tight,adjective,A2
бідність,misery,noun,A2
динаміка,dynamics,noun,A2
Донбас,donbas,noun,A2
закінчуватися,end,verb,A2
літній,old,adjective,A2
медаль,medal,noun,A2
позбутися,get,verb,A1
поправка,amendment,noun,A2
співвітчизник,compatriot,noun,A2
стрічка,picture,noun,A2
тоталітарний,totalitarian,adjective,A2
вирішальний,crucial,adjective,A2
дипломат,diplomat,noun,A2
діаспора,diaspora,noun,A2
недостатній,insufficient,adjective,A2
подвійний,double,adjective,A2
поріг,threshold,noun,A2
раціональний,rational,adjective,A2
редактор,editor,noun,A2
свіжий,fresh,adjective,A2
стереотип,stereotype,noun,A2
студія,studio,noun,A2
суттєвий,significant,adjective,A2
щирий,honest,adjective,A2
водний,aquatic,adjective,A2
офіс,bureau,noun,A2
президія,presidium,noun,A2
привабливий,cute,adjective,A2
страждати,suffer,verb,A2
універсальний,universal,adjective,A2
випускати,release,verb,A2
зображення,icon,noun,A2
мешкати,dwell,verb,A2
педагог,pedagogue,noun,A2
побутовий,everyday,adjective,A2
приділяти,devote,verb,A2
рекламний,promotional,adjective,A2
родовище,field,noun,A2
фінансувати,fund,verb,A2
арена,arena,noun,A2
батьків,paternal,adjective,A2
відвідувати,haunt,verb,A2
вражати,strike,verb,A2
Григорій,grigory,noun,A2
зайнятість,employment,noun,A2
митрополит,metropolitan,noun,A2
негативно,negatively,adverb,A2
приєднання,annexation,noun,A2
подарувати,give,verb,A1
позбавлення,deprivation,noun,A2
представити,introduce,verb,A2
сад,garden,noun,A2
аналітичний,analytic,adjective,A2
визначитися,to,verb,A2
заборгованість,liability,noun,A2
заміна,change,noun,A2
звідси,hence,adverb,A2
злочинець,criminal,noun,A2
італійський,italian,adjective,A2
клімат,climate,noun,A2
постачальник,deliveryman,noun,A2
похід,campaign,noun,A2
виділяти,appropriate,verb,A2
вимушений,forced,adjective,A2
вільно,freely,adverb,A2
властивість,feature,noun,A2
влітку,in,adverb,A2
восени,in,adverb,A2
демографічний,demographic,adjective,A2
експедиція,expedition,noun,A2
зібрання,collection,noun,A2
з'ясувати,ascertain,verb,A2
мотивація,motivation,noun,A2
Наталія,natalie,noun,A2
підійти,fit,verb,A2
поступовий,gradual,adjective,A2
рядок,string,noun,A2
цар,king,noun,A2
Ярослав,yaroslav,noun,A2
Бандера,bandera,noun,A2
більшовик,bolshevik,noun,A2
видача,extradition,noun,A2
відстоювати,assert,verb,A2
дістатися,to,verb,A2
донька,daughter,noun,A2
засвідчувати,certify,verb,A2
знищити,eliminate,verb,A2
ілюзія,delusion,noun,A2
менеджер,manager,noun,A2
назавжди,forever,adverb,A2
орієнтований,oriented,adjective,A2
пора,pore,noun,A2
пора,time,noun,A1
порівнювати,compare,verb,A2
скоро,quickly,adverb,A2
утримувати,hold,verb,A2
щорічно,yearly,adverb,A2
Варшава,warsaw,noun,A2
витратити,spend,verb,A2
вчора,yesterday,adverb,A2
емоційний,emotional,adjective,A2
закрити,close,verb,A2
нікуди,to,adverb,A2
нікуди,nowhere,adverb,A2
оголошення,advertisement,noun,A2
оригінальний,original,adjective,A2
розміщення,installation,noun,A2
соратник,comrade,noun,A2
сумнівний,equivocal,adjective,A2
тінь,shadow,noun,A2
християнський,of,adjective,A2
більш-менш,more,adverb,A2
вітати,welcome,verb,A2
впасти,fall,verb,A2
дзвін,bell,noun,A2
континент,continent,noun,A2
кров,blood,noun,A2
мода,trend,noun,A2
переробка,remake,noun,A2
письмовий,written,adjective,A2
повторити,repeat,verb,A2
притулок,retreat,noun,A2
розчарування,frustration,noun,A2
тягти,extend,verb,A2
легітимність,legitimacy,noun,A2
ніде,there,adverb,A2
ніде,nowhere,adverb,A2
оборонний,defensive,adjective,A2
орієнтація,orientation,noun,A2
посольство,embassy,noun,A2
святкування,celebration,noun,A2
сподобатися,appeal,verb,A2
учитель,teacher,noun,A2
вживання,use,noun,A1
відраза,disgust,noun,A2
гірше,worse,adverb,A2
екологія,ecology,noun,A2
живопис,painting,noun,A2
ключ,key,noun,A2
молодший,younger,adjective,A2
нерухомість,property,noun,A2
нормально,normally,adverb,A2
олімпійський,of,adjective,A2
патріот,patriot,noun,A2
перевірити,check,verb,A2
рекомендувати,advise,verb,A2
спектакль,show,noun,A2
аукціон,auction,noun,A2
зустрітися,to,verb,A2
Катерина,catherine,noun,A2
клініка,clinic,noun,A2
мовчати,keep,verb,A2
постачання,act,noun,A2
розповідь,account,noun,A2
сторіччя,century,noun,A2
увесь,alternative,pronoun,A2
шановний,dear,adjective,A2
доходити,arrive,verb,A2
задоволений,content,adjective,A2
координація,coordination,noun,A2
максимум,maximum,noun,A2
метро,subway,noun,A2
прогресивний,progressive,adjective,A2
просування,promotion,noun,A2
противник,adversary,noun,A2
сертифікат,certificate,noun,A2
смертність,mortality,noun,A2
філософський,philosophical,adjective,A2
Африка,africa,noun,A2
досвідчений,experienced,adjective,A2
лад,regime,noun,A2
нижче,beneath,adverb,A2
паралельно,parallelly,adverb,A2
презентація,presentation,noun,A2
прийнятний,acceptable,adjective,A2
університетський,university,adjective,A2
урядовець,official,noun,A2
шостий,sixth,adjective,A2
викладати,teach,verb,A2
виявляти,discover,verb,A2
відправити,to,verb,A2
заповідник,nature,noun,A2
згодний,agreeable,adjective,A2
знизити,reduce,verb,A2
контрольний,control,adjective,A2
приречений,doomed,adjective,A2
судно,ship,noun,A2
якомога,as,adverb,A2
галерея,gallery,noun,A2
Галичина,galicia,noun,A2
опозиціонер,oppositionist,noun,A2
органічний,organic,adjective,A2
пригадувати,to,verb,A2
розширити,extend,verb,A2
російськомовний,russophone,adjective,A2
сом,catfish,noun,A2
автоматично,automatically,adverb,A2
авторитарний,authoritarian,adjective,A2
біда,trouble,noun,A2
важіль,lever,noun,A2
добро,ok,noun,A2
камінь,stone,noun,A2
космос,cosmos,noun,A2
недавній,recent,adjective,A2
переконатися,make,verb,A1
підкреслювати,emphasize,verb,A2
постраждати,to,verb,A2
спроможний,capable,adjective,A2
широко,wide,adverb,A2
ввести,input,verb,A2
вершина,top,noun,A2
електричний,electric,adjective,A2
закласти,to,verb,A2
напад,attack,noun,A2
обіг,turnover,noun,A2
перевіряти,check,verb,A2
солідарність,solidarity,noun,A2
твердий,hard,adjective,A2
двоє,two,numeral,A1
енергоносій,energy,noun,A2
знадобитися,to,verb,A2
коридор,corridor,noun,A2
купівля,purchase,noun,A2
ліберальний,liberal,adjective,A2
ліквідувати,eliminate,verb,A2
національність,nationality,noun,A2
полковник,colonel,noun,A2
помічник,help,noun,A2
репутація,name,noun,A1
римський,roman,adjective,A2
спостереження,observation,noun,A2
тепло,warmth,noun,A2
ум,mind,noun,A2
школяр,schoolboy,noun,A2
відвідувач,visitor,noun,A2
відносити,to,verb,A2
відносити,remove,verb,A2
вчити,learn,verb,A2
збільшувати,increase,verb,A2
здобуття,acquisition,noun,A2
концентрація,mind,noun,A2
міськрада,city,noun,A1
Різдво,christmas,noun,A2
спокій,rest,noun,A2
авторитетний,authoritative,adjective,A2
вибрати,choose,verb,A2
винести,endure,verb,A2
витримати,stand,verb,A2
гучний,loud,adjective,A2
замовник,customer,noun,A2
колосальний,gigantic,adjective,A2
лікарський,medical,adjective,A2
лікарський,medicinal,adjective,A2
маніпуляція,manipulation,noun,A2
шкідливий,deleterious,adjective,A2
дарувати,give,verb,A1
здаватися,seem,verb,A2
крів,blood,noun,A2
ланка,company,noun,A2
ласка,weasel,noun,A2
приємно,pleasantly,adverb,A2
поспіль,in,adverb,A2
узгодження,coordination,noun,A2
футбол,soccer,noun,A2
Швеція,sweden,noun,A2
вдвічі,synonym,adverb,A2
венеціанський,venetian,adjective,A2
виносити,bear,verb,A2
влаштувати,to,verb,A2
Запоріжжя,zaporizhia,noun,A2
ігнорувати,ignore,verb,A2
націоналізм,nationalism,noun,A2
парламентарій,parliamentarian,noun,A2
помітний,noticeable,adjective,A2
стежити,follow,verb,A2
ювілей,anniversary,noun,A2
Азербайджан,azerbaijan,noun,A2
Берлін,berlin,noun,A2
вето,veto,noun,A2
відкритість,openness,noun,A2
дев'ять,nine,numeral,A2
заздалегідь,before,adverb,A2
конкурентоспроможність,competitiveness,noun,A2
копійка,kopek,noun,A2
мати,mother,noun,A1
нащадок,issue,noun,A2
однаково,equally,adverb,A2
падати,fall,verb,A2
провокація,provocation,noun,A2
ретельно,diligently,adverb,A2
смак,taste,noun,A2
тест,test,noun,A2
агент,agent,noun,A2
аеропорт,airport,noun,A2
впливовий,influential,adjective,A2
гріх,sin,noun,A2
дах,roof,noun,A2
документація,documentation,noun,A2
застереження,caveat,noun,A2
радник,counselor,noun,A2
руйнувати,mar,verb,A2
брехня,lie,noun,A2
забезпечений,well-to-do,adjective,A2
коріння,root,noun,A2
кохання,love,noun,A1
молодіжний,youth,adjective,A2
музика,music,noun,A2
музика,musician,noun,A2
негайно,immediately,adverb,A2
орієнтуватися,to,verb,A2
п'єса,play,noun,A2
ранній,early,adjective,A2
суверенний,sovereign,adjective,A2
жорстокий,cruel,adjective,A2
заявка,application,noun,A2
камера,cell,noun,A2
компонент,component,noun,A2
Лівія,libya,noun,A2
майстерня,workshop,noun,A2
намагання,endeavor,noun,A2
охочий,willing,adjective,A2
поверх,storey,noun,A2
протистояти,oppose,verb,A2
сильно,strongly,adverb,A2
стійкий,unwavering,adjective,A2
таємний,secret,adjective,A2
хрест,cross,noun,A2
Швейцарія,switzerland,noun,A2
безпечний,safe,adjective,A2
вбивство,murder,noun,A2
викид,ejecta,noun,A2
громадянство,nationality,noun,A2
діяння,action,noun,A2
забороняти,ban,verb,A2
індивід,individual,noun,A2
меморандум,memorandum,noun,A2
політик,politician,noun,A2
продавець,vendor,noun,A2
противага,counterweight,noun,A2
розбіжність,division,noun,A2
сумний,blue,adjective,A2
тісно,closely,adverb,A2
висловлювання,account,noun,A2
атака,attack,noun,A2
вузький,narrow,adjective,A2
гарант,guarantor,noun,A2
дбати,mind,verb,A2
економія,economy,noun,A2
звичай,custom,noun,A2
звідти,thence,adverb,A2
несподіваний,accidental,adjective,A2
мріяти,dream,verb,A2
оптимізація,optimization,noun,A2
першочерговий,top-priority,adjective,A2
підвищений,raised,adjective,A2
четверо,four,numeral,A2
бренд,brand,noun,A2
буття,existence,noun,A2
життєдіяльність,life,noun,A2
перевезення,freight,noun,A2
підписувати,to,verb,A2
підприємництво,entrepreneurship,noun,A2
порожній,empty,adjective,A2
термінал,terminal,noun,A2
тестування,testing,noun,A2
відображати,display,verb,A2
інституційний,institutional,adjective,A2
композитор,composer,noun,A2
костюм,suit,noun,A2
несподівано,unexpectedly,adverb,A2
параметр,parameter,noun,A2
піднятися,rise,verb,A2
площина,plane,noun,A2
психолог,psychologist,noun,A2
річниця,anniversary,noun,A2
скло,glass,noun,A2
фігура,piece,noun,A2
віднести,remove,verb,A2
врешті-решт,finally,adverb,A2
вчинити,perpetrate,verb,A2
жарт,gag,noun,A2
масив,array,noun,A2
навесні,in,adverb,A2
обіймати,hug,verb,A2
палець,toe,noun,A2
підземний,underground,adjective,A2
пов'язувати,relate,verb,A2
порада,advice,noun,A2
посередник,intermediary,noun,A2
рятувати,save,verb,A2
власне,properly,adverb,A2
дякувати,thank,verb,A2
забирати,occupy,verb,A2
залізний,iron,adjective,A2
запис,recording,noun,A2
захопити,conquer,verb,A2
індустріальний,industrial,adjective,A2
комунізм,communism,noun,A2
непоганий,not,adjective,A1
очікуватися,to,verb,A2
показовий,model,adjective,A2
архітектурний,architectural,adjective,A2
відійти,leave,verb,A1
вперед,ahead,adverb,A2
дочка,daughter,noun,A2
дружній,friendly,adjective,A2
зайти,set,verb,A2
звичка,habit,noun,A2
категорично,categorically,adverb,A2
книжковий,literary,adjective,A2
мудрий,wise,adjective,A2
пара,vapor,noun,A2
патріотичний,patriotic,adjective,A2
поліція,police,noun,A2
попередження,alert,noun,A2
турбота,concern,noun,A2
висловитися,to,verb,A2
винятково,rarely,adverb,A2
вирости,grow,verb,A2
відбір,selection,noun,A2
вітер,wind,noun,A2
демонстрація,protest,noun,A2
економіст,economist,noun,A2
змова,conspiracy,noun,A2
пасажир,passenger,noun,A2
переглянути,review,verb,A2
посилити,to,verb,A2
посісти,place,verb,A2
потяг,train,noun,A2
радити,advise,verb,A2
рідко,seldom,adverb,A2
Степан,stephen,noun,A2
супроводжувати,accompany,verb,A2
упевнений,certain,adjective,A2
цілісність,integrity,noun,A2
Англія,england,noun,A2
антикорупційний,anticorruption,adjective,A2
біологічний,biological,adjective,A2
вибирати,choose,verb,A2
виділення,selection,noun,A2
відшкодування,reparation,noun,A2
географічний,geographic,adjective,A2
депозит,deposit,noun,A2
записка,note,noun,A2
збірка,collection,noun,A2
здібність,talent,noun,A2
злий,angry,adjective,A2
зумовлювати,to,verb,A2
мить,second,noun,A2
могутній,powerful,adjective,A2
поєднувати,link,verb,A2
прихований,hidden,adjective,A2
п'ята,heel,noun,A2
ракетний,rocket,adjective,A2
Світлана,svetlana,noun,A2
семінар,seminar,noun,A2
скульптура,sculpture,noun,A2
температура,temperature,noun,A2
філософ,philosopher,noun,A2
цілковито,perfectly,adverb,A2
Великобританія,great,noun,A2
дивуватися,wonder,verb,A2
незмінний,invariable,adjective,A2
очільник,leader,noun,A2
порятунок,rescue,noun,A2
посадовець,official,noun,A2
пригадати,to,verb,A2
припускати,assume,verb,A2
регулярно,regularly,adverb,A2
святкувати,celebrate,verb,A2
фабрика,factory,noun,A2
японський,japanese,adjective,A2
вислів,expression,noun,A2
байдужий,indifferent,adjective,A2
вагон,van,noun,A2
двір,yard,noun,A2
дзеркало,mirror,noun,A2
зникати,vanish,verb,A2
композиція,composition,noun,A2
металургія,metallurgy,noun,A2
недовіра,distrust,noun,A2
обговорити,discuss,verb,A2
рецепт,recipe,noun,A2
спроможність,ability,noun,A2
труба,pipe,noun,A2
умовний,conditional,adjective,A2
володіння,possession,noun,A2
доповнення,addition,noun,A2
капіталізм,capitalism,noun,A2
котрий,who,pronoun,A2
котрий,which,pronoun,A2
красивий,handsome,adjective,A2
марка,brand,noun,A2
неповнолітній,underage,adjective,A2
опублікувати,publish,verb,A2
припущення,hypothesis,noun,A2
проголошення,proclamation,noun,A2
севастопольський,sevastopol,adjective,A2
сегмент,segment,noun,A2
середа,wednesday,noun,A2
француз,frenchman,noun,A2
чоловічий,masculine,adjective,A2
акцент,accent,noun,A2
банальний,banal,adjective,A2
волевиявлення,declaration,noun,A2
диктатура,dictatorship,noun,A2
збудувати,construct,verb,A2
купа,crowd,noun,A2
навчати,school,verb,A1
проблематика,range,noun,A2
руський,russian,adjective,A2
селянський,peasant,adjective,A2
багаторічний,perennial,adjective,A2
вантаж,freight,noun,A2
виробити,produce,verb,A2
елементарний,basic,adjective,A2
Лондон,london,noun,A2
оптимізм,optimism,noun,A2
прикро,regrettably,adverb,A2
прилад,device,noun,A2
суперечливий,contradictory,adjective,A2
сучасність,contemporaneity,noun,A2
ухвалювати,to,verb,A2
в'язниця,prison,noun,A2
грецький,greek,adjective,A2
двигун,engine,noun,A2
застава,pledge,noun,A2
медик,physician,noun,A2
могила,grave,noun,A2
можновладець,magnate,noun,A2
мусити,must,verb,A2
навичка,habit,noun,A2
неминучий,inevitable,adjective,A2
посилатися,mention,verb,A2
провал,failure,noun,A2
професіоналізм,professionalism,noun,A2
сісти,board,verb,A2
спершу,first,adverb,A2
Афганістан,afghanistan,noun,A2
виїхати,to,verb,A2
вхід,entrance,noun,A2
Гоголь,gogol,noun,A2
гумор,humour,noun,A2
допускати,assume,verb,A2
Закарпаття,zakarpattia,noun,A2
змішаний,mixed,adjective,A2
лишатися,remain,verb,A2
локальний,local,adjective,A2
мертвий,dead,adjective,A2
набирати,to,verb,A2
перебудова,perestroika,noun,A2
поговорити,to,verb,A2
пристрасть,passion,noun,A2
розказати,narrate,verb,A2
розмежування,distinction,noun,A2
скромний,modest,adjective,A2
собівартість,prime,noun,A2
ухвала,decision,noun,A2
відмінний,different,adjective,A2
вкласти,invest,verb,A2
впевненість,confidence,noun,A2
консолідація,consolidation,noun,A2
незрозумілий,incomprehensible,adjective,A2
неминуче,inevitably,adverb,A2
обвинувачення,prosecution,noun,A2
приємний,nice,adjective,A2
перевести,translate,verb,A2
святковий,holiday,adjective,A2
соціологія,sociology,noun,A2
транспортування,freight,noun,A2
Фінляндія,finland,noun,A2
арсенал,arsenal,noun,A2
вилучення,exception,noun,A2
вихідний,exit,adjective,A2
застосувати,apply,verb,A2
земний,terrestrial,adjective,A2
монополія,monopoly,noun,A2
оприлюднити,publish,verb,A2
патріотизм,patriotism,noun,A2
передвиборчий,preelection,adjective,A2
по-різному,differently,adverb,A2
послідовний,consistent,adjective,A2
різдвяний,christmas,adjective,A2
складність,complication,noun,A2
спорудження,verbal,noun,A2
Станіслав,stanislaus,noun,A2
транзитний,transit,adjective,A2
тягар,burden,noun,A2
уважно,intently,adverb,A2
урочистий,solemn,adjective,A2
устаткування,equipment,noun,A2
характеризувати,characterize,verb,A2
хмельницький,khmelnytskyi,adjective,A2
безкоштовний,free,adjective,A2
Болгарія,bulgaria,noun,A2
випадковий,accidental,adjective,A2
демократизація,democratization,noun,A2
експозиція,show,noun,A2
жахливий,terrible,adjective,A2
запорожець,zaporozhian,noun,A2
запорозький,zaporozhian,adjective,A2
кут,angle,noun,A2
перенести,carry,verb,A2
пізнання,cognition,noun,A2
поверхня,surface,noun,A2
прибічник,supporter,noun,A2
пригода,adventure,noun,A2
ратифікація,ratification,noun,A2
справедливо,fairly,adverb,A2
арабський,arabic,adjective,A2
балотуватися,stand,verb,A2
запрошення,invitation,noun,A2
крайній,extreme,adjective,A2
лунати,to,verb,A2
мігрант,migrant,noun,A2
нуль,nil,noun,A2
перевищити,surpass,verb,B1
погіршення,worsening,noun,B1
примусити,force,verb,B1
суспільно-політичний,sociopolitical,adjective,B1
усунути,alternative,verb,B1
все,everything,pronoun,B1
Єгипет,egypt,noun,B1
інновація,innovation,noun,B1
інструкція,manual,noun,B1
розділити,to,verb,B1
священик,minister,noun,B1
спати,sleep,verb,B1
фон,background,noun,B1
юний,young,adjective,B1
виключити,exclude,verb,B1
Гітлер,adolf,noun,B1
Європарламент,european,noun,B1
звинуватити,name,verb,A1
зрада,treason,noun,B1
концептуальний,conceptual,adjective,B1
монастир,monastery,noun,B1
мораторій,moratorium,noun,B1
напис,heading,noun,B1
народжуватися,be,verb,A1
невід'ємний,non-negative,adjective,B1
неефективний,inefficient,adjective,B1
обґрунтування,argument,noun,B1
посібник,manual,noun,B1
республіканський,republican,adjective,B1
сонячний,sunny,adjective,B1
спрямувати,to,verb,B1
формулювання,formulation,noun,B1
чутка,rumor,noun,B1
щоразу,each,adverb,B1
банкір,banker,noun,B1
батьківський,paternal,adjective,B1
безробітний,unemployed,adjective,B1
бензин,gasoline,noun,B1
виплатити,to,verb,B1
властивий,incident,adjective,B1
диво,miracle,noun,B1
додаток,appendix,noun,B1
інспекція,inspection,noun,B1
легенда,legend,noun,B1
лихо,evil,noun,B1
лікувати,heal,verb,B1
оскарження,appeal,noun,B1
Петрович,petrovich,noun,B1
поводити,lead,verb,B1
полтавський,poltava,adjective,B1
посадити,plant,verb,B1
поштовх,push,noun,B1
працюючий,working,adjective,B1
стрес,stress,noun,B1
схильний,liable,adjective,B1
тюрма,prison,noun,B1
угруповання,faction,noun,B1
управляти,manage,verb,B1
філія,branch,noun,B1
хаос,chaos,noun,B1
вдалий,successful,adjective,B1
вміння,craft,noun,B1
впевнено,confidently,adverb,B1
захищений,protected,adjective,B1
настати,to,verb,B1
неприємний,nasty,adjective,B1
побут,stay,noun,B1
погодження,coordination,noun,B1
позитивно,positively,adverb,B1
покладатися,rely,verb,B1
ріг,antler,noun,B1
стимул,stimulus,noun,B1
терор,terrorism,noun,B1
франк,franc,noun,B1
бурхливий,turbulent,adjective,B1
відносно,relatively,adverb,B1
вклад,deposit,noun,B1
єврей,jewry,noun,B1
загальнонаціональний,nationwide,adjective,B1
зло,evil,noun,B1
неділя,sunday,noun,B1
океан,ocean,noun,B1
освічений,educated,adjective,B1
регулятор,governor,noun,B1
човен,boat,noun,B1
випустити,release,verb,B1
друк,press,noun,B1
осінь,autumn,noun,B1
парадокс,paradox,noun,B1
піднімати,lift,verb,B1
познайомитися,get,verb,A1
політично,politically,adverb,B1
полотно,piece,noun,B1
причетний,involved,adjective,B1
проявлятися,to,verb,B1
розв'язувати,solve,verb,B1
розкриття,revelation,noun,B1
спокійний,quiet,adjective,B1
стабілізація,stabilization,noun,B1
телефонний,telephonic,adjective,B1
Валентин,inflection,noun,B1
величина,size,noun,B1
виховувати,bring,verb,B1
застарілий,old-fashioned,adjective,B1
лякати,frighten,verb,B1
митниця,customs,noun,B1
міняти,change,verb,B1
налагодити,debug,verb,B1
неймовірний,improbable,adjective,B1
нелегальний,illegal,adjective,B1
пити,drink,verb,B1
презумпція,presumption,noun,B1
сміятися,to,verb,B1
спромогтися,to,verb,B1
українка,citizen,noun,B1
царський,imperial,adjective,B1
видавець,publisher,noun,B1
відпустка,leave,noun,A1
вірний,faithful,adjective,B1
забудовник,real,noun,B1
запевнити,assure,verb,B1
згадка,memory,noun,B1
здобувати,acquire,verb,B1
китаєць,person,noun,B1
наступ,offensive,noun,B1
обмежити,limit,verb,B1
посилання,mention,noun,B1
психологія,psychology,noun,B1
радіти,rejoice,verb,B1
світогляд,worldview,noun,B1
скрізь,anywhere,adverb,B1
спектр,spectrum,noun,B1
спротив,resistance,noun,B1
укладення,attachment,noun,B1
учора,yesterday,adverb,B1
хворий,patient,noun,B1
цензура,censorship,noun,B1
боєць,fighter,noun,B1
виведення,retreat,noun,B1
вижити,survive,verb,B1
дикий,barbarian,adjective,B1
здивувати,cause,verb,B1
картка,card,noun,B1
компетентний,competent,adjective,B1
подача,serve,noun,B1
поступатися,give,verb,A1
привезти,bring,verb,B1
проходження,transit,noun,B1
реактор,reactor,noun,B1
символічний,symbolic,adjective,B1
сусіда,neighbour,noun,B1
терен,blackthorn,noun,B1
терен,land,noun,B1
Христос,christ,noun,B1
балет,ballet,noun,B1
брудний,dirty,adjective,B1
витік,leak,noun,B1
Волинь,volyn,noun,B1
доцент,docent,noun,B1
доцільний,expedient,adjective,B1
запевняти,assure,verb,B1
однозначний,single-digit,adjective,B1
ознайомитися,to,verb,B1
повсякденний,day-to-day,adjective,B1
подорож,trip,noun,B1
поїзд,train,noun,B1
поліпшити,improve,verb,B1
предок,ancestor,noun,B1
пропорційний,proportional,adjective,B1
рано,early,adverb,B1
тернопільський,ternopil,adjective,B1
уран,uranium,noun,B1
фінал,finale,noun,B1
біженець,refugee,noun,B1
вдячний,grateful,adjective,B1
весна,spring,noun,B1
зайнятий,busy,adjective,B1
зустрічати,meet,verb,B1
колізія,conflict,noun,B1
красти,steal,verb,B1
молочний,dairy,adjective,B1
навчити,teach,verb,B1
неодмінно,necessarily,adverb,B1
об'єднатися,join,verb,B1
оригінал,original,noun,B1
профілактика,prophylaxis,noun,B1
уникати,escape,verb,B1
фах,occupation,noun,B1
Хрущов,khrushchev,noun,B1
басейн,basin,noun,B1
вінницький,vinnytsia,adjective,B1
гендерний,gender,adjective,B1
демократ,democrat,noun,B1
домовлятися,negotiate,verb,B1
драматичний,dramatic,adjective,B1
залежний,dependent,adjective,B1
запустити,execute,verb,B1
класифікація,classification,noun,B1
командування,command,noun,B1
консенсус,consensus,noun,B1
листя,foliage,noun,B1
майстерність,craft,noun,B1
навколо,about,adverb,B1
ненависть,hatred,noun,B1
проявити,develop,verb,B1
рішучий,determined,adjective,B1
роздавати,deal,verb,B1
розповсюдження,proliferation,noun,B1
самостійність,nationality,noun,B1
собака,dog,noun,A1
тон,tone,noun,B1
централізований,centralized,adjective,B1
бригада,crew,noun,B1
гордість,pride,noun,B1
дипломатія,diplomacy,noun,B1
досягати,achieve,verb,B1
знизитися,fall,verb,B1
легендарний,legendary,adjective,B1
позика,loan,noun,B1
розрив,estrangement,noun,B1
співрозмовник,interlocutor,noun,B1
трагічний,tragic,adjective,B1
функціональний,functional,adjective,B1
чеський,czech,adjective,B1
авторитаризм,authoritarianism,noun,B1
виправити,correct,verb,B1
глухий,deaf,adjective,B1
довкілля,environment,noun,B1
задовольнити,content,verb,B1
задовольняти,content,verb,B1
івано-франківський,ivano-frankivsk,adjective,B1
зручний,comfortable,adjective,B1
квадратний,square,adjective,B1
Кирило,cyril,noun,B1
компенсувати,make,verb,A1
легальний,legal,adjective,B1
наближення,approach,noun,B1
переважати,overwhelm,verb,B1
піраміда,pyramid,noun,B1
послання,message,noun,B1
реформувати,reform,verb,B1
символіка,symbolism,noun,B1
Словаччина,slovakia,noun,B1
словник,dictionary,noun,B1
яма,pit,noun,B1
біографія,biography,noun,B1
винагорода,award,noun,B1
всесвіт,world,noun,B1
дивувати,astonish,verb,B1
епізод,episode,noun,B1
зима,winter,noun,B1
непогано,not,adverb,A1
неправильний,wrong,adjective,B1
обслуговувати,service,verb,B1
спад,fall,noun,B1
статися,happen,verb,B1
фундамент,base,noun,B1
бар'єр,barrier,noun,B1
віл,ox,noun,B1
дистанційний,distance,adjective,B1
Естонія,estonia,noun,B1
загал,the,noun,B1
маркетинг,marketing,noun,B1
накопичення,accumulation,noun,B1
натовп,crowd,noun,B1
підозра,suspicion,noun,B1
погодитися,consent,verb,B1
погодитися,to,verb,B1
покриття,covering,noun,B1
помітно,markedly,adverb,B1
поцікавитися,to,verb,B1
рана,wound,noun,B1
слухач,listener,noun,B1
субсидія,subsidy,noun,B1
сформулювати,formulate,verb,B1
чийсь,anybody,pronoun,B1
архівний,archival,adjective,B1
виводити,exterminate,verb,B1
виживання,survival,noun,B1
духовність,spirituality,noun,B1
закінчувати,finish,verb,B1
зруйнувати,destroy,verb,B1
імпульс,impulse,noun,B1
інтрига,machination,noun,B1
кара,sentence,noun,B1
машинобудування,machine,noun,B1
муніципальний,municipal,adjective,B1
наближатися,approach,verb,B1
неможливість,impossibility,noun,B1
неоднозначний,ambiguous,adjective,B1
неправильно,incorrectly,adverb,B1
нижній,bottom,adjective,B1
перерозподіл,redistribution,noun,B1
підпорядкований,subordinate,adjective,B1
привертати,attract,verb,B1
протестувати,protest,verb,B1
різновид,version,noun,B1
творення,creation,noun,B1
узбережжя,seaside,noun,B1
цьогорічний,this,adjective,B1
чверть,term,noun,B1
біржа,exchange,noun,B1
борець,fighter,noun,B1
Бразилія,brazil,noun,B1
везти,carry,verb,B1
відкритися,to,verb,B1
відхід,departure,noun,B1
діагноз,diagnosis,noun,B1
діло,company,noun,B1
долучитися,to,verb,B1
євразійський,eurasian,adjective,B1
інтерпретація,interpretation,noun,B1
кидати,to,verb,B1
колонія,colony,noun,B1
незрозуміло,inexplicably,adverb,B1
молодість,youth,noun,B1
мудрість,wisdom,noun,B1
нестабільність,instability,noun,B1
олімпіада,olympics,noun,B1
охопити,to,verb,B1
підліток,fledgling,noun,B1
позначатися,to,verb,B1
пост,office,noun,B1
реабілітація,rehabilitation,noun,B1
смертний,mortal,adjective,B1
суцільний,continuous,adjective,B1
турбувати,bother,verb,B1
турок,turk,noun,B1
хлопчик,boy,noun,A1
авто,car,noun,A1
адреса,address,noun,B1
взаємовідносини,relationship,noun,B1
відображення,shadow,noun,B1
декларувати,declare,verb,B1
добровільно,voluntarily,adverb,B1
дотація,grant,noun,B1
збірний,collective,adjective,B1
інвестувати,invest,verb,B1
конкретно,concretely,adverb,B1
лічильник,meter,noun,B1
неподалік,near,adverb,B1
Пекін,beijing,noun,B1
питати,ask,verb,A1
помічати,notice,verb,B1
соборність,unity,noun,B1
спадок,bequest,noun,B1
стрімко,steeply,adverb,B1
хвилювати,fluster,verb,B1
хімія,chemistry,noun,B1
акцентувати,accentuate,verb,B1
викласти,to,verb,B1
відкриватися,to,verb,B1
відтворювати,recreate,verb,B1
Вірменія,armenia,noun,B1
Георгій,george,noun,B1
гуртожиток,hostel,noun,B1
електростанція,power,noun,B1
етика,ethics,noun,B1
забруднення,pollution,noun,B1
закриття,verbal,noun,B1
запобігти,prevent,verb,B1
заснування,foundation,noun,B1
звук,sound,noun,B1
козацтво,cossacks,noun,B1
конкурувати,compete,verb,B1
луганський,luhansk,adjective,B1
миколаївський,mykolaiv,adjective,B1
налагодження,debugging,noun,B1
націоналістичний,nationalist,adjective,B1
примушувати,force,verb,B1
скандальний,scandalous,adjective,B1
бездіяльність,inactivity,noun,B1
блискучий,brilliant,adjective,B1
бюрократичний,bureaucratic,adjective,B1
верхній,upper,adjective,B1
втілювати,embody,verb,B1
вухо,organ,noun,B1
дійсний,concrete,adjective,B1
експериментальний,experimental,adjective,B1
Кавказ,caucasus,noun,B1
нобелівський,nobel,adjective,B1
печінка,liver,noun,B1
понеділок,monday,noun,B1
порадити,advise,verb,B1
правитель,ruler,noun,B1
проголосити,proclaim,verb,B1
розмістити,place,verb,B1
розширювати,extend,verb,B1
Софія,sophia,noun,B1
Софія,sofia,noun,B1
соціаліст,socialist,noun,B1
спрямовувати,to,verb,B1
терміново,urgently,adverb,B1
фікція,fiction,noun,B1
шахтар,miner,noun,B1
аптека,pharmacy,noun,B1
еволюція,evolution,noun,B1
загибель,doom,noun,B1
земляк,compatriot,noun,B1
Ірина,irene,noun,B1
кілограм,kilogram,noun,B1
крапка,point,noun,B1
матч,match,noun,B1
минати,pass,verb,B1
напружений,tense,adjective,B1
Нідерланди,netherlands,noun,B1
нововведення,innovation,noun,B1
поступка,concession,noun,B1
профіль,profile,noun,B1
родинний,consanguineous,adjective,B1
розпочинати,undertake,verb,B1
сперечатися,argue,verb,B1
супровід,accompaniment,noun,B1
укладати,lay,verb,B1
шалений,crazy,adjective,B1
агресивний,aggressive,adjective,B1
винахід,invention,noun,B1
відреагувати,react,verb,B1
гімназія,gymnasium,noun,B1
дельфін,dolphin,noun,B1
запозичення,loanword,noun,B1
зареєструвати,to,verb,B1
затримання,apprehension,noun,B1
зняття,withdrawal,noun,B1
інтелект,mind,noun,B1
каденція,cadenza,noun,B1
ледь,hardly,adverb,B1
м'ясо,meat,noun,B1
нюанс,nuance,noun,B1
передовий,advanced,adjective,B1
повільно,slowly,adverb,B1
соціалізм,socialism,noun,B1
стрімкий,slim,adjective,B1
торкнутися,touch,verb,B1
вказати,point,verb,B1
вправа,practice,noun,B1
дивовижний,amazing,adjective,B1
Дніпро,dnipro,noun,B1
документальний,documentary,adjective,B1
запроваджувати,introduce,verb,B1
картинка,thumbnail,noun,B1
кричати,cry,verb,B1
листівка,leaflet,noun,B1
полон,captivity,noun,B1
посол,ambassador,noun,B1
тактика,tactics,noun,B1
тисячоліття,millennium,noun,B1
черговий,person,noun,B1
алкоголь,spirit,noun,B1
аналогія,analogy,noun,B1
банкрутство,bankruptcy,noun,B1
гарантований,guaranteed,adjective,B1
заборонений,forbidden,adjective,B1
зменшуватися,flag,verb,B1
знижувати,reduce,verb,B1
індекс,index,noun,B1
лютий,fierce,adjective,B1
напередодні,the,adverb,B1
панування,rule,noun,B1
приріст,increased,noun,B1
ресторан,restaurant,noun,B1
сталь,steel,noun,B1
статистичний,statistical,adjective,B1
страйк,strike,noun,B1
фермер,farmer,noun,B1
цілеспрямований,goal-oriented,adjective,B1
дерти,tear,verb,B1
звільняти,exempt,verb,B1
канікули,vacation,noun,B1
корова,cow,noun,B1
Латвія,latvia,noun,B1
нічний,nocturnal,adjective,B1
придумати,make,verb,A1
плакати,cry,verb,B1
привітати,to,verb,B1
примус,duress,noun,B1
пролунати,to,verb,B1
резиденція,residence,noun,B1
робота,work,noun,A1
стародавній,ancient,adjective,B1
темний,dark,adjective,B1
усе,all,adverb,B1
хода,step,noun,B1
частковий,partial,adjective,B1
автомат,automaton,noun,B1
агресія,aggression,noun,B1
арбітр,judge,noun,B1
веселий,cheerful,adjective,B1
вночі,at,adverb,B1
донедавна,until,adverb,B1
доручити,to,verb,B1
зателефонувати,telephone,verb,B1
кон'юнктура,conjuncture,noun,B1
зменшувати,flag,verb,B1
кількісний,quantitative,adjective,B1
латинський,latin,adjective,B1
направити,route,verb,B1
окупація,occupation,noun,B1
онук,grandson,noun,B1
очищення,rectification,noun,B1
перешкоджати,interfere,verb,B1
престижний,prestigious,adjective,B1
прибрати,take,verb,A1
пряма,line,noun,B1
санаторій,sanatorium,noun,B1
спокуса,seduction,noun,B1
тихий,quiet,adjective,B1
тканина,cloth,noun,B1
травма,injury,noun,B1
церемонія,ceremony,noun,B1
Бельгія,belgium,noun,B1
воїн,fighter,noun,B1
грек,person,noun,B1
динамічний,dynamic,adjective,B1
дошка,board,noun,B1
кадр,shot,noun,B1
кухня,kitchen,noun,B1
однодумець,like-minded,noun,B1
озвучити,to,verb,B1
олігархічний,oligarchic,adjective,B1
підтримання,verbal,noun,B1
позачерговий,extraordinary,adjective,B1
спонсор,sponsor,noun,B1
сьомий,seventh,adjective,B1
торгувати,deal,verb,B1
тренд,trend,noun,B1
цитата,quotation,noun,B1
щоденний,diurnal,adjective,B1
вбивати,kill,verb,B1
втілити,embody,verb,B1
глузд,sense,noun,B1
Данило,daniel,noun,B1
дощ,rain,noun,B1
завдати,to,verb,B1
золото,gold,noun,B1
колега,associate,noun,B1
конструктор,constructor,noun,B1
кооперація,cooperation,noun,B1
корумпований,corrupt,adjective,B1
мізерний,meagre,adjective,B1
мізерний,trivial,adjective,B1
найгірший,worst,adjective,B1
небагато,little,adverb,B1
недійсний,invalid,adjective,B1
певно,apparently,adverb,B1
Платон,plato,noun,B1
посилювати,to,verb,B1
скасовувати,cancel,verb,B1
виключення,exception,noun,B1
відтепер,henceforth,adverb,B1
відчутний,perceptible,adjective,B1
вуличний,street,adjective,B1
заперечення,abnegation,noun,B1
заснувати,found,verb,B1
комікс,comic,noun,B1
конфліктний,conflict,adjective,B1
кредитор,creditor,noun,B1
маска,mask,noun,B1
мислити,think,verb,A1
м'яко,gently,adverb,B1
невизначеність,uncertainty,noun,B1
олія,oil,noun,B1
письменниця,writer,noun,B1
плід,fruit,noun,B1
прогалина,blank,noun,B1
рахувати,count,verb,B1
руйнування,destruction,noun,B1
степ,steppe,noun,B1
будь-хто,any,pronoun,B1
віддалений,remote,adjective,B1
відігравати,to,verb,B1
втручатися,to,verb,B1
гармонія,accordion,noun,B1
доти,for,adverb,B1
започаткувати,to,verb,B1
легітимний,legitimate,adjective,B1
лібералізація,liberalization,noun,B1
львів'янин,leopolitan,noun,B1
меншість,minority,noun,B1
оборот,cycle,noun,B1
піч,oven,noun,B1
повторний,repeated,adjective,B1
попередити,warn,verb,B1
працевлаштування,employment,noun,B1
примірник,copy,noun,B1
протиріччя,contradiction,noun,B1
ранг,rank,noun,B1
слабкість,weakness,noun,B1
сльоза,tear,noun,B1
соціум,society,noun,B1
шкіра,leather,noun,B1
Австралія,australia,noun,B1
агітація,propaganda,noun,B1
бомба,bomb,noun,B1
відкинути,reject,verb,B1
врожай,crop,noun,B1
додатково,additionally,adverb,B1
закономірність,regularity,noun,B1
Корея,korea,noun,B1
малюнок,picture,noun,B1
напруга,voltage,noun,B1
Наталя,natalie,noun,B1
парк,park,noun,B1
Португалія,portugal,noun,B1
проза,prose,noun,B1
регулярний,regular,adjective,B1
сума,amount,noun,B1
сума,bag,noun,B1
тогочасний,of,adjective,B1
хребет,spine,noun,B1
шведський,swedish,adjective,B1
вакцина,vaccine,noun,B1
відгук,echo,noun,B1
Владислав,ladislaus,noun,B1
гарантування,verbal,noun,B1
зупинятися,stop,verb,B1
ієрархія,hierarchy,noun,B1
індустрія,industry,noun,B1
інспектор,inspector,noun,B1
Ірак,iraq,noun,B1
ймовірно,probably,adverb,B1
кардинальний,cardinal,adjective,B1
кошик,basket,noun,B1
кошторис,estimate,noun,B1
лідерство,leadership,noun,B1
надовго,for,adverb,B1
наказати,bid,verb,B1
наперед,forward,adverb,B1
невідкладний,pressing,adjective,B1
папа,pope,noun,B1
реформатор,reformer,noun,B1
розташування,location,noun,B1
січ,place,noun,B1
скарбниця,treasury,noun,B1
тактичний,tactical,adjective,B1
херсонський,khersonite,adjective,B1
чарівний,magical,adjective,B1
чистота,purity,noun,B1
шанувати,esteem,verb,B1
вжити,apply,verb,B1
візовий,visa,adjective,B1
вкладник,investor,noun,B1
волинський,volyn,adjective,B1
дерев'яний,wooden,adjective,B1
дніпровський,dnieper,adjective,B1
допит,interrogation,noun,B1
жах,terror,noun,B1
запорука,warranty,noun,B1
знайомство,acquaintances,noun,B1
Індія,india,noun,B1
інтенсивний,intense,adjective,B1
керування,management,noun,B1
неформальний,informal,adjective,B1
обурення,indignation,noun,B1
описувати,describe,verb,B1
податківець,tax,noun,B1
подвиг,achievement,noun,B1
румунський,romanian,adjective,B1
фаза,stage,noun,B1
австрійський,austrian,adjective,B1
верхівка,summit,noun,B1
виготовляти,make,verb,A1
відданий,loyal,adjective,B1
відібрати,confiscate,verb,B1
відкидати,to,verb,B1
відкидати,deny,verb,B1
відновлювати,restore,verb,B1
відстань,distance,noun,B1
вона,she,pronoun,A1
вузол,node,noun,B1
годинник,clock,noun,B1
дивізія,division,noun,B1
дівчинка,girl,noun,A1
дуб,oak,noun,B1
дужий,powerful,adjective,B1
замислюватися,to,verb,B1
затриманий,delayed,adjective,B1
захоплюватися,admire,verb,B1
здогадуватися,guess,verb,B1
ісламський,islamic,adjective,B1
клітина,cell,noun,B1
конкурентоспроможний,competitive,adjective,B1
легалізація,legalization,noun,B1
небажання,reluctance,noun,B1
невдалий,unsuccessful,adjective,B1
обшук,search,noun,B1
півострів,point,noun,B1
потерпати,to,verb,B1
прибутковий,profitable,adjective,B1
присяга,oath,noun,B1
провінція,province,noun,B1
садиба,homestead,noun,B1
самотужки,alone,adverb,B1
Саркозі,sarkozy,noun,B1
фарба,color,noun,B1
цукровий,sugar,adjective,B1
чернігівський,chernihiv,adjective,B1
будівельник,builder,noun,B1
виправданий,justified,adjective,B1
вирощувати,cultivate,verb,B1
включити,incorporate,verb,B1
гірський,mountain,adjective,B1
годувати,feed,verb,B1
диск,circle,noun,B1
дискримінація,discrimination,noun,B1
експансія,expansion,noun,B1
заможний,affluent,adjective,B1
затримати,detain,verb,B1
імператор,emperor,noun,B1
коливання,fluctuation,noun,B1
медіа,media,noun,B1
методологія,methodology,noun,B1
мовлення,speech,noun,B1
обстановка,situation,noun,B1
перебільшення,exaggeration,noun,B1
привабливість,attraction,noun,B1
провідник,conductor,noun,B1
рація,reason,noun,B1
страшно,terrifyingly,adverb,B1
фізика,physics,noun,B1
фіксувати,to,verb,B1
черкаський,cherkasy,adjective,B1
явний,apparent,adjective,B1
відзнака,insignia,noun,B1
глибинний,depth,adjective,B1
дошкільний,preschool,adjective,B1
етичний,ethical,adjective,B1
журналістський,journalistic,adjective,B1
імперський,imperial,adjective,B1
календар,calendar,noun,B1
міжурядовий,intergovernmental,adjective,B1
назустріч,coming,adverb,B1
наполегливо,tenaciously,adverb,B1
Порошенко,poroshenko,noun,B1
привілей,privilege,noun,B1
присвятити,dedicate,verb,B1
прорив,breakthrough,noun,B1
розсуд,judgment,noun,B1
співачка,songstress,noun,B1
схвалити,approve,verb,B1
уміння,facility,noun,B1
Чернівці,chernivtsi,noun,B1
барак,shack,noun,B1
виплачувати,to,verb,B1
лояльність,loyalty,noun,B1
куб,cube,noun,B1
орбіта,orbit,noun,B1
перекласти,translate,verb,B1
покладати,to,verb,B1
продуктивність,performance,noun,B1
скидати,overthrow,verb,B1
сховище,warehouse,noun,B1
терпіти,bear,verb,B1
турнір,tournament,noun,B1
ховатися,hide,verb,B1
цитувати,quote,verb,B1
чернівецький,chernivtsi,adjective,B1
четвер,thursday,noun,B1
щомісяця,monthly,adverb,B1
атрибут,attribute,noun,B1
вміст,content,noun,B1
відпочивати,rest,verb,B1
грубий,rough,adjective,B1
Джон,john,noun,B1
достойний,worthy,adjective,B1
експонат,exhibit,noun,B1
Карпати,carpathians,noun,B1
комісар,commissar,noun,B1
кривий,crooked,adjective,B1
лишитися,remain,verb,B1
мінус,minus,noun,B1
невідповідність,inconsistency,noun,B1
неповний,incomplete,adjective,B1
ніша,alcove,noun,B1
ода,ode,noun,B1
парадигма,paradigm,noun,B1
переставати,stop,verb,B1
питний,potable,adjective,B1
повстання,riot,noun,B1
посвідчення,identification,noun,B1
пристойний,decent,adjective,B1
проголошувати,proclaim,verb,B1
свідоцтво,evidence,noun,B1
світський,secular,adjective,B1
сухий,dry,adjective,B1
таблиця,table,noun,A1
татарин,tatar,noun,B1
точність,reliability,noun,B1
узагальнення,generalization,noun,B1
учасниця,participant,noun,B1
Ялта,yalta,noun,B1
акредитація,accreditation,noun,B1
безглуздий,absurd,adjective,B1
безпрецедентний,unprecedented,adjective,B1
викладання,account,noun,B1
високотехнологічний,hi-tech,adjective,B1
друкований,printed,adjective,B1
закарпатський,zakarpattia,adjective,B1
Йосип,joseph,noun,B1
коліно,knee,noun,B1
крило,wing,noun,B1
мріти,dream,verb,B1
наважитися,dare,verb,B1
надійність,quality,noun,B1
оголошувати,announce,verb,B1
пакт,treaty,noun,B1
півріччя,semester,noun,B1
підводний,underwater,adjective,B1
по-іншому,differently,adverb,B1
послухати,listen,verb,B1
сніг,snow,noun,B1
солодкий,sweet,adjective,B1
сорт,sort,noun,B1
стримувати,restrain,verb,B1
сутичка,skirmish,noun,B1
унітарний,unitary,adjective,B1
авіація,aviation,noun,B1
висловлюватися,to,verb,B1
вираз,expression,noun,B1
відчуження,detachment,noun,B1
всебічний,comprehensive,adjective,B1
геніальний,brilliant,adjective,B1
детально,in,adverb,B1
Дніпропетровськ,dnipropetrovsk,noun,B1
драма,drama,noun,B1
дума,duma,noun,B1
зачепити,to,verb,B1
зруйнований,destroyed,adjective,B1
імунітет,immunity,noun,B1
кермо,handlebar,noun,B1
кобзар,kobzar,noun,B1
мито,duty,noun,B1
наївний,naive,adjective,B1
невдоволення,dissatisfaction,noun,B1
погроза,threat,noun,B1
подружжя,married,noun,B1
прецедент,precedent,noun,B1
рідкісний,rare,adjective,B1
розкіш,affluence,noun,B1
Сербія,serbia,noun,B1
сірий,gray,adjective,B1
скульптор,sculptor,noun,B1
статок,abundance,noun,B1
сучасник,contemporary,noun,B1
течія,brook,noun,B1
фальшивий,fake,adjective,B1
фіскальний,fiscal,adjective,B1
хибний,false,adjective,B1
африканський,african,adjective,B1
блакитний,blue-colored,adjective,B1
вдарити,beat,verb,B1
вибачити,excuse,verb,B1
грамота,charter,noun,B1
ера,age,noun,B1
єврейський,jewish,adjective,B1
заощадження,saving,noun,B1
заперечити,oppose,verb,B1
записати,save,verb,B1
змістовний,substantive,adjective,B1
ікона,icon,noun,B1
натуральний,natural,adjective,B1
ознайомлення,verbal,noun,B1
періодично,periodically,adverb,B1
подив,surprise,noun,B1
позбавляти,bereave,verb,B1
популізм,populism,noun,B1
пристрій,gadget,noun,B1
провина,guilt,noun,B1
пустити,let,verb,B1
різнитися,differ,verb,B1
субота,saturday,noun,B1
термінологія,terminology,noun,B1
тривога,alert,noun,B1
антиукраїнський,anti-ukrainian,adjective,B1
ввечері,in,adverb,B1
винятковий,exceptional,adjective,B1
водити,lead,verb,B1
десятиріччя,decade,noun,B1
євроатлантичний,euro-atlantic,adjective,B1
зізнатися,to,verb,B1
іранський,iranian,adjective,B1
карпатський,relating,adjective,B1
ланцюжок,chain,noun,B1
математика,mathematics,noun,B1
мужність,courage,noun,B1
неурядовий,non-governmental,adjective,B1
Норвегія,norway,noun,B1
отаман,ataman,noun,B1
паркан,fence,noun,B1
переносити,carry,verb,B1
переносити,to,verb,B1
піст,fasting,noun,B1
погода,weather,noun,B1
погрожувати,threaten,verb,B1
подекуди,here,adverb,B1
примусовий,forcible,adjective,B1
роза,rose,noun,B1
розкривати,expose,verb,B1
розмірковувати,muse,verb,B1
рухомий,moving,adjective,B1
спровокувати,provoke,verb,B1
схвалення,approval,noun,B1
тридцять,thirty,numeral,B1
шедевр,masterpiece,noun,B1
байдуже,indifferently,adverb,B1
блокувати,block,verb,B1
високо,highly,adverb,B1
виставити,display,verb,B1
волосся,hair,noun,B1
виходець,person,noun,B1
геологічний,geologic,adjective,B1
десятий,tenth,adjective,B1
дизайн,art,noun,B1
дід,grandfather,noun,B1
ентузіазм,enthusiasm,noun,B1
знижка,discount,noun,B1
іспанський,spanish,adjective,B1
ймовірність,probability,noun,B1
колгосп,kolkhoz,noun,B1
колесо,wheel,noun,B1
консультант,consultant,noun,B1
лікарняний,relating,adjective,B1
мерія,mayoralty,noun,B1
методичний,methodical,adjective,B1
непотрібний,unnecessary,adjective,B1
нульовий,zeroth,adjective,B1
одночасний,simultaneous,adjective,B1
озброєний,armed,adjective,B1
партизан,guerrilla,noun,B1
переїхати,move,verb,B1
перерва,break,noun,B1
пленарний,plenary,adjective,B1
побоюватися,to,verb,B1
послідовність,chain,noun,B1
провокувати,provoke,verb,B1
радіоактивний,radioactive,adjective,B1
справити,fix,verb,B1
старовинний,ancient,adjective,B1
худоба,livestock,noun,B1
хворіти,ache,verb,B1
шкала,scale,noun,B1
юнак,lad,noun,B1
автоматизований,automated,adjective,B1
автоматичний,automatic,adjective,B1
взаємозв'язок,interconnection,noun,B1
вертоліт,helicopter,noun,B1
губернія,guberniya,noun,B1
витримувати,stand,verb,B1
Відень,vienna,noun,B1
воліти,to,verb,B1
втекти,escape,verb,B1
геній,genius,noun,B1
грузинський,georgian,adjective,B1
доза,dose,noun,B1
екскурсія,hike,noun,B1
експортер,exporter,noun,B1
загострення,verbal,noun,B1
закономірний,natural,adjective,B1
коротко,short,adverb,B1
менталітет,mentality,noun,B1
метрополітен,metro,noun,B1
місячний,lunar,adjective,B1
об'єм,volume,noun,B1
оминути,escape,verb,B1
охоронець,guard,noun,B1
передовсім,first,adverb,B1
підозрювати,suspect,verb,B1
плем'я,tribe,noun,B1
поспілкуватися,to,verb,B1
публікувати,publish,verb,B1
салон,salon,noun,B1
сільрада,rural,noun,B1
спитати,to,verb,B1
сполучення,connection,noun,B1
сусідство,neighborhood,noun,B1
тиснути,squeeze,verb,B1
ускладнювати,complicate,verb,B1
установити,set,verb,B1
ядро,core,noun,B1
ясно,clearly,adverb,B1
абсурд,nonsense,noun,B1
безвізовий,visa-free,adjective,B1
буква,letter,noun,B1
вирізнятися,to,verb,B1
відставати,to,verb,B1
відходити,leave,verb,A1
всенародний,nationwide,adjective,B1
героїчний,heroic,adjective,B1
докладно,in,adverb,B1
замало,too,adverb,B1
інвалідність,disability,noun,B1
ланцюг,chain,noun,B1
лягти,lie,verb,B1
народжуваність,birthrate,noun,B1
ненавидіти,hate,verb,B1
ненавидіти,to,verb,B1
неповторний,unique,adjective,B1
нещодавній,recent,adjective,B1
ніс,nose,noun,B1
облігація,bond,noun,B1
помешкання,habitation,noun,B1
помилятися,mistake,verb,B1
по-своєму,in,adverb,B1
Прага,prague,noun,B1
руда,ore,noun,B1
спекуляція,speculation,noun,B1
спірний,moot,adjective,B1
спортсмен,sportsperson,noun,B1
тимчасово,temporarily,adverb,B1
тонкий,thin,adjective,B1
утримуватися,abstain,verb,B1
фантастичний,fantastical,adjective,B1
чемпіон,champion,noun,B1
базар,market,noun,B1
високопосадовець,high-ranking,noun,B1
географія,geography,noun,B1
деградація,degradation,noun,B1
довжина,length,noun,B1
донині,to,adverb,B1
замислитися,muse,verb,B1
заохочення,encouragement,noun,B1
зіткнення,accident,noun,B1
зміцнити,to,verb,B1
керманич,helm,noun,B1
контрабанда,smuggling,noun,B1
наставати,to,verb,B1
невдача,failure,noun,B1
незадоволений,dissatisfied,adjective,B1
нервовий,nervous,adjective,B1
обійти,circumvent,verb,B1
перекладати,translate,verb,B1
перемовини,talk,noun,B1
пласт,seam,noun,B1
платний,nonfree,adjective,B1
побажати,wish,verb,B1
прірва,abyss,noun,B1
продуктивний,prolific,adjective,B1
реставрація,restoration,noun,B1
риторичний,rhetorical,adjective,B1
розвинутий,developed,adjective,B1
русло,riverbed,noun,B1
турбіна,turbine,noun,B1
безплатний,free,adjective,B1
бесіда,talk,noun,B1
бігти,flee,verb,B1
ворота,goal,noun,B1
відзначатися,distinguish,verb,B1
конче,definitely,adverb,B1
кінотеатр,cinema,noun,B1
класика,classical,noun,B1
курорт,resort,noun,B1
Литва,lithuania,noun,B1
маєток,manor,noun,B1
миттєво,instantly,adverb,B1
модний,fashionable,adjective,B1
надіслати,send,verb,B1
оперувати,operate,verb,B1
опинятися,end,verb,B1
переворот,upheaval,noun,B1
періодичний,periodic,adjective,B1
повнота,fullness,noun,B1
попереджати,caution,verb,B1
проводитися,to,verb,B1
прозвучати,to,verb,B1
п'ятниця,friday,noun,B1
ритм,beat,noun,B1
середньовічний,medieval,adjective,B1
Руслан,inflection,noun,B1
сертифікація,certification,noun,B1
суперник,adversary,noun,B1
терапія,therapy,noun,B1
тренер,coach,noun,B1
фортеця,fortress,noun,B1
штука,piece,noun,B1
видіти,see,verb,A1
виживати,survive,verb,B1
вокзал,station,noun,B1
в'язень,captive,noun,B1
граничний,utmost,adjective,B1
душевний,cordial,adjective,B1
житомирський,zhytomyr,adjective,B1
задній,back,adjective,B1
знижуватися,fall,verb,B1
зникнення,verbal,noun,B1
знищувати,annihilate,verb,B1
зупинка,stop,noun,B1
клінічний,clinical,adjective,B1
ковбаса,sausage,noun,B1
маневр,maneuver,noun,B1
манера,manner,noun,B1
недосконалий,imperfect,adjective,B1
недоторканність,immunity,noun,B1
опалення,heating,noun,B1
пасивний,passive,adjective,B1
переконливий,convincing,adjective,B1
печатка,seal,noun,B1
платіжний,payment,adjective,B1
пляшка,bottle,noun,B1
поза,pose,noun,B1
поліцейський,police,adjective,B1
портфель,briefcase,noun,B1
поселення,village,noun,B1
по-справжньому,properly,adverb,B1
приїзд,arrival,noun,B1
ручний,manual,adjective,B1
садок,coop,noun,B1
сексуальний,sexual,adjective,B1
синдром,syndrome,noun,B1
стандартний,standard,adjective,B1
терористичний,terrorist,adjective,B1
технікум,school,noun,A1
торкатися,touch,verb,B1
уява,imagination,noun,B1
фрагмент,fragment,noun,B1
шанувальник,admirer,noun,B1
швейцарський,swiss,adjective,B1
абстрактний,abstract,adjective,B1
амбулаторія,clinic,noun,B1
бандит,thug,noun,B1
варта,watch,noun,B1
визволення,verbal,noun,B1
визволення,release,noun,B1
виключний,exclusive,adjective,B1
вилучити,confiscate,verb,B1
голодний,hungry,adjective,B1
дебати,debate,noun,B1
жовтневий,october,adjective,B1
задача,problem,noun,B1
зумовити,to,verb,B1
інтелектуал,intelligent,noun,B1
іронія,irony,noun,B1
істинний,true,adjective,B1
ймовірний,probable,adjective,B1
католицький,catholic,adjective,B1
нотаріус,notary,noun,B1
методологічний,methodological,adjective,B1
м'який,soft,adjective,B1
науково,scientifically,adverb,B1
непорозуміння,misunderstanding,noun,B1
оптимістичний,optimistic,adjective,B1
пасажирський,passenger,adjective,B1
подробиця,detail,noun,B1
поєднати,hook,verb,B1
покинути,abandon,verb,B1
потягти,pull,verb,B1
приїздити,come,verb,A1
романтичний,romantic,adjective,B1
стурбованість,disquietude,noun,B1
супутник,moon,noun,B1
тішити,rejoice,verb,B1
визначний,eminent,adjective,B1
виправдати,justify,verb,B1
горілка,vodka,noun,B1
відносний,relative,adjective,B1
гарно,well,adverb,B1
долати,overcome,verb,B1
загадковий,enigmatic,adjective,B1
засудити,convict,verb,B1
інцидент,incident,noun,B1
крах,debacle,noun,B1
кукурудза,maize,noun,B1
об'єднуватися,join,verb,B1
опіка,custody,noun,B1
оплачувати,to,verb,B1
перемагати,win,verb,B1
продюсер,producer,noun,B1
психічний,mental,adjective,B1
раб,slave,noun,B1
спеціалізація,specialization,noun,B1
угіддя,ground,noun,B1
буряк,beet,noun,B1
бухгалтер,bookkeeper,noun,B1
вердикт,verdict,noun,B1
виконком,executive,noun,B1
вимірювання,measurement,noun,B1
вовк,wolf,noun,B1
детальний,detailed,adjective,B1
дивитися,look,verb,A1
дихати,breathe,verb,B1
договірний,treaty,adjective,B1
Донецьк,donetsk,noun,B1
етнос,nationality,noun,B1
ешелон,echelon,noun,B1
завдавати,to,verb,B1
завіса,curtain,noun,B1
занепокоєння,concern,noun,B1
захоплений,captivated,adjective,B1
збіг,coincidence,noun,B1
критично,critically,adverb,B1
ловити,hunt,verb,B1
марно,in,adverb,B1
натяк,allusion,noun,B1
обурюватися,to,verb,B1
переїзд,crossing,noun,B1
перекладач,translator,noun,B1
перепис,census,noun,B1
Петербург,saint,noun,B1
пиво,beer,noun,B1
позначка,mark,noun,B1
реорганізація,reorganization,noun,B1
розбиратися,to,verb,B1
славний,famous,adjective,B1
руїна,ruin,noun,B1
руйнівний,destructive,adjective,B1
ув'язнення,imprisonment,noun,B1
уміти,can,verb,B1
християнство,christianity,noun,B1
цифровий,digital,adjective,B1
шкодувати,regret,verb,B1
взірець,pattern,noun,B1
Балтія,baltic,noun,B1
безперервний,continuous,adjective,B1
боліти,ache,verb,B1
вбити,kill,verb,B1
висококваліфікований,highly,adjective,B1
дядько,uncle,noun,B1
еміграція,emigration,noun,B1
затверджувати,to,verb,B1
істота,entity,noun,B1
кава,coffee,noun,B1
коефіцієнт,coefficient,noun,B1
континентальний,continental,adjective,B1
корінний,native,adjective,B1
непередбачуваний,unpredictable,adjective,B1
нещасний,unhappy,adjective,B1
охарактеризувати,characterize,verb,B1
попереду,down,adverb,B1
похилий,oblique,adjective,B1
призма,prism,noun,B1
примітивний,primeval,adjective,B1
прошарок,seam,noun,B1
рішуче,decisively,adverb,B1
розмаїття,diversity,noun,B1
самооборона,self-defense,noun,B1
стихія,element,noun,B1
трамвай,tram,noun,B1
україномовний,ukrainophone,adjective,B1
фашистський,fascist,adjective,B1
часовий,temporal,adjective,B1
багатосторонній,multilateral,adjective,B1
битися,scuffle,verb,B1
віруючий,religious,adjective,B1
вранці,in,adverb,B1
голокост,holocaust,noun,B1
діапазон,band,noun,B1
друкувати,print,verb,B1
експортувати,export,verb,B1
естетичний,aesthetic,adjective,B1
забутий,forgotten,adjective,B1
завершений,finished,adjective,B1
закривати,close,verb,B1
ламати,fracture,verb,B1
леді,lady,noun,B1
лягати,lie,verb,B1
модернізувати,modernize,verb,B1
намалювати,draw,verb,B1
напій,drink,noun,B1
невизначений,indefinite,adjective,B1
неприпустимий,unacceptable,adjective,B1
обід,rim,noun,B1
обід,lunch,noun,B1
правдивий,true,adjective,B1
оскаржити,appeal,verb,B1
пагорб,down,noun,B1
пейзаж,landscape,noun,B1
переживання,experiences,noun,B1
потрясіння,shock,noun,B1
рай,paradise,noun,B1
розкішний,opulent,adjective,B1
самотній,lonely,adjective,B1
секунда,second,noun,B1
стурбований,worried,adjective,B1
телефонувати,telephone,verb,B1
тривожний,disturbing,adjective,B1
яйце,egg,noun,B1
ярмарок,fair,noun,B1
агенція,agency,noun,B1
бійка,skirmish,noun,B1
вводити,input,verb,B1
вибудовувати,to,verb,B1
вітчизна,homeland,noun,B1
дизайнер,designer,noun,B1
доступність,approachability,noun,B1
замовити,book,verb,A1
заповіт,testament,noun,B1
змагатися,contend,verb,B1
Ірландія,ireland,noun,B1
Київщина,kyivshchyna,noun,B1
корінь,stem,noun,B1
короткостроковий,short-term,adjective,B1
неприйнятний,unacceptable,adjective,B1
озеро,lake,noun,B1
переслідувати,haunt,verb,B1
піклуватися,to,verb,B1
повести,lead,verb,B1
подбати,mind,verb,B1
приваблювати,appeal,verb,B1
припиняти,stop,verb,B1
причетність,involvement,noun,B1
проросійський,pro-russian,adjective,B1
сідати,board,verb,B1
складений,built,adjective,B1
соціально-політичний,sociopolitical,adjective,B1
справляти,fix,verb,B1
частота,frequency,noun,B1
виразний,distinct,adjective,B1
відрядження,verbal,noun,B1
відстояти,stand,verb,B1
гепатит,hepatitis,noun,B1
гинути,die,verb,B1
гнучкий,flexible,adjective,B1
диктатор,totalitarian,noun,B1
дідусь,grandfather,noun,B1
жовтий,having,adjective,B1
записувати,capture,verb,B1
зламати,fracture,verb,B1
інавгурація,inauguration,noun,B1
інстинкт,instinct,noun,B1
консервативний,conservative,adjective,B1
ліцензування,licensing,noun,B1
міцність,strength,noun,B1
мобілізація,mobilization,noun,B1
надсилати,send,verb,B1
народити,give,verb,A1
паперовий,paper,adjective,B1
паралельний,parallel,adjective,B1
Пилип,philip,noun,B1
повінь,flood,noun,B1
полігон,polygon,noun,B1
поступитися,budge,verb,B1
по-четверте,fourthly,adverb,B1
приводити,bring,verb,B1
пробувати,attempt,verb,B1
просувати,advance,verb,B1
смішний,comical,adjective,B1
смуга,lane,noun,B1
суворо,severely,adverb,B1
схил,slope,noun,B1
сходити,rise,verb,B1
танцювати,dance,verb,B1
Тернопіль,ternopil,noun,B1
терорист,terrorist,noun,B1
фантазія,fantasy,noun,B1
байдужість,apathy,noun,B1
безоплатний,free,adjective,B1
бігати,run,verb,B1
бізнесовий,business,adjective,B1
видалити,delete,verb,B1
вираження,verbal,noun,B1
водосховище,reservoir,noun,B1
вражаючий,impressive,adjective,B1
вчорашній,yesterday,adjective,B1
Горбачов,gorbachev,noun,B1
державотворення,state-building,noun,B1
докорінно,radically,adverb,B1
Едуард,edward,noun,B1
жорстокість,atrocity,noun,B1
журналістика,journalism,noun,B1
захисний,defensive,adjective,B1
здоровий,right,adjective,B1
зелений,having,adjective,B1
змінитися,change,verb,B1
інформувати,inform,verb,B1
код,code,noun,B1
конституційність,constitutionality,noun,B1
королівський,royal,adjective,B1
неофіційний,informal,adjective,B1
мінімізація,minimization,noun,B1
монета,coin,noun,B1
нарощувати,to,verb,B1
негайний,immediate,adjective,B1
недосконалість,imperfection,noun,B1
нейтральний,neutral,adjective,B1
необмежений,absolute,adjective,B1
нескінченний,infinite,adjective,B1
одіозний,odious,adjective,B1
пам'ятний,memorable,adjective,B1
переводити,translate,verb,B1
персона,person,noun,B1
подільський,podilsk,adjective,B1
прискорити,accelerate,verb,B1
профілактичний,prophylactic,adjective,B1
рентабельність,profitability,noun,B1
розвага,amusement,noun,B1
розшук,manhunt,noun,B1
садовий,horticultural,adjective,B1
своєчасний,opportune,adjective,B1
систематичний,regular,adjective,B1
Судан,sudan,noun,B1
схильність,tendency,noun,B1
толерантність,tolerance,noun,B1
трава,grass,noun,B1
цікавість,interest,noun,B1
шар,layer,noun,B1
язик,tongue,noun,B1
адміністратор,administrator,noun,B1
аспірантура,graduate,noun,B1
вдруге,for,adverb,B1
горіти,burn,verb,B1
вівторок,tuesday,noun,B1
відданість,loyalty,noun,B1
гармата,cannon,noun,B1
даремно,in,adverb,B1
депресія,depression,noun,B1
дихання,verbal,noun,B1
дихання,breathing,noun,B1
здивуватися,to,verb,B1
капітан,captain,noun,B1
кольоровий,colored,adjective,B1
конфесія,faith,noun,B1
ліжко,bed,noun,A1
малюк,baby,noun,B1
математичний,mathematical,adjective,B1
намет,stand,noun,B1
начальство,command,noun,B1
новообраний,newly,adjective,B1
пошта,mail,noun,B1
ратифікувати,ratify,verb,B1
скарб,treasure,noun,B1
судження,verdict,noun,B1
суміжний,adjacent,adjective,B1
тихо,quietly,adverb,B1
точити,whet,verb,B1
троє,three,numeral,A1
тяжко,heavily,adverb,B1
унеможливлювати,preclude,verb,B1
фінський,finnish,adjective,B1
Адам,adam,noun,B1
ангел,angel,noun,B1
борт,board,noun,B1
виїжджати,to,verb,B1
випереджати,to,verb,B1
відмовляти,refuse,verb,B1
встигати,to,verb,B1
ганебний,shameful,adjective,B1
гімн,hymn,noun,B1
город,garden,noun,B1
догляд,care,noun,B1
дослідити,research,verb,B1
завести,to,verb,B1
зовні,outside,adverb,B1
макроекономічний,relating,adjective,B1
маніпулювати,handle,verb,B1
марний,unavailing,adjective,B1
міна,mine,noun,B1
неймовірно,improbably,adverb,B1
неправда,lie,noun,B1
несприятливий,adverse,adjective,B1
обчислення,calculation,noun,B1
підніматися,rise,verb,B1
пізніший,comparative,adjective,B1
планка,plank,noun,B1
повіт,county,noun,B1
пожежа,conflagration,noun,B1
прихильність,attachment,noun,B1
розклад,curriculum,noun,B1
слов'янський,slavic,adjective,B1
безсмертний,immortal,adjective,B1
берегти,guard,verb,B1
вакансія,vacancy,noun,B1
віко,eyelid,noun,B1
городянин,townsman,noun,B1
дар,talent,noun,B1
доводитися,to,verb,B1
достовірний,trustworthy,adjective,B1
енциклопедія,encyclopedia,noun,B1
загальноєвропейський,pan-european,adjective,B1
замах,attempt,noun,B1
захоплювати,capture,verb,B1
зійти,rise,verb,B1
знайомити,acquaint,verb,B1
меморіальний,memorial,adjective,B1
митник,customs,noun,B1
молитва,prayer,noun,B1
наслідувати,parrot,verb,B1
неправомірний,unlawful,adjective,B1
несправедливість,injustice,noun,B1
пересування,movement,noun,B1
повоєнний,post-war,adjective,B1
прикрашати,embellish,verb,B1
продовольство,food,noun,A1
рак,cancer,noun,B1
розряд,class,noun,B1
свічка,candle,noun,B1
слушний,right,adjective,B1
спрогнозувати,forecast,verb,B1
сумно,sadly,adverb,B1
ток-шоу,talk,noun,B1
угорець,hungarian,noun,B1
Херсон,kherson,noun,B1
чільний,located,adjective,B1
будова,structure,noun,B1
вичерпний,comprehensive,adjective,B1
відправляти,to,verb,B1
вірність,truth,noun,B1
всюди,everywhere,adverb,B1
девальвація,devaluation,noun,B1
закріплювати,secure,verb,B1
комфортний,comfortable,adjective,B1
конверт,envelope,noun,B1
миротворчий,peacemaking,adjective,B1
Мінськ,minsk,noun,B1
переглядати,review,verb,B1
північноатлантичний,pertaining,adjective,B1
підкуп,bribe,noun,B1
Полтава,poltava,noun,B1
полювання,hunting,noun,B1
поряд,order,noun,B1
прикраса,ornament,noun,B1
примирення,reconciliation,noun,B1
пшениця,wheat,noun,B1
розпочинатися,to,verb,B1
Саакашвілі,saakashvili,noun,B1
споживати,consume,verb,B1
тато,father,noun,A1
взаємодіяти,to,verb,B1
вірменський,of,adjective,B1
еквівалент,equivalent,noun,B1
дефініція,definition,noun,B1
довічний,lifelong,adjective,B1
завоювати,conquer,verb,B1
загарбник,invader,noun,B1
заповнити,fill,verb,B1
злиття,merger,noun,B1
ідентифікація,identification,noun,B1
інтер'єр,interior,noun,B1
картопля,potato,noun,B1
концерн,concern,noun,B1
координувати,coordinate,verb,B1
наркотичний,related,adjective,B1
нарощування,verbal,noun,B1
небесний,heavenly,adjective,B1
номінація,nomination,noun,B1
плакат,banner,noun,B1
послати,send,verb,B1
поставляти,query,verb,B1
пошуковий,search,adjective,B1
працездатний,work-capable,adjective,B1
проїзд,fare,noun,B1
реанімація,emergency,noun,B1
розгортання,unfolding,noun,B1
розкрити,discover,verb,B1
розпуск,dissolution,noun,B1
соромитися,be,verb,A1
срібний,silver,adjective,B1
чесність,honesty,noun,B1
ансамбль,band,noun,B1
батальйон,battalion,noun,B1
варшавський,varsovian,adjective,B1
відбирати,confiscate,verb,B1
відкласти,postpone,verb,B1
ґрунтовний,profound,adjective,B1
делегат,delegate,noun,B1
дорого,expensively,adverb,B1
досконалий,perfect,adjective,B1
завершуватися,to,verb,B1
замовляти,book,verb,A1
зобов'язати,oblige,verb,B1
іграшка,toy,noun,B1
кліматичний,climatic,adjective,B1
лабораторний,laboratory,adjective,B1
металевий,metal,adjective,B1
мимоволі,involuntarily,adverb,B1
наполегливий,tenacious,adjective,B1
нехтувати,ignore,verb,B1
односторонній,unilateral,adjective,B1
околиця,vicinity,noun,B1
приз,award,noun,B1
оплатити,to,verb,B1
перевищення,verbal,noun,B1
периферія,periphery,noun,B1
першість,first,noun,B1
підірвати,undermine,verb,B1
повноправний,enjoying,adjective,B1
позашкільний,out-of-school,adjective,B1
показ,display,noun,B1
прямувати,to,verb,B1
розділяти,share,verb,B1
розрізняти,distinguish,verb,B1
свиня,pig,noun,B1
священний,holy,adjective,B1
стаціонарний,stationary,adjective,B1
стислий,concise,adjective,B1
творіння,creation,noun,B1
упевненість,assuredness,noun,B1
уперед,along,adverb,B1
фасад,front,noun,B1
анекдот,anecdote,noun,B1
богословський,theological,adjective,B1
Будапешт,budapest,noun,B1
відсотковий,percentage,adjective,B1
відтворити,recreate,verb,B1
гальмувати,to,verb,B1
гастроль,tour,noun,B1
гонорар,fee,noun,B1
горе,sorrow,noun,B1
дружити,to,verb,B1
жартувати,joke,verb,B1
закладати,to,verb,B1
культ,cult,noun,B1
звуження,narrowing,noun,B1
імітація,imitation,noun,B1
імовірно,probably,adverb,B1
кам'яний,stone,adjective,B1
кудись,somewhere,adverb,B1
листування,correspondence,noun,B1
літератор,man,noun,A1
несподіванка,surprise,noun,B1
любитель,amateur,noun,B1
немовля,baby,noun,B1
паризький,parisian,adjective,B1
помирати,die,verb,B1
помста,vengeance,noun,B1
порушник,disturber,noun,B1
постачати,feed,verb,B1
потроху,bit,adverb,B1
поширювати,spread,verb,B1
пояс,belt,noun,B1
православ'я,orthodoxy,noun,B1
престиж,prestige,noun,B1
проміжок,space,noun,B1
рівноправний,equal,adjective,B1
розбити,trounce,verb,B1
санітарний,sanitary,adjective,B1
сенат,senate,noun,B1
словосполучення,phrase,noun,B1
смисл,sense,noun,B1
фіксований,static,adjective,B1
бронзовий,bronze,adjective,B1
буржуазний,bourgeois,adjective,B1
ведучий,leading,adjective,B1
вигадати,feign,verb,B1
викинути,ejaculate,verb,B1
виправдовувати,justify,verb,B1
відродити,to,verb,B1
гіркий,bitter,adjective,B1
дача,villa,noun,B1
доповнювати,complement,verb,B1
знімок,picture,noun,B1
зобов'язувати,oblige,verb,B1
зупиняти,stop,verb,B1
Маркс,marx,noun,B1
меблі,furniture,noun,B1
нарікати,to,verb,B1
нестача,scarcity,noun,B1
новела,novel,noun,B1
описати,describe,verb,B1
особовий,personal,adjective,B1
охоче,gladly,adverb,B1
парадоксальний,paradoxical,adjective,B1
патент,patent,noun,B1
передувати,precede,verb,B1
пізнавальний,cognitive,adjective,B1
подорожувати,travel,verb,B1
посмішка,grin,noun,B1
проігнорувати,ignore,verb,B1
реалістичний,realistic,adjective,B1
репертуар,repertoire,noun,B1
розміщуватися,to,verb,B1
середньовіччя,middle,noun,B1
спростувати,disprove,verb,B1
стипендія,scholarship,noun,B1
стріляти,fire,verb,B1
Туніс,tunisia,noun,B1
утиск,oppression,noun,B1
абзац,paragraph,noun,B1
бар,tavern,noun,B1
бруд,grime,noun,B1
вгору,upstairs,adverb,B1
вечірній,evening,adjective,B1
відхилення,error,noun,B1
довготривалий,long-lasting,adjective,B1
дратувати,irritate,verb,B1
емісія,issue,noun,B1
Євангеліє,gospel,noun,B1
західноєвропейський,western,adjective,B1
лояльний,loyal,adjective,B1
здолати,to,verb,B1
знаряддя,tool,noun,B1
імовірний,probable,adjective,B1
інфекція,contagion,noun,B1
інфраструктурний,infrastructural,adjective,B1
катастрофічний,catastrophic,adjective,B1
книгарня,bookshop,noun,B1
комбінація,combination,noun,B1
комфорт,comfort,noun,B1
нота,note,noun,B1
механічний,automatic,adjective,B1
мотивувати,motivate,verb,B1
натхнення,inspiration,noun,B1
обережно,gently,adverb,B1
олігархія,oligarchy,noun,B1
опис,account,noun,B1
оркестр,band,noun,B1
політологія,political,noun,B1
полонений,captive,adjective,B1
посприяти,assist,verb,B1
приплив,rush,noun,B1
рівненський,rivne,adjective,B1
рукопис,manuscript,noun,B1
серіал,series,noun,B1
символізувати,symbolize,verb,B1
симптом,symptom,noun,B1
сорочка,shirt,noun,B1
страждання,torment,noun,B1
утриматися,abstain,verb,B1
хор,choir,noun,B1
царство,kingdom,noun,B1
частий,frequent,adjective,B1
чудо,miracle,noun,B1
чутливий,sensitive,adjective,B1
шок,shock,noun,B1
ажіотаж,rush,noun,B1
античний,ancient,adjective,B1
апаратура,hardware,noun,B1
боржник,debtor,noun,B1
бюрократія,bureaucracy,noun,B1
Ван,van,noun,B1
вмирати,pass,verb,B1
виставляти,display,verb,B1
восьмий,eighth,adjective,B1
градус,degree,noun,B1
дарма,in,adverb,B1
диверсифікація,diversification,noun,B1
дірка,hole,noun,B1
доречний,opportune,adjective,B1
єпископ,bishop,noun,B1
завершувати,complete,verb,B1
заручник,hostage,noun,B1
заслання,exile,noun,B1
зміцнювати,to,verb,B1
знизу,from,adverb,B1
індійський,indian,adjective,B1
контрольований,controllable,adjective,B1
космонавт,astronaut,noun,B1
креативний,creative,adjective,B1
могутність,might,noun,B1
наблизитися,approach,verb,B1
небезпечно,dangerously,adverb,B1
охороняти,guard,verb,B1
Пакистан,pakistan,noun,B1
пильний,aware,adjective,B1
підйом,rise,noun,B1
підлеглий,inferior,noun,B1
плита,flagstone,noun,B1
повстанець,insurgent,noun,B1
поповнення,replenishment,noun,B1
порядний,decent,adjective,B1
похмурий,gloomy,adjective,B1
поховання,burial,noun,B1
пропорція,proportion,noun,B1
пропустити,miss,verb,B1
проявляти,develop,verb,B1
психіка,psychology,noun,B1
репетиція,rehearsal,noun,B1
рубіж,frontier,noun,B1
саудівський,pertaining,adjective,B1
суміш,mix,noun,B1
тематичний,thematic,adjective,B1
терміновий,urgent,adjective,B1
Ужгород,uzhhorod,noun,B1
фаворит,minion,noun,B1
щирість,sincerity,noun,B1
абсурдний,absurd,adjective,B1
амністія,amnesty,noun,B1
вибудувати,to,verb,B1
відбити,to,verb,B1
Господь,lord,noun,B1
гуляти,walk,verb,B1
джаз,jazz,noun,B1
діагностика,diagnostics,noun,B1
зацікавитися,to,verb,B1
концтабір,concentration,noun,B1
звати,call,verb,A1
знов,again,adverb,B1
зрадити,betray,verb,B1
крадіжка,theft,noun,B1
левовий,leonine,adjective,B1
нагородити,give,verb,A1
народжений,born,adjective,B1
наступати,tread,verb,B1
незвичайний,unusual,adjective,B1
нерв,nerve,noun,B1
нерозуміння,incomprehension,noun,B1
нетрадиційний,nontraditional,adjective,B1
офшорний,offshore,adjective,B1
перевірений,checked,adjective,B1
підпільний,underground,adjective,B1
підривати,undermine,verb,B1
пісок,sand,noun,B1
поховати,bury,verb,B1
самодостатній,self-sufficient,adjective,B1
спадкоємець,heir,noun,B1
стійкість,perseverance,noun,B1
східноєвропейський,eastern,adjective,B1
сходинка,step,noun,B1
терпіння,patience,noun,B1
тоталітаризм,totalitarianism,noun,B1
утримати,to,verb,B1
фашист,fascist,noun,B1
хірург,surgeon,noun,B1
цвинтар,graveyard,noun,B1
явка,turnout,noun,B1
азіатський,asian,adjective,B1
алгоритм,algorithm,noun,B1
амбітний,ambitious,adjective,B1
болючий,painful,adjective,B1
волонтер,volunteer,noun,B1
відбивати,reflect,verb,B1
вниз,from,adverb,B1
генерація,generation,noun,B1
дванадцять,twelve,numeral,B1
делегувати,delegate,verb,B1
дискусійний,contentious,adjective,B1
допускатися,to,verb,B1
загальнолюдський,panhuman,adjective,B1
збірник,corpus,noun,B1
зосередитися,focus,verb,B1
ізоляція,isolation,noun,B1
інформатизація,informatisation,noun,B1
кінематограф,cinematography,noun,B1
кістка,bone,noun,B1
магістраль,highway,noun,B1
Могильов,mogilev,noun,B1
надлишок,surplus,noun,B1
наповнювати,suffuse,verb,B1
оселя,village,noun,B1
партизанський,partisan,adjective,B1
плідний,fruitful,adjective,B1
позаблоковий,nonaligned,adjective,B1
припинитися,stop,verb,B1
прокат,rent,noun,B1
процвітання,prosperity,noun,B1
світлина,picture,noun,B1
синій,blue-colored,adjective,B1
скоріш,rather,adverb,B1
сюрприз,surprise,noun,B1
установлення,establishment,noun,B1
фізик,physicist,noun,B1
цинізм,cynicism,noun,B1
цинічний,cynical,adjective,B1
апетит,appetite,noun,B1
безвідповідальність,irresponsibility,noun,B1
благодійник,benefactor,noun,B1
велич,the,noun,B1
виборний,electoral,adjective,B1
вибухнути,to,verb,B1
відгукнутися,to,verb,B1
відпустити,release,verb,B1
водопостачання,water,noun,A1
воєводство,voivodeship,noun,B1
вторинний,secondary,adjective,B1
генетичний,relating,adjective,B1
готівка,cash,noun,B1
дідо,grandfather,noun,B1
діставати,get,verb,A1
довірити,credit,verb,B1
експлуатувати,exploit,verb,B1
засуджувати,castigate,verb,B1
затока,bay,noun,B1
злодій,thief,noun,B1
зоряний,stellar,adjective,B1
зустрічний,oncoming,adjective,B1
імпортер,importer,noun,B1
комедія,comedy,noun,B1
крутий,steep,adjective,B1
мислитель,thinker,noun,B1
неспроможний,untenable,adjective,B1
обґрунтовувати,to,verb,B1
обережний,careful,adjective,B1
опанувати,master,verb,B1
оповідання,story,noun,B1
пауза,pause,noun,B1
первісний,original,adjective,B1
подякувати,thank,verb,B1
покращити,improve,verb,B1
полиця,shelf,noun,B1
популяризація,popularization,noun,B1
прискорення,acceleration,noun,B1
славетний,famous,adjective,B1
смертельний,lethal,adjective,B1
трактор,tractor,noun,B1
централізація,centralization,noun,B1
щабель,step,noun,B1
алергія,allergy,noun,B1
Анна,annas,noun,B1
антена,antenna,noun,B1
весілля,marriage,noun,B1
виїзд,exit,noun,B1
вишневий,burgundy,adjective,B1
вищезгаданий,aforementioned,adjective,B1
вперто,obstinately,adverb,B1
Гагарін,gagarin,noun,B1
гнів,anger,noun,B1
ґрати,grid,noun,B1
дитсадок,kindergarten,noun,B1
доставка,delivery,noun,B1
драматург,playwright,noun,B1
другорядний,subordinate,adjective,B1
електромагнітний,electromagnetic,adjective,B1
елітний,elite,adjective,B1
заворушення,upheaval,noun,B1
завоювання,conquest,noun,B1
занепад,decline,noun,B1
застерігати,admonish,verb,B1
звільнитися,quit,verb,B1
зуб,anatomy,noun,B1
Ісус,jesus,noun,B1
кремлівський,kremlin,adjective,B1
крик,cry,noun,B1
лібералізм,liberalism,noun,B1
нацистський,nazi,adjective,B1
незаперечний,incontrovertible,adjective,B1
нерухомий,immobile,adjective,B1
несвідомий,oblivious,adjective,B1
неспроможність,untenability,noun,B1
опосередковано,indirectly,adverb,B1
полегшити,facilitate,verb,B1
політбюро,politburo,noun,B1
прекрасно,beautifully,adverb,B1
приниження,humiliation,noun,B1
природничий,natural,adjective,B1
провід,wire,noun,B1
проявитися,to,verb,B1
рабство,slavery,noun,B1
Русь,rus,noun,B1
скеля,crag,noun,B1
сорока,magpie,noun,B1
стінка,wall,noun,B1
стовідсотковий,one,adjective,A1
стрибок,jump,noun,B1
сукупний,aggregate,adjective,B1
українство,ukrainianness,noun,B1
урожай,crop,noun,B1
чисто,neatly,adverb,B1
шахрайство,fraud,noun,B1
шум,noise,noun,B1
Аравія,arabia,noun,B1
близькість,proximity,noun,B1
Валентина,inflection,noun,B1
викидати,to,verb,B1
викидати,ejaculate,verb,B1
відповідач,defendant,noun,B1
галичанин,inhabitant,noun,B1
глина,clay,noun,B1
давнина,antiquity,noun,B1
докорінний,radical,adjective,B1
дохідність,profitability,noun,B1
дурний,silly,adjective,B1
запобіжний,preventive,adjective,B1
збагнути,realize,verb,B1
збігтися,clash,verb,B1
Ілля,elijah,noun,B1
карати,punish,verb,B1
Константинополь,constantinople,noun,B1
кривавий,bloody,adjective,B1
літати,fly,verb,B1
люд,nationality,noun,B1
мусульманський,muslim,adjective,B1
напасти,attack,verb,B1
паніка,panic,noun,B1
парад,parade,noun,B1
пахнути,reek,verb,B1
перепона,barrier,noun,B1
півтори,one,numeral,A1
підказати,prompt,verb,B1
пізній,late,adjective,B1
повторення,review,noun,B1
померлий,deceased,adjective,B1
порівняльний,comparative,adjective,B1
початися,begin,verb,B1
правозахисник,human,noun,B1
провайдер,provider,noun,B1
п'ятдесят,fifty,numeral,B1
ретельний,industrious,adjective,B1
розвинути,develop,verb,B1
розказувати,relate,verb,B1
розчарований,disappointed,adjective,B1
селянство,peasantry,noun,B1
сміх,laugh,noun,B1
стілець,chair,noun,B1
такса,dachshund,noun,B1
теракт,terrorism,noun,B1
тираж,edition,noun,B1
тішитися,enjoy,verb,B1
трансформуватися,to,verb,B1
трійка,three,noun,A1
узгодити,square,verb,B1
унікальність,uniqueness,noun,B1
фіктивний,fictional,adjective,B1
абонент,subscriber,noun,B1
аргументація,argument,noun,B1
аркуш,sheet,noun,B1
безмежний,boundless,adjective,B1
безумовний,unconditional,adjective,B1
благополуччя,well-being,noun,B1
будиночок,building,noun,B1
бум,boom,noun,B1
вибуховий,explosive,adjective,B1
вигадувати,feign,verb,B1
виправдання,apology,noun,B1
горизонт,horizon,noun,B1
втеча,escape,noun,B1
дилема,dilemma,noun,B1
екіпаж,crew,noun,B1
знахідка,finding,noun,B1
каральний,punitive,adjective,B1
карантин,quarantine,noun,B1
летіти,fly,verb,B1
меморіал,memorial,noun,B1
монополіст,monopolist,noun,B1
наступник,successor,noun,B1
небачений,unprecedented,adjective,B1
недовго,not,adverb,A1
нестандартний,irregular,adjective,B1
нива,cornfield,noun,B1
обстеження,survey,noun,B1
освоїти,master,verb,B1
перераховувати,credit,verb,B1
пірат,pirate,noun,B1
показання,testimony,noun,B1
послідовник,follower,noun,B1
прикрий,steep,adjective,B1
причал,dock,noun,B1
приятель,friend,noun,A1
продовжуватися,last,verb,B1
пропагандистський,propagandistic,adjective,B1
протидіяти,counteract,verb,B1
пустий,empty,adjective,B1
Пушкін,pushkin,noun,B1
раптовий,abrupt,adjective,B1
рибний,fish,adjective,B1
рибний,abounding,adjective,B1
розправа,reprisal,noun,B1
розслідувати,to,verb,B1
художниця,artist,noun,B1
турбуватися,care,verb,B1
Узбекистан,uzbekistan,noun,B1
упасти,fall,verb,B1
фашизм,fascism,noun,B1
взаємовигідний,mutually,adjective,B1
археологічний,archaeological,adjective,B1
безлад,disorder,noun,B1
вживатися,get,verb,A1
високопоставлений,high-ranking,adjective,B1
відрізняти,tell,verb,A1
вояк,fighter,noun,B1
впадати,sink,verb,B1
герб,coat,noun,B1
грамотний,literate,adjective,B1
достеменно,certainly,adverb,B1
єднати,to,verb,B1
заохочувати,prompt,verb,B1
зв'язка,copula,noun,B1
здача,change,noun,B1
зосереджений,concentrated,adjective,B1
кіровоградський,kirovohrad,adjective,B1
колоніальний,colonial,adjective,B1
коректив,corrective,noun,B1
Косово,kosovo,noun,B1
лялька,baby,noun,B1
нав'язувати,impose,verb,B1
направляти,route,verb,B1
овоч,vegetable,noun,B1
отруєння,poisoning,noun,B1
підвищуватися,to,verb,B1
плановий,planned,adjective,B1
плацдарм,bridgehead,noun,B1
плутати,confuse,verb,B1
проміжний,intermediate,adjective,B1
п'ятирічний,five-year,adjective,B1
радіація,radiation,noun,B1
розвідник,scout,noun,B1
роздрібний,retail,adjective,B1
світити,shine,verb,B1
спалити,burn,verb,B1
стовп,column,noun,B1
Стокгольм,stockholm,noun,B1
супротивник,adversary,noun,B1
трансляція,broadcast,noun,B1
тристоронній,tripartite,adjective,B1
фантастика,fantasy,noun,B1
хутір,village,noun,B1
штрафний,penal,adjective,B1
щеплення,grafting,noun,B1
ялинка,christmas,noun,B1
апелювати,appeal,verb,B1
архетип,archetype,noun,B1
асортимент,assortment,noun,B1
Балкани,balkans,noun,B1
ближній,close,adjective,B1
вдячність,gratitude,noun,B1
вечеря,dinner,noun,B1
вилити,to,verb,B1
витягти,stretch,verb,B1
відео,video,noun,B1
гараж,garage,noun,B1
Данія,denmark,noun,B1
дискредитація,discreditation,noun,B1
доглядати,mind,verb,B1
дурень,idiot,noun,B1
італієць,italian,noun,B1
кафе,caf,noun,B1
любий,dear,adjective,B1
медсестра,nurse,noun,B1
натякати,tip,verb,B1
недалекий,recent,adjective,B1
непокоїти,disturb,verb,B1
нехтування,contempt,noun,B1
низ,bottom,noun,B1
номенклатура,nomenclature,noun,B1
обізнаний,aware,adjective,B1
патологія,pathology,noun,B1
паралель,parallel,noun,B1
підпорядковуватися,submit,verb,B1
поштовий,postal,adjective,B1
проба,sample,noun,B1
п'ятеро,five,numeral,B1
реєструвати,to,verb,B1
рекорд,record,noun,B1
розподіляти,deal,verb,B1
скінчитися,to,verb,B1
тутешній,local,adjective,B1
убивство,murder,noun,B1
хірургія,surgery,noun,B1
хмара,cloud,noun,B1
брифінг,briefing,noun,B1
Білорусія,belarus,noun,B1
болото,quagmire,noun,B1
велетенський,giant,adjective,B1
відвага,courage,noun,B1
гіпотеза,hypothesis,noun,B1
голий,naked,adjective,B1
гречка,buckwheat,noun,B1
дисидент,dissident,noun,B1
дочірній,filial,adjective,B1
заарештувати,arrest,verb,B1
загадка,riddle,noun,B1
загадка,puzzle,noun,B1
загострити,sharpen,verb,B1
затишний,cosy,adjective,B1
зірвати,to,verb,B1
карний,penal,adjective,B1
категоричний,categorical,adjective,B1
катування,torture,noun,B1
мелодія,melody,noun,B1
міркувати,to,verb,B1
Мюнхен,munich,noun,B1
наземний,terrestrial,adjective,B1
незвичний,unusual,adjective,B1
неупереджений,open-minded,adjective,B1
пекти,bake,verb,B1
перерахувати,credit,verb,B1
підвал,basement,noun,B1
поранений,hurt,adjective,B1
припинятися,stop,verb,B1
публіцист,publicist,noun,B1
пустеля,desert,noun,B1
революціонер,revolutionary,noun,B1
розвідувальний,reconnaissance,adjective,B1
розстріляти,to,verb,B1
сервіс,practice,noun,B1
синтез,synthesis,noun,B1
скинути,overthrow,verb,B1
спростовувати,disprove,verb,B1
страва,dish,noun,B1
струм,current,noun,B1
тиша,silence,noun,B1
уповноважений,representative,noun,B1
ураження,impression,noun,B1
фатальний,fatal,adjective,B1
фігурант,figurant,noun,B1
щоденник,daily,noun,B1
японець,japanese,noun,B1
благородний,generous,adjective,B1
велосипед,bicycle,noun,B1
верх,top,noun,B1
випромінювання,radiation,noun,B1
вічно,forever,adverb,B1
впізнати,recognize,verb,B1
генератор,apparatus,noun,B1
гордий,proud,adjective,B1
декоративний,decorative,adjective,B1
добриво,fertilizer,noun,B1
довгоочікуваний,long-awaited,adjective,B1
електромобіль,electric,noun,B1
журналістка,journalist,noun,B1
загрозливий,threatening,adjective,B1
знущання,abuse,noun,B1
канцлер,chancellor,noun,B1
когорта,cohort,noun,B1
куля,ball,noun,B1
литовський,lithuanian,adjective,B1
мікрофон,microphone,noun,B1
москаль,soldier,noun,B1
наркоманія,narcomania,noun,B1
народовладдя,democracy,noun,B1
нафтопровід,pipeline,noun,B1
отець,father,noun,A1
пил,dust,noun,B1
південно-східний,southeastern,adjective,B1
підготуватися,prepare,verb,B1
підписка,subscription,noun,B1
повільний,slow,adjective,B1
подяка,thanks,noun,B1
постріл,shot,noun,B1
ревізія,review,noun,B1
рівновага,equilibrium,noun,B1
розважальний,entertaining,adjective,B1
розстріл,execution,noun,B1
ролик,that,noun,B1
сейф,box,noun,B1
свинячий,porcine,adjective,B1
складнощі,complexities,noun,B1
скорочувати,abbreviate,verb,B1
спалах,flash,noun,B1
співавтор,coauthor,noun,B1
тотожний,identical,adjective,B1
труд,labour,noun,B1
фінансово,financially,adverb,B1
хазяїн,host,noun,B1
ховати,conceal,verb,B1
чай,teatime,noun,B1
взуття,footwear,noun,B1
багатонаціональний,multinational,adjective,B1
балтійський,baltic,adjective,B1
Буш,bush,noun,B1
виражати,express,verb,B1
виховати,bring,verb,B1
відвідування,attendance,noun,B1
гігант,giant,noun,B1
годити,please,verb,B1
екстрений,emergency,adjective,B1
емігрант,emigrant,noun,B1
заблокувати,block,verb,B1
завада,impediment,noun,B1
задавати,set,verb,B1
заодно,as,adverb,B1
зіткнутися,clash,verb,B1
зрадник,quisling,noun,B1
іслам,islam,noun,B1
календарний,calendrical,adjective,B1
Кіпр,cyprus,noun,B1
кіт,cat,noun,A1
коливатися,hesitate,verb,B1
кулак,kulak,noun,B1
кумир,idol,noun,B1
лавр,laurel,noun,B1
літр,litre,noun,B1
майор,major,noun,B1
Мексика,mexico,noun,B1
ментальний,mental,adjective,B1
нацизм,fascism,noun,B1
нитка,line,noun,B1
одностайно,unanimously,adverb,B1
опиратися,lean,verb,B1
осінній,autumnal,adjective,B1
перетин,crossing,noun,B1
піт,sweat,noun,B1
побиття,beating,noun,B1
подібно,likewise,adverb,B1
подруга,friend,noun,A1
покликання,calling,noun,B1
покликання,hyperlink,noun,B1
принижувати,belittle,verb,B1
продукувати,produce,verb,B1
профінансувати,fund,verb,B1
псувати,spoil,verb,B1
пускати,let,verb,B1
слуга,servant,noun,B1
самосвідомість,self-awareness,noun,B1
секс,sex,noun,B1
сир,cheese,noun,B1
сирий,raw,adjective,B1
спорудити,to,verb,B1
стежка,trail,noun,B1
тікати,flee,verb,B1
тлумачити,interpret,verb,B1
тунель,tunnel,noun,B1
фіксація,fixation,noun,B1
Чехословаччина,czechoslovakia,noun,B1
яблуко,apple,noun,B1
безкарність,impunity,noun,B1
безпідставний,unfounded,adjective,B1
Біблія,bible,noun,B1
вада,defect,noun,B1
вивозити,export,verb,B1
виготовити,to,verb,B1
вичерпати,exhaust,verb,B1
військовополонений,prisoner,noun,B1
всередині,inside,adverb,B1
ганьба,ignominy,noun,B1
двісті,two,numeral,A1
дозвілля,leisure,noun,B1
дорадчий,advisory,adjective,B1
екстремальний,extreme,adjective,B1
жалюгідний,poor,adjective,B1
залякування,intimidation,noun,B1
захват,delight,noun,B1
захват,the,noun,B1
зважити,to,verb,B1
інтернат,boarding,noun,B1
коваль,blacksmith,noun,B1
консерватор,conservative,noun,B1
конфігурація,configuration,noun,B1
коробка,box,noun,B1
незручний,uncomfortable,adjective,B1
маніпулювання,manipulation,noun,B1
металург,metallurgist,noun,B1
міфічний,mythical,adjective,B1
моряк,sailor,noun,B1
наочний,evident,adjective,B1
напруження,voltage,noun,B1
нарис,draft,noun,B1
наступальний,offensive,adjective,B1
недільний,sunday,adjective,B1
нездатність,inability,noun,B1
нерівність,disparity,noun,B1
несправедливий,unfair,adjective,B1
обертатися,spin,verb,B1
одноразовий,single-use,adjective,B1
одягти,put,verb,B1
окупант,invader,noun,B1
пафос,pathos,noun,B1
передбачуваний,predictable,adjective,B1
переможений,worsted,adjective,B1
переможний,victorious,adjective,B1
пленум,plenum,noun,B1
покарати,punish,verb,B1
політизація,politicization,noun,B1
популістський,populist,adjective,B1
порнографія,pornography,noun,B1
пробачити,forgive,verb,B1
пухлина,tumor,noun,B1
ріст,growth,noun,B1
святий,holy,adjective,B1
Сибір,siberia,noun,B1
сумління,conscience,noun,B1
сховатися,hide,verb,B1
увечері,in,adverb,B1
узагальнений,generalized,adjective,B1
усміхатися,to,verb,B1
фанат,fan,noun,B1
ферма,farm,noun,B1
взаєморозуміння,rapport,noun,B1
божественний,divine,adjective,B1
брутальний,brutal,adjective,B1
вал,wall,noun,B1
вигнати,kick,verb,B1
виграш,win,noun,B1
виправлення,correction,noun,B1
високоякісний,high-quality,adjective,B1
відтінок,nuance,noun,B1
возити,carry,verb,B1
вуглеводень,hydrocarbon,noun,B1
галас,coil,noun,B1
ефірний,aerial,adjective,B1
деревина,wood,noun,B1
дзвонити,tingle,verb,B1
діра,rathole,noun,B1
дорогоцінний,precious,adjective,B1
дурниця,nonsense,noun,B1
експрес,express,noun,B1
захворіти,ache,verb,B1
збитковий,loss-making,adjective,B1
звільнятися,quit,verb,B1
зловживати,abuse,verb,B1
зрілий,mature,adjective,B1
з'ясовувати,ascertain,verb,B1
інтенсивність,intensiveness,noun,B1
інтервенція,intervention,noun,B1
інфекційний,infectious,adjective,B1
комерція,trade,noun,B1
корекція,correction,noun,B1
королівство,kingdom,noun,B1
литво,casting,noun,B1
Меркель,merkel,noun,B1
найменування,name,noun,A1
необґрунтований,unfounded,adjective,B1
несумісний,incompatible,adjective,B1
нищити,destroy,verb,B1
оборонити,defend,verb,B1
одружитися,marry,verb,B1
переказ,account,noun,B1
підказувати,prompt,verb,B1
погіршуватися,to,verb,B1
посміхатися,to,verb,B1
прилеглий,neighboring,adjective,B1
промінь,ray,noun,B1
рейка,rail,noun,B1
розквіт,blossom,noun,B1
середньостроковий,medium-term,adjective,B1
русифікація,russification,noun,B1
серцево-судинний,cardiovascular,adjective,B1
сліпий,blind,adjective,B1
трикутник,triangle,noun,B1
троянда,rose,noun,B1
узгоджуватися,comport,verb,B1
федеративний,federal,adjective,B1
Хорватія,croatia,noun,B1
швед,swede,noun,B1
щедрий,generous,adjective,B1
аргументувати,argue,verb,B1
бездоганний,beautiful,adjective,B1
бунт,riot,noun,B1
відпочити,rest,verb,B1
гаманець,purse,noun,B1
гратися,play,verb,B1
декларативний,declarative,adjective,B1
доленосний,fateful,adjective,B1
запозичити,borrow,verb,B1
заряд,charge,noun,B1
зізнання,confession,noun,B1
зсередини,from,adverb,B1
кав'ярня,caf,noun,B1
копалина,fossil,noun,B1
ландшафт,landscape,noun,B1
ліфт,lift,noun,B1
льотчик,pilot,noun,B1
меч,sword,noun,B1
міжвідомчий,interdepartmental,adjective,B1
міністерський,ministerial,adjective,B1
молити,beg,verb,B1
монумент,monument,noun,B1
муж,husband,noun,B1
обман,deception,noun,B1
повноважний,plenipotentiary,adjective,B1
поліклініка,policlinic,noun,B1
послабити,slacken,verb,B1
преамбула,preamble,noun,B1
просуватися,advance,verb,B1
резюмувати,to,verb,B1
святиня,shrine,noun,B1
семеро,seven,numeral,B1
солома,straw,noun,B1
справлятися,get,verb,A1
старатися,strive,verb,B1
супутниковий,satellite,adjective,B1
текти,flow,verb,B1
філологічний,philological,adjective,B1
частинка,particle,noun,B1
шия,neck,noun,B1
базис,foundation,noun,B1
батарея,battery,noun,B1
бруківка,pavement,noun,B1
важити,to,verb,B1
втома,tiredness,noun,B1
вчителька,teacher,noun,B1
гігантський,gigantic,adjective,B1
депортація,deportation,noun,B1
дзвіниця,steeple,noun,B1
діаметр,diameter,noun,B1
дійовий,valid,adjective,B1
естонський,estonian,adjective,B1
жест,gesture,noun,B1
з'єднання,connection,noun,B1
злагода,accord,noun,B1
капіталіст,capitalist,noun,B1
карикатура,cartoon,noun,B1
командувач,commander,noun,B1
лексика,vocabulary,noun,B1
ліберал,one,noun,A1
масло,oil,noun,B1
монархія,monarchy,noun,B1
монітор,monitor,noun,B1
муніципалітет,municipality,noun,B1
набриднути,tire,verb,B1
надихати,inspire,verb,B1
наркоман,drug,noun,B1
народжувати,bear,verb,B1
невинний,innocent,adjective,B1
неконтрольований,unruly,adjective,B1
неприємність,trouble,noun,B1
обряд,rite,noun,B1
обурений,resentful,adjective,B1
одностайний,unanimous,adjective,B1
омбудсмен,ombudsman,noun,B1
ототожнювати,identify,verb,B1
підробка,counterfeit,noun,B1
плюралізм,pluralism,noun,B1
пожежний,fire,adjective,B1
почасти,partly,adverb,B1
працездатність,work,noun,A1
пропускати,omit,verb,B1
пророк,prophet,noun,B1
просторий,wide,adjective,B1
радий,glad,adjective,B1
реванш,revenge,noun,B1
репліка,line,noun,B1
ріка,river,noun,B1
розвалити,destroy,verb,B1
розлад,disorder,noun,B1
розумовий,mental,adjective,B1
рослинний,vegetable,adjective,B1
симпозіум,symposium,noun,B1
співіснування,coexistence,noun,B1
Стамбул,istanbul,noun,B1
схилятися,lean,verb,B1
тил,nape,noun,B1
титул,title,noun,B1
ускладнити,complicate,verb,B1
усний,oral,adjective,B1
чеснота,virtue,noun,B1
Чорногорія,montenegro,noun,B1
щит,shield,noun,B1
щоденно,daily,adverb,B1
юриспруденція,bar,noun,B1
божевільний,crazy,adjective,B1
братство,brethren,noun,B1
вдосконалювати,make,verb,A1
вивезти,export,verb,B1
видовище,show,noun,B1
викуп,ransom,noun,B1
відзначення,credit,noun,B1
відмінити,to,verb,B1
відхилити,to,verb,B1
Вінниця,vinnytsia,noun,B1
вкладатися,contribute,verb,B1
внутрішньо,internally,adverb,B1
гітлерівський,hitlerian,adjective,B1
грам,gram,noun,B1
додача,second,noun,B1
докладний,accurate,adjective,B1
долоня,palm,noun,B1
допустимий,admissible,adjective,B1
древній,ancient,adjective,B1
ексклюзивний,exclusive,adjective,B1
електроніка,electronics,noun,B1
завтрашній,tomorrow,adjective,B1
заслужити,deserve,verb,B1
звичайно,mostly,adverb,B1
імовірність,probability,noun,B1
індивідуальність,identity,noun,B1
індустріалізація,industrialization,noun,B1
катаклізм,cataclysm,noun,B1
крапля,drop,noun,B1
кримськотатарський,crimean,adjective,B1
легітимація,legitimation,noun,B1
мисливець,hunter,noun,B1
неефективність,inefficiency,noun,B1
опосередкований,indirect,adjective,B1
оточувати,beset,verb,B1
паличка,cane,noun,B1
папірець,endearing,noun,B1
переписувати,rewrite,verb,B1
переробляти,redo,verb,B1
під'їзд,approach,noun,B1
плавання,cruise,noun,B1
помилковий,faulty,adjective,B1
пращур,ancestor,noun,B1
приблизний,approximate,adjective,B1
привітання,congratulation,noun,B1
сало,grease,noun,B1
Семен,simon,noun,B1
скликати,summon,verb,B1
сумарний,summary,adjective,B1
сумнозвісний,infamous,adjective,B1
таємничий,mysterious,adjective,B1
фрукт,fruit,noun,B1
харчуватися,to,verb,B1
чех,czech,noun,B1
чистка,purge,noun,B1
ялтинський,yalta,adjective,B1
ящик,box,noun,B1
автобусний,bus,adjective,B1
борошно,meal,noun,B1
взаємопов'язаний,interconnected,adjective,B1
взимку,in,adverb,B1
альфа,alpha,noun,B1
англомовний,anglophone,adjective,B1
барикада,barricade,noun,B1
беззаперечний,indisputable,adjective,B1
братський,fraternal,adjective,B1
бюрократ,bureaucrat,noun,B1
вартий,worth,adjective,B1
віддача,recoil,noun,B1
віденський,viennese,adjective,B1
відремонтувати,fix,verb,B1
візуальний,visual,adjective,B1
ворожнеча,enmity,noun,B1
Галина,galina,noun,B1
гарнізон,garrison,noun,B1
героїня,person,noun,B1
дискутувати,discuss,verb,B1
Дністер,dniester,noun,B1
єгипетський,egyptian,adjective,B1
завантаження,download,noun,B1
загальновідомий,well-known,adjective,B1
заздрість,envy,noun,B1
запам'ятати,remember,verb,B1
здивований,surprised,adjective,B1
знавець,judge,noun,B1
кар'єрний,career,adjective,B1
класти,lay,verb,B1
князівство,principality,noun,B1
консульство,consulate,noun,B1
крамниця,shop,noun,B1
лік,medicine,noun,B1
ліміт,barrier,noun,B1
мат,checkmate,noun,B1
материнський,maternal,adjective,B1
мовчки,quietly,adverb,B1
набережна,quay,noun,B1
нацист,member,noun,B1
неадекватний,inadequate,adjective,B1
нестабільний,unstable,adjective,B1
обмінюватися,exchange,verb,B1
огорожа,fence,noun,B1
паливний,fuel,adjective,B1
переставити,to,verb,B1
перлина,pearl,noun,B1
підкорити,subjugate,verb,B1
пляма,stain,noun,B1
повісити,hang,verb,B1
повість,novel,noun,B1
поділятися,to,verb,B1
поетеса,poetess,noun,B1
полегшення,relief,noun,B1
починання,undertaking,noun,B1
природокористування,natural,noun,B1
рідкий,thin,adjective,B1
самобутність,originality,noun,B1
самогубство,suicide,noun,B1
свердловина,borehole,noun,B1
сплеск,spate,noun,B1
стандартизація,standardization,noun,B1
стенд,stand,noun,B1
сумлінний,scrupulous,adjective,B1
тренінг,training,noun,B1
тренування,drill,noun,B1
триста,three,numeral,A1
туалет,toilet,noun,B1
туркменський,of,adjective,B1
фармацевтичний,pharmaceutical,adjective,B1
хвіст,tail,noun,B1
цінити,appreciate,verb,B1
Черкаси,cherkasy,noun,B1
шантаж,blackmail,noun,B1
щомісячний,monthly,adjective,B1
юність,youth,noun,B1
якнайшвидше,as,adverb,B1
Албанія,albania,noun,B1
амбіційний,ambitious,adjective,B1
Бориспіль,boryspil,noun,B1
вакцинація,inoculation,noun,B1
випередити,to,verb,B1
випити,drink,verb,B1
відбиватися,reflect,verb,B1
відкладати,postpone,verb,B1
в'їзд,entrance,noun,B1
грубо,coarsely,adverb,B1
гуманізм,humanism,noun,B1
децентралізація,decentralization,noun,B1
довкола,about,adverb,B1
енергійний,energetic,adjective,B1
жертвувати,sacrifice,verb,B1
запобігати,prevent,verb,B1
заявник,applicant,noun,B1
збій,failure,noun,B1
звістка,news,noun,B1
здогадатися,guess,verb,B1
землетрус,earthquake,noun,B1
зосередити,concentrate,verb,B1
інерція,inertia,noun,B1
каталог,directory,noun,B1
консерваторія,school,noun,A1
контейнер,container,noun,B1
кран,tap,noun,B1
легеня,lung,noun,B1
милий,dear,adjective,B1
мовчазний,taciturn,adjective,B1
незабутній,unforgettable,adjective,B1
незадовільний,unsatisfactory,adjective,B1
незахищений,unprotected,adjective,B1
ніжний,tender,adjective,B1
нудний,slow,adjective,B1
обробляти,cultivate,verb,B1
приєднуватися,join,verb,B1
оснащення,equipment,noun,B1
півстоліття,half-century,noun,B1
полоти,to,verb,B1
порція,portion,noun,B1
пошана,respect,noun,B1
поширитися,to,verb,B1
пошкодження,damage,noun,B1
прибирати,take,verb,A1
провінційний,provincial,adjective,B1
програш,loss,noun,B1
процвітати,flourish,verb,B1
роздати,to,verb,B1
розірвати,rescind,verb,B1
розлучення,divorce,noun,B1
самісінький,all,adjective,B1
самозбереження,self-preservation,noun,B1
секретний,secret,adjective,B1
серцевий,cardiac,adjective,B1
силовик,silovik,noun,B1
сіль,salt,noun,B1
сконцентрувати,concentrate,verb,B1
спекулювати,to,verb,B1
сполох,flash,noun,B1
спростити,simplify,verb,B1
стабілізувати,stabilize,verb,B1
судина,vessel,noun,B1
супермаркет,supermarket,noun,B1
схвалювати,approve,verb,B1
тваринництво,husbandry,noun,B1
Тегеран,tehran,noun,B1
терти,grate,verb,B1
товстий,thick,adjective,B1
токсичний,toxic,adjective,B1
трупа,troupe,noun,B1
улітку,in,adverb,B1
унеможливити,to,verb,B1
уособлення,incarnation,noun,B1
урочистість,celebration,noun,B1
урочисто,solemnly,adverb,B1
цирк,cirque,noun,B1
часопис,magazine,noun,B1
червоноармієць,red,noun,B1
шанований,honorable,adjective,B1
шпальта,column,noun,B1
штовхати,push,verb,B1
азербайджанський,azerbaijani,adjective,B1
англієць,english,noun,B1
бакалавр,graduate,noun,B1
балканський,of,adjective,B1
безнадійний,hopeless,adjective,B1
бульвар,boulevard,noun,B1
винуватець,debtor,noun,B1
виразно,expressively,adverb,B1
ворон,raven,noun,B1
вірогідність,authenticity,noun,B1
всесвітньо,globally,adverb,B1
гіпотетичний,hypothetical,adjective,B1
гнучкість,flexibility,noun,B1
задуматися,muse,verb,B1
дозволений,allowed,adjective,B1
дон,don,noun,B1
досконалість,perfection,noun,B1
достаток,plenty,noun,B1
еволюційний,evolutionary,adjective,B1
запал,zeal,noun,B1
запал,passion,noun,B1
зарубіжжя,foreign,noun,B1
зволікання,delay,noun,B1
іммігрант,immigrant,noun,B1
каналізація,sewer,noun,B1
контора,bureau,noun,B1
космонавтика,cosmonautics,noun,B1
красиво,beautifully,adverb,B1
марш,march,noun,B1
милосердя,mercy,noun,B1
мистецтвознавець,art,noun,B1
мінімізувати,minimize,verb,B1
мультфільм,animated,noun,B1
м'яз,muscle,noun,B1
наріжний,corner,adjective,B1
нереальний,unreal,adjective,B1
неухильний,unwavering,adjective,B1
оглянути,examine,verb,B1
оратор,speaker,noun,B1
оскаржувати,appeal,verb,B1
пастка,hook,noun,B1
перехожий,passer-by,noun,B1
пиріг,pie,noun,B1
підлога,floor,noun,B1
підполковник,lieutenant,noun,B1
побити,beat,verb,B1
покупка,purchase,noun,B1
постановити,to,verb,B1
потуга,effort,noun,B1
поширити,to,verb,B1
представлення,representation,noun,B1
представниця,delegate,noun,B1
придатний,usable,adjective,B1
примарний,ghostly,adjective,B1
радувати,rejoice,verb,B1
республіканець,supporter,noun,B1
різноманіття,diversity,noun,B1
розташовуватися,to,verb,B1
статевий,sexual,adjective,B1
сукня,dress,noun,B1
сусідка,neighbour,noun,B1
сухопутний,terrestrial,adjective,B1
твердити,claim,verb,B1
твердити,to,verb,B1
убити,kill,verb,B1
уявний,imaginary,adjective,B1
файл,file,noun,B1
фізіологія,physiology,noun,B1
хан,khan,noun,B1
штамп,device,noun,B1
беззаконня,injustice,noun,B1
безсумнівно,certainly,adverb,B1
благословення,blessing,noun,B1
блокада,siege,noun,B1
болгарський,relating,adjective,B1
бонус,bonus,noun,B1
бориспільський,boryspil,adjective,B1
вибити,to,verb,B1
відступити,retreat,verb,B1
відчай,despair,noun,B1
відшукати,to,verb,B1
внук,grandson,noun,B1
гвардія,guard,noun,B1
генерувати,generate,verb,B1
Голландія,netherlands,noun,B1
грань,edge,noun,B1
греко-католицький,of,adjective,B1
Давид,david,noun,B1
домівка,home,noun,B1
егоїзм,egoism,noun,B1
залізо,iron,noun,B1
запеклий,hardened,adjective,B1
західноукраїнський,western,adjective,B1
зразковий,model,adjective,B1
зрушити,budge,verb,B1
інтенсивно,intensively,adverb,B1
інтерпретувати,interpret,verb,B1
колапс,collapse,noun,B1
кущ,bush,noun,B1
легкість,facility,noun,B1
лук,bow,noun,B1
неперевершений,unsurpassed,adjective,B1
люстрація,lustration,noun,B1
мапа,map,noun,B1
мисливський,hunting,adjective,B1
мільйонер,millionaire,noun,B1
монстр,monster,noun,B1
нав'язати,impose,verb,B1
надрукувати,print,verb,B1
наївно,naively,adverb,B1
найняти,hire,verb,B1
насіння,pip,noun,B1
невинуватість,innocence,noun,B1
обдарований,clever,adjective,B1
парафія,parish,noun,B1
паркінг,parking,noun,B1
передбачення,forecast,noun,B1
перехопити,snag,verb,B1
підвищитися,to,verb,B1
плисти,swim,verb,B1
повторно,repeatedly,adverb,B1
поглиблений,advanced,adjective,B1
поліпшитися,improve,verb,B1
понести,carry,verb,B1
посилати,send,verb,B1
постулат,postulate,noun,B1
прибувати,to,verb,B1
прикордонник,border,noun,B1
процедурний,procedural,adjective,B1
радісний,happy,adjective,B1
речення,phrase,noun,B1
розголос,publicity,noun,B1
роззброєння,disarmament,noun,B1
ручка,pen,noun,B1
самобутній,original,adjective,B1
секція,section,noun,B1
спалювати,to,verb,B1
співак,singer,noun,B1
стагнація,stagnation,noun,B1
султан,sultan,noun,B1
сумський,sumy,adjective,B1
Таджикистан,tajikistan,noun,B1
уособлювати,to,verb,B1
цигарка,cigarette,noun,B1
шеф,boss,noun,B1
штани,pants,noun,B1
аксіома,axiom,noun,B1
астрономія,astronomy,noun,B1
брехати,lie,verb,B1
будь-що,anything,pronoun,B1
вагітність,gestation,noun,B1
Ватикан,vatican,noun,B1
верстат,lathe,noun,B1
виклад,statement,noun,B1
виростати,grow,verb,B1
витвір,artwork,noun,B1
відкликання,feedback,noun,B1
відкликати,recall,verb,B1
віднині,henceforth,adverb,B1
відступати,retreat,verb,B1
віросповідання,faith,noun,B1
водойма,body,noun,B1
гаразд,happiness,noun,B1
гібрид,hybrid,noun,B1
графіка,graphics,noun,B1
груповий,group,adjective,B1
декорація,decoration,noun,B1
дисбаланс,imbalance,noun,B1
дим,smoke,noun,B1
динамічно,dynamically,adverb,B1
директорія,directory,noun,B1
дистанція,distance,noun,B1
долучатися,to,verb,B1
Єльцин,yeltsin,noun,B1
загальносвітовий,worldwide,adjective,B1
заміж,married,adverb,B1
занедбаний,neglected,adjective,B1
заповнювати,fill,verb,B1
захищатися,to,verb,B1
зв'язок,bundle,noun,B1
зв'язок,connection,noun,B1
зосереджуватися,focus,verb,B1
імітувати,imitate,verb,B1
іронічний,ironic,adjective,B1
казна,treasury,noun,B1
капіталовкладення,investment,noun,B1
кіоск,stand,noun,B1
крилатий,winged,adjective,B1
Лідія,lydia,noun,B1
локомотив,locomotive,noun,B1
незнання,ignorance,noun,B1
неіснуючий,nonexistent,adjective,B1
ноу-хау,know-how,noun,B1
магнат,magnate,noun,B1
мільярдер,billionaire,noun,B1
незнайомий,strange,adjective,B1
обиватель,resident,noun,B1
оптовий,wholesale,adjective,B1
орда,horde,noun,B1
парниковий,greenhouse,adjective,B1
перевізник,carrier,noun,B1
переписати,rewrite,verb,B1
пес,dog,noun,A1
піднести,to,verb,B1
пішки,on,adverb,B1
поверховий,shallow,adjective,B1
поглибити,deepen,verb,B1
подих,act,noun,B1
подовжити,extend,verb,B1
покривати,cover,verb,B1
полишати,quit,verb,B1
практикувати,exercise,verb,B1
приміський,suburban,adjective,B1
расовий,racial,adjective,B1
репресивний,repressive,adjective,B1
сіяти,sow,verb,B1
сербський,pertaining,adjective,B1
Сімферополь,simferopol,noun,B1
скептично,sceptically,adverb,B1
слідувати,follow,verb,B1
співчуття,compassion,noun,B1
старість,old,noun,B1
сузір'я,constellation,noun,B1
сумісність,compatibility,noun,B1
Тбілісі,tbilisi,noun,B1
усувати,alternative,verb,B1
фінансист,financier,noun,B1
холод,cold,noun,B1
чайок,teatime,noun,B1
баталія,fight,noun,B1
Буковина,bukovina,noun,B1
вакантний,vacant,adjective,B1
вдало,fortunately,adverb,B1
вислухати,to,verb,B1
горизонтальний,horizontal,adjective,B1
декан,dean,noun,B1
відбиток,fingerprint,noun,B1
відвернути,to,verb,B1
глянути,glance,verb,B1
головень,chub,noun,B1
головнокомандувач,commander,noun,B1
голодування,starvation,noun,B1
гонка,race,noun,B1
граблі,rake,noun,B1
грач,player,noun,B1
гриф,vulture,noun,B1
гуманістичний,humanistic,adjective,B1
дамба,dam,noun,B1
данина,tribute,noun,B1
дев'ятий,ninth,adjective,B1
делегування,delegation,noun,B1
депресивний,depressive,adjective,B1
Єва,eve,noun,B1
залізничник,railwayman,noun,B1
запевнення,assurance,noun,B1
затримувати,hold,verb,B1
зраджувати,betray,verb,B1
канадський,canadian,adjective,B1
карбованець,ruble,noun,B1
козир,trump,noun,B1
кумедний,funny,adjective,B1
ласий,tempting,adjective,B1
лейтенант,lieutenant,noun,B1
лоб,forehead,noun,B1
луцький,lutsk,adjective,B1
мальовничий,picturesque,adjective,B1
матриця,matrix,noun,B1
мельник,miller,noun,B1
містичний,of,adjective,B1
монолог,monologue,noun,B1
наділити,bestow,verb,B1
наповнити,fill,verb,B1
насильницький,violent,adjective,B1
небажаний,undesired,adjective,B1
неприйняття,nonacceptance,noun,B1
обвал,landslide,noun,B1
оминати,escape,verb,B1
освоювати,master,verb,B1
палати,to,verb,B1
пандемія,pandemic,noun,B1
післявоєнний,post-war,adjective,B1
пов'язати,to,verb,B1
подовження,lengthening,noun,B1
полеміка,dispute,noun,B1
портал,portal,noun,B1
прагматизм,pragmatism,noun,B1
приватизувати,privatize,verb,B1
придністровський,transnistrian,adjective,B1
простота,simplicity,noun,B1
рейх,reich,noun,B1
розірвання,verbal,noun,B1
слоган,slogan,noun,B1
рухати,move,verb,B1
сирота,goosebumps,noun,B1
систематично,systematically,adverb,B1
страта,loss,noun,B1
таємно,secretly,adverb,B1
торговець,merchant,noun,B1
тягнути,drag,verb,B1
чекіст,chekist,noun,B1
шокувати,jolt,verb,B1
автентичний,authentic,adjective,B1
автокефальний,autocephalous,adjective,B1
автошлях,highway,noun,B1
аморальний,immoral,adjective,B1
асиміляція,assimilation,noun,B1
баба,woman,noun,A1
безвідповідальний,irresponsible,adjective,B1
благополучний,happy,adjective,B1
буржуазія,bourgeois,noun,B1
вболівальник,fan,noun,B1
весело,merrily,adverb,B1
відновлюватися,to,verb,B1
вісник,messenger,noun,B1
войовничий,aggressive,adjective,B1
втікати,escape,verb,B1
гітара,guitar,noun,B1
декрет,decree,noun,B1
диригент,conductor,noun,B1
екзамен,test,noun,B1
дефолт,default,noun,B1
Дунай,danube,noun,B1
еротичний,erotic,adjective,B1
Житомир,zhytomyr,noun,B1
замінювати,change,verb,B1
зіпсувати,to,verb,B1
зять,son-in-law,noun,B1
катер,cutter,noun,B1
каша,kasha,noun,B1
кераміка,ceramic,noun,B1
колиска,cradle,noun,B1
конфронтація,confrontation,noun,B1
коханий,beloved,adjective,B1
курити,to,verb,B1
лес,loess,noun,B1
лицар,knight,noun,B1
літопис,chronicle,noun,B1
мандрувати,travel,verb,B1
матерія,matter,noun,B1
мафія,mafia,noun,B1
мегаполіс,metropolis,noun,B1
метушня,the,noun,B1
милість,mercy,noun,B1
міфологія,mythology,noun,B1
мокрий,wet,adjective,B1
мор,pestilence,noun,B1
наслідування,inheritance,noun,B1
нечисленний,few,adjective,B1
обґрунтувати,to,verb,B1
пояснювальний,explanatory,adjective,B1
окупаційний,occupation,adjective,B1
окупований,occupied,adjective,B1
оптиміст,optimist,noun,B1
особняк,mansion,noun,B1
палиця,stick,noun,B1
підняття,elevation,noun,B1
підсвідомість,unconscious,noun,B1
піратство,piracy,noun,B1
побороти,to,verb,B1
повзти,crawl,verb,B1
погіршитися,to,verb,B1
поінформований,informed,adjective,B1
порядність,decency,noun,B1
посередництво,intermediation,noun,B1
престол,throne,noun,B1
привозити,bring,verb,B1
прогулянка,stroll,noun,B1
пропуск,omission,noun,B1
процитувати,quote,verb,B1
ревізор,auditor,noun,B1
результативний,effective,adjective,B1
реконструювати,reconstruct,verb,B1
розташуватися,to,verb,B1
симпатичний,cute,adjective,B1
синів,filial,adjective,B1
скляний,glassy,adjective,B1
сленг,slang,noun,B1
словацький,of,adjective,B1
стеля,ceiling,noun,B1
сувенір,souvenir,noun,B1
татарський,tatar,adjective,B1
харизматичний,charismatic,adjective,B1
цей,this,pronoun,B1
шахрай,sharp,noun,B1
акумулювати,accumulate,verb,B1
аплодувати,applaud,verb,B1
архієпископ,archbishop,noun,B1
атестат,diploma,noun,B1
багатомільйонний,multimillion,adjective,B1
вдосконалити,make,verb,A1
виголосити,to,verb,B1
випробувати,examine,verb,B1
витягнути,elicit,verb,B1
вілла,villa,noun,B1
владика,sovereign,noun,B1
влаштуватися,to,verb,B1
внутрішньодержавний,inland,adjective,B1
вселяти,inspire,verb,B1
встигнути,to,verb,B1
горло,throat,noun,B1
грабувати,rob,verb,B1
династія,dynasty,noun,B1
друкуватися,passive,verb,B1
завалити,do,verb,A1
загубити,lose,verb,B1
залишок,remainder,noun,B1
замкнений,closed,adjective,B1
заспівати,sing,verb,B1
здивування,surprise,noun,B1
зсув,landslide,noun,B1
ідентичний,identical,adjective,B1
класовий,class,adjective,B1
краєвид,landscape,noun,B1
купець,buyer,noun,B1
ледве,hardly,adverb,B1
Ленінград,leningrad,noun,B1
лінгвістичний,linguistic,adjective,B1
магічний,magical,adjective,B1
малоймовірний,hardly,adjective,B1
метеор,meteor,noun,B1
мільярдний,billionth,adjective,B1
монтаж,montage,noun,B1
наймолодший,youngest,adjective,B1
насилля,violence,noun,B1
неповага,disrespect,noun,B1
непомітно,imperceptibly,adverb,B1
нерозривно,unbreakably,adverb,B1
нісенітниця,nonsense,noun,B1
новонароджений,newborn,adjective,B1
одкровення,revelation,noun,B1
опановувати,master,verb,B1
Павленко,paulson,noun,B1
патрон,shell,noun,B1
перевибори,reelection,noun,B1
переоцінити,overestimate,verb,B1
переселення,immigration,noun,B1
підтекст,implication,noun,B1
підхопити,catch,verb,B1
плавати,swim,verb,B1
пляж,beach,noun,B1
подвір'я,yard,noun,B1
позаду,aback,adverb,B1
потерпілий,victim,noun,B1
принц,prince,noun,B1
приписувати,prescribe,verb,B1
присяжний,juror,noun,B1
протиставлення,verbal,noun,B1
реєстраційний,registration,adjective,B1
речник,spokesman,noun,B1
слух,rumor,noun,B1
рубати,cut,verb,B1
рушити,stir,verb,B1
сенсація,sensation,noun,B1
сітка,net,noun,B1
словесний,verbal,adjective,B1
співіснувати,coexist,verb,B1
степовий,steppic,adjective,B1
термінологічний,terminological,adjective,B1
трибунал,tribunal,noun,B1
українізація,ukrainization,noun,B1
хист,ability,noun,B1
чергування,watch,noun,B1
чисельний,plural,adjective,B1
членський,membership,adjective,B1
адаптуватися,settle,verb,B1
бачитися,to,verb,B1
братній,brotherly,adjective,B1
буря,storm,noun,B1
ведучий,presenter,noun,B1
вертикальний,vertical,adjective,B1
виражатися,to,verb,B1
виростити,cultivate,verb,B1
відро,bucket,noun,B1
відстати,to,verb,B1
Вільнюс,vilnius,noun,B1
втретє,for,adverb,B1
засилля,dominance,noun,B1
дестабілізація,destabilization,noun,B1
деякий,some,pronoun,B1
доріжка,track,noun,B1
евакуація,evacuation,noun,B1
живописний,picturesque,adjective,B1
жир,grease,noun,B1
зазнавати,endure,verb,B1
звір,mammal,noun,B1
змінний,variable,adjective,B1
ідентифікувати,identify,verb,B1
ідол,god,noun,B1
їдальня,cafeteria,noun,B1
Карабах,nagorno-karabakh,noun,B1
кишеньковий,pocket,adjective,B1
колектор,collector,noun,B1
комета,comet,noun,B1
комунікаційний,communicational,adjective,B1
консолідувати,consolidate,verb,B1
коректний,correct,adjective,B1
корумпованість,corruption,noun,B1
кубанський,kuban,adjective,B1
Кубань,kuban,noun,B1
лізти,climb,verb,B1
ложка,spoon,noun,B1
Люксембург,luxembourg,noun,B1
мексиканський,mexican,adjective,B1
мільйонний,millionth,adjective,B1
м'яч,ball,noun,B1
навкруги,around,adverb,B1
наголос,accent,noun,B1
непокора,rebellion,noun,B1
обдурити,beguile,verb,B1
обуритися,thrill,verb,B1
осторонь,apart,adverb,B1
підкорятися,obey,verb,B1
погруддя,bust,noun,B1
позбавлятися,get,verb,A1
позичати,lend,verb,B1
покинутий,abandoned,adjective,B1
почекати,to,verb,B1
Придністров'я,transnistria,noun,B1
призупинити,suspend,verb,B1
прикмета,sign,noun,B1
просторовий,spatial,adjective,B1
радгосп,sovkhoz,noun,B1
ремонтувати,fix,verb,B1
рецесія,recession,noun,B1
рішучість,decisiveness,noun,B1
розпустити,dissolve,verb,B1
самотність,privacy,noun,B1
сік,sap,noun,B1
Словенія,slovenia,noun,B1
снага,vigour,noun,B1
сталінізм,stalinism,noun,B1
старання,industry,noun,B1
таксист,taxi,noun,B1
теоретик,theorist,noun,B1
технолог,technologist,noun,B1
трирічний,triennial,adjective,B1
фокус,knack,noun,B1
фотограф,photographer,noun,B1
хвилюватися,worry,verb,B1
хіт,hit,noun,B1
Чернігів,chernihiv,noun,B1
авторство,authorship,noun,B1
висловлення,account,noun,B1
асфальт,pavement,noun,B1
Афіни,athens,noun,B1
бак,tank,noun,B1
бактерія,bacterium,noun,B1
вантажівка,truck,noun,B1
вежа,tower,noun,B1
вмерти,die,verb,B1
вихований,correct,adjective,B1
вчиняти,perpetrate,verb,B1
гальмо,brake,noun,B1
героїзм,heroism,noun,B1
гласність,glasnost,noun,B1
диван,sofa,noun,B1
долина,valley,noun,B1
дорікати,upbraid,verb,B1
дрова,firewood,noun,B1
дублювання,dubbing,noun,B1
духовенство,clergy,noun,B1
епопея,epopee,noun,B1
Євразія,eurasia,noun,B1
єпархія,diocese,noun,B1
жалкувати,regret,verb,B1
завойовувати,conquer,verb,B1
згубний,deleterious,adjective,B1
здобич,booty,noun,B1
зручність,comfort,noun,B1
інтимний,familiar,adjective,B1
кат,executioner,noun,B1
кисень,oxygen,noun,B1
Кишинів,chisinau,noun,B1
компетентність,capacity,noun,B1
комплект,matching,noun,B1
консул,consul,noun,B1
конфедерація,confederation,noun,B1
концентруватися,concentrate,verb,B1
ліричний,lyrical,adjective,B1
магія,magic,noun,B1
магнітний,magnetic,adjective,B1
маргінальний,marginal,adjective,B1
маршрутка,marshrutka,noun,B1
мікрохвильовий,microwave,adjective,B1
мука,torment,noun,B1
мука,meal,noun,B1
непрофесійний,lay,adjective,B1
ностальгія,nostalgia,noun,B1
обійняти,hug,verb,B1
огірок,cucumber,noun,B1
одесит,odessite,noun,B1
окуляри,spectacles,noun,B1
оман,inula,noun,B1
письмо,writing,noun,B1
півень,rooster,noun,B1
плутанина,mess,noun,B1
повертатися,return,verb,B1
покрити,cover,verb,B1
проникати,pervade,verb,B1
рідина,substance,noun,B1
рожевий,pink,adjective,B1
розширюватися,expand,verb,B1
сакральний,sacral,adjective,B1
стрижень,pivot,noun,B1
табличка,plate,noun,B1
торжество,celebration,noun,B1
трубка,snorkel,noun,B1
тупий,thick,adjective,B1
тусовка,party,noun,B1
уривок,fragment,noun,B1
феодальний,feudal,adjective,B1
фізіологічний,physiological,adjective,B1
харизма,charisma,noun,B1
чорнозем,chernozem,noun,B1
яхта,yacht,noun,B1
авторка,writer,noun,B1
археолог,archaeologist,noun,B1
асистент,wizard,noun,B1
багатодітний,large,adjective,B1
балка,beam,noun,B1
безперервно,uninterruptedly,adverb,B1
безпритульний,homeless,adjective,B1
бетонний,concrete,adjective,B1
близькосхідний,middle,adjective,B1
бондар,cooper,noun,B1
булава,mace,noun,B1
вагатися,hesitate,verb,B1
вдень,by,adverb,B1
Венесуела,venezuela,noun,B1
винайти,invent,verb,B1
винищувач,fighter,noun,B1
виснаження,exhaustion,noun,B1
візок,stroller,noun,B1
Голлівуд,hollywood,noun,B1
двомовність,bilingualism,noun,B1
ейфорія,euphoria,noun,B1
дітище,offspring,noun,B1
дохідний,profitable,adjective,B1
залоза,gland,noun,B1
заново,anew,adverb,B1
збити,shoot,verb,B1
зручно,easily,adverb,B1
імміграція,immigration,noun,B1
іпостась,hypostasis,noun,B1
іпотека,mortgage,noun,B1
канцелярія,bureau,noun,B1
кнопка,button,noun,B1
коли-небудь,sometime,adverb,B1
коли-небудь,ever,adverb,B1
кортеж,convoy,noun,B1
красний,beautiful,adjective,B1
куток,corner,noun,B1
лицемірство,hypocrisy,noun,B1
непрозорий,opaque,adjective,B1
метафора,metaphor,noun,B1
метрополія,metropolis,noun,B1
наважуватися,dare,verb,B1
наймати,hire,verb,B1
насолоджуватися,enjoy,verb,B1
нейтралітет,neutrality,noun,B1
неоднаковий,different,adjective,B1
нещастя,disaster,noun,B1
одинадцять,eleven,numeral,B1
опуститися,to,verb,B1
оприлюднювати,publish,verb,B1
пасти,graze,verb,B1
перервати,interrupt,verb,B1
перетнути,cross,verb,B1
підбирати,glean,verb,B1
підводити,let,verb,B1
поволі,deliberately,adverb,B1
поема,poem,noun,B1
покійний,late,adjective,B1
полюс,pole,noun,B1
португальський,portuguese,adjective,B1
правопорушник,lawbreaker,noun,B1
праворуч,on,adverb,B1
преса,press,noun,B1
прибуття,arrival,noun,B1
прив'язаний,attached,adjective,B1
придатність,fitness,noun,B1
прикривати,cover,verb,B1
пропускний,related,adjective,B1
п'ятнадцять,fifteen,numeral,B1
ремесло,craft,noun,B1
рибалка,fishing,noun,B1
різноманітність,flux,noun,B1
річковий,riverine,adjective,B1
рушник,towel,noun,B1
садочок,coop,noun,B1
слов'янин,slav,noun,B1
соціал-демократ,social,noun,B1
спека,heatwave,noun,B1
спів,singing,noun,B1
стопа,foot,noun,B1
тітка,aunt,noun,B1
транслювати,broadcast,verb,B1
тріщина,crack,noun,B1
удача,fortune,noun,B1
узгоджувати,square,verb,B1
Абхазія,abkhazia,noun,B1
адекватність,adequacy,noun,B1
британець,briton,noun,B1
взаємозалежність,interdependence,noun,B1
алея,lane,noun,B1
атом,atom,noun,B1
безвихідь,hopelessness,noun,B1
білизна,laundry,noun,B1
білизна,whiteness,noun,B1
біологія,biology,noun,B1
бланк,form,noun,B1
бухгалтерія,accountancy,noun,B1
вигаданий,fictional,adjective,B1
випробовувати,test,verb,B1
випромінювати,emanate,verb,B1
волати,bawl,verb,B1
втомлений,tired,adjective,B1
госпіталь,hospital,noun,B1
Держдума,state,noun,B1
ескіз,draft,noun,B1
завдячувати,to,verb,B1
залякати,cow,verb,B1
засвоїти,master,verb,B1
заспокоїти,to,verb,B1
зневажати,despise,verb,B1
зоря,dawn,noun,B1
інтернаціональний,international,adjective,B1
кликати,call,verb,A1
криниця,origin,noun,B1
кубок,chalice,noun,B1
лондонський,london,adjective,B1
мікрорайон,microdistrict,noun,B1
модуль,module,noun,B1
москвич,muscovite,noun,B1
нагромадження,accumulation,noun,B1
надлишковий,surplus,adjective,B1
надлишковий,redundant,adjective,B1
налагоджувати,debug,verb,B1
наполегливість,insistence,noun,B1
насолода,delight,noun,B1
натиск,rush,noun,B1
натрапити,come,verb,A1
невтомний,indefatigable,adjective,B1
незгода,clash,noun,B1
Об,ob,noun,B1
оболонка,envelope,noun,B1
обчислювальний,countable,adjective,B1
озвучувати,to,verb,B1
праведний,righteous,adjective,B1
придушення,repression,noun,B1
офісний,office,adjective,B1
палити,burn,verb,B1
перевершувати,top,verb,B1
передмістя,suburb,noun,B1
передній,located,adjective,B1
передчуття,anticipation,noun,B1
плювати,spit,verb,B1
погіршити,worsen,verb,B1
поготів,so,adverb,B1
поетапний,piecemeal,adjective,B1
пожвавлення,enlivenment,noun,B1
приготування,preparation,noun,B1
приїжджий,nonresident,adjective,B1
приказка,proverb,noun,B1
прозоро,transparently,adverb,B1
реєструватися,to,verb,B1
роздратування,vexation,noun,B1
розпач,despair,noun,B1
рубрика,heading,noun,B1
скептик,sceptic,noun,B1
скульптурний,sculpture,adjective,B1
совок,dustpan,noun,B1
спливати,emerge,verb,B1
стадо,flock,noun,B1
танк,tank,noun,B1
Тернопільщина,ternopil,noun,B1
тонкощі,fine,noun,B1
узурпація,usurpation,noun,B1
указувати,point,verb,B1
Ходорковський,khodorkovsky,noun,B1
шафа,closet,noun,B1
шляхетний,generous,adjective,B1
штаб-квартира,headquarters,noun,B1
Югославія,yugoslavia,noun,B1
актриса,actor,noun,B1
апогей,acme,noun,B1
багатоквартирний,multiapartment,adjective,B1
банкрут,bankrupt,noun,B1
бездомний,homeless,adjective,B1
безкомпромісний,intransigent,adjective,B1
бельгійський,belgian,adjective,B1
болісний,painful,adjective,B1
бульдозер,bulldozer,noun,B1
вивіска,signboard,noun,B1
віддзеркалення,shadow,noun,B1
відчинити,open,verb,B1
військовик,serviceman,noun,B1
вічність,eternity,noun,B1
ґатунок,kind,noun,B1
гімнастика,gymnastics,noun,B1
грузин,georgian,noun,B1
дама,queen,noun,B1
діабет,diabetes,noun,B1
доброволець,volunteer,noun,B1
дріт,wire,noun,B1
дурість,stupidity,noun,B1
електрика,power,noun,B1
енциклопедичний,encyclopedic,adjective,B1
залюбки,gladly,adverb,B1
ілюструвати,illustrate,verb,B1
імперіалізм,imperialism,noun,B1
імунний,immune,adjective,B1
капуста,cabbage,noun,B1
кислота,acid,noun,B1
консервація,conservation,noun,B1
контраст,contrast,noun,B1
корейський,relating,adjective,B1
Краків,cracow,noun,B1
кум,godfather,noun,B1
маніфест,manifest,noun,B1
миттєвий,momentary,adjective,B1
мозковий,cerebral,adjective,B1
мусульманин,muslim,noun,B1
навмисно,deliberately,adverb,B1
наділяти,bestow,verb,B1
Наполеон,napoleon,noun,B1
народність,nationality,noun,B1
небуття,nonexistence,noun,B1
недоступний,unavailable,adjective,B1
неодноразовий,repeated,adjective,B1
непересічний,extraordinary,adjective,B1
нечесний,dishonest,adjective,B1
номінальний,nominal,adjective,B1
обкладинка,cover,noun,B1
ображений,resentful,adjective,B1
образити,offend,verb,B1
обрій,horizon,noun,B1
оперета,operetta,noun,B1
парасолька,umbrella,noun,B1
персонально,personally,adverb,B1
песимістичний,pessimistic,adjective,B1
південно-західний,southwestern,adjective,B1
підсилити,to,verb,B1
підступний,devious,adjective,B1
пістолет,gun,noun,B1
планетарій,planetarium,noun,B1
поворот,turn,noun,B1
полювати,hunt,verb,B1
поранення,injury,noun,B1
похибка,error,noun,B1
правомірний,legal,adjective,B1
прибутковість,profitability,noun,B1
приціл,sight,noun,B1
прокинутися,wake,verb,B1
проковтнути,to,verb,B1
прорахунок,miscalculation,noun,B1
режисура,direction,noun,B1
ризикований,risky,adjective,B1
розбрат,cutlet,noun,B1
розбудовувати,to,verb,B1
розріз,section,noun,B1
рудник,mine,noun,B1
сім'я,seed,noun,B1
сім'я,family,noun,A1
Сінгапур,singapore,noun,B1
слобода,sloboda,noun,B1
споруджувати,to,verb,B1
столик,stand,noun,B1
схилити,to,verb,B1
таїти,conceal,verb,B1
тролейбус,trolley,noun,B1
Трускавець,truskavets,noun,B1
туман,fog,noun,B1
тюремний,penitentiary,adjective,B1
ультиматум,ultimatum,noun,B1
фізкультура,physical,noun,B1
Хортиця,chortitza,noun,B1
широкомасштабний,widescale,adjective,B1
щур,rat,noun,B1
акторка,actor,noun,B1
акумулятор,battery,noun,B1
аудитор,auditor,noun,B1
багаж,luggage,noun,B1
багатогранний,polyhedral,adjective,B1
барва,color,noun,B1
безнадійно,hopelessly,adverb,B1
богослужіння,worship,noun,B1
бурштин,amber,noun,B1
бухта,bay,noun,B1
вагітний,pregnant,adjective,B1
вголос,out,adverb,B1
ведмідь,bear,noun,B1
виганяти,kick,verb,B1
винахідник,inventor,noun,B1
витончений,tasty,adjective,B1
відпускати,dismiss,verb,B1
вторгнення,incursion,noun,B1
вчасний,timely,adjective,B1
гнати,chivvy,verb,B1
добиватися,achieve,verb,B1
довідник,reference,noun,B1
заводити,to,verb,B1
завчасно,early,adverb,B1
загострюватися,escalate,verb,B1
закінчений,over,adjective,B1
закоханий,amorous,adjective,B1
запланувати,to,verb,B1
зневага,contempt,noun,B1
зошит,notebook,noun,B1
зухвалий,insolent,adjective,B1
іменувати,to,verb,B1
інтегрувати,integrate,verb,B1
ірландський,pertaining,adjective,B1
кільце,ring,noun,B1
кінематографіст,cinematographer,noun,B1
колекціонер,collector,noun,B1
контент,content,noun,B1
контрабандист,smuggler,noun,B1
купол,dome,noun,B1
лінійний,linear,adjective,B1
Миколай,nicholas,noun,B1
молдавський,moldovan,adjective,B1
м'яти,crumple,verb,B1
нагодувати,to,verb,B1
надмір,surplus,noun,B1
накрити,to,verb,B1
невідворотний,inevitable,adjective,B1
невпинно,unstoppably,adverb,B1
незадовго,soon,adverb,B1
непорушний,static,adjective,B1
оберігати,preserve,verb,B1
обожнювати,adore,verb,B1
опускатися,sink,verb,B1
оновити,renew,verb,B1
опублікування,publication,noun,B1
очевидець,witness,noun,B1
печера,cave,noun,B1
підібрати,gather,verb,B1
підміна,substitution,noun,B1
підносити,to,verb,B1
підсвідомий,unconscious,adjective,B1
побачення,date,noun,B1
повчальний,instructive,adjective,B1
подушка,cushion,noun,B1
позаминулий,before,adjective,B1
похорон,burial,noun,B1
прадід,great-grandfather,noun,B1
привид,vision,noun,B1
приголомшливий,astounding,adjective,B1
прилавок,stall,noun,B1
провокатор,provocateur,noun,B1
прославити,celebrate,verb,B1
ранковий,morning,adjective,B1
реабілітаційний,rehabilitation,adjective,B1
релігійність,religiosity,noun,B1
розділення,division,noun,B1
розподілити,to,verb,B1
слухняний,kind,adjective,B1
Рузвельт,roosevelt,noun,B1
рукав,sleeve,noun,B1
сваритися,to,verb,B1
світанок,dawn,noun,B1
сервер,server,noun,B1
сидіння,place,noun,B1
синод,synod,noun,B1
синонім,synonym,noun,B1
скрутний,difficult,adjective,B1
смачний,delicious,adjective,B1
снитися,dream,verb,B1
сором,shame,noun,B1
споріднений,akin,adjective,B1
спуск,descent,noun,B1
суднобудівний,shipbuilding,adjective,B1
сумувати,miss,verb,B1
толерантний,tolerant,adjective,B1
тортури,torture,noun,B1
туманний,foggy,adjective,B1
ув'язнений,imprisoned,adjective,B1
формулювати,formulate,verb,B1
футболіст,footballer,noun,B1
цілодобово,round,adverb,B1
шапка,hat,noun,B1
шлюбний,marital,adjective,B1
азот,nitrogen,noun,B1
атакувати,attack,verb,B1
аура,aura,noun,B1
афіша,bill,noun,B1
безцінний,priceless,adjective,B1
бізнес-план,business,noun,B1
білок,sclera,noun,B1
блискуче,brilliantly,adverb,B1
блог,blog,noun,B1
величність,the,noun,B1
В'єтнам,vietnam,noun,B1
вибачитися,apologize,verb,B1
виборювати,to,verb,B1
винищення,verbal,noun,B1
вирішитися,to,verb,B1
відокремлення,detachment,noun,B1
вогнище,campfire,noun,B1
графіті,graffiti,noun,B1
дарування,pardon,noun,B1
дворічний,biennial,adjective,B1
доставити,deliver,verb,B1
драматургія,dramaturgy,noun,B1
епіцентр,epicentre,noun,B1
заощадити,save,verb,B1
заправка,gas,noun,B1
зачарований,spellbound,adjective,B1
звикати,get,verb,A1
землевласник,landowner,noun,B1
змій,dragon,noun,B1
зненацька,suddenly,adverb,B1
з'ясовуватися,turn,verb,B1
ізраїльський,of,adjective,B1
імператриця,empress,noun,B1
імпортувати,import,verb,B1
інфаркт,infarct,noun,B1
квапитися,rush,verb,B1
колія,railway,noun,B1
комсомол,komsomol,noun,B1
легалізувати,legalize,verb,B1
ліпше,better,adverb,B1
маяк,beacon,noun,B1
мед,honey,noun,B1
міць,force,noun,B1
млин,mill,noun,B1
мовчання,silence,noun,B1
модно,fashionably,adverb,B1
наростити,to,verb,B1
незадоволення,dissatisfaction,noun,B1
непримиренний,intransigent,adjective,B1
однокласник,classmate,noun,B1
одностатевий,same-sex,adjective,B1
павільйон,pavilion,noun,B1
перевершити,top,verb,B1
перетинати,cross,verb,B1
перехрестя,intersection,noun,B1
пильно,urgently,adverb,B1
плин,flow,noun,B1
подвоїти,double,verb,B1
покликати,call,verb,A1
поліцай,cop,noun,B1
помідор,tomato,noun,B1
помірний,moderate,adjective,B1
популяція,population,noun,B1
поскаржитися,to,verb,B1
прикрити,cover,verb,B1
приховати,feign,verb,B1
пряник,gingerbread,noun,B1
реалізм,realism,noun,B1
рибак,fisherman,noun,B1
ритуал,rite,noun,B1
ритуальний,ritual,adjective,B1
розгром,defeat,noun,B1
славити,celebrate,verb,B1
русин,rusyn,noun,B1
сеанс,session,noun,B1
серб,serbian,noun,B1
символічно,symbolically,adverb,B1
скрипка,violin,noun,B1
спирт,spirit,noun,B1
стрункий,slim,adjective,B1
студентка,student,noun,B1
сумісний,joint,adjective,B1
телеграма,telegram,noun,B1
тілесний,physical,adjective,B1
траєкторія,trajectory,noun,B1
уважний,careful,adjective,B1
ужгородський,uzhhorod,adjective,B1
фішка,piece,noun,B1
фортепіано,piano,noun,B1
чужинець,alien,noun,B1
шматочок,endearing,noun,B1
штрих,stroke,noun,B1
абстракція,abstraction,noun,B1
авангард,vanguard,noun,B1
аналітика,analytics,noun,B1
архаїчний,archaic,adjective,B1
астролябія,astrolabe,noun,B1
балачка,balachka,noun,B1
беззастережний,unconditional,adjective,B1
безпорадність,helplessness,noun,B1
березневий,march,adjective,B1
біографічний,biographical,adjective,B1
блискавка,lightning,noun,B1
болотний,hazel,adjective,B1
бразильський,brazilian,adjective,B1
бузок,lilac,noun,B1
вагання,qualm,noun,B1
варвар,barbarian,noun,B1
вдаватися,manage,verb,B1
вигук,interjection,noun,B1
вигукнути,ejaculate,verb,B1
винуватий,guilty,adjective,B1
виправляти,correct,verb,B1
вистояти,to,verb,B1
вичерпуватися,run,verb,B1
відати,deal,verb,B1
відступ,retreat,noun,B1
вісь,axis,noun,B1
всеосяжний,overall,adjective,B1
голка,needle,noun,B1
голландський,dutch,adjective,B1
головня,brand,noun,B1
голодувати,starve,verb,B1
грудь,breast,noun,B1
гучно,loudly,adverb,B1
діагностичний,diagnostic,adjective,B1
діброва,oakwood,noun,B1
дівчатко,girl,noun,A1
дітки,children,noun,B1
добувати,to,verb,B1
емпіричний,empirical,adjective,B1
енергоринок,energy,noun,B1
естафета,relay,noun,B1
заморожений,frozen,adjective,B1
звужувати,narrow,verb,B1
зграя,flock,noun,B1
землеробство,agriculture,noun,B1
зникнути,disappear,verb,B1
інформатика,informatics,noun,B1
Кіровоград,kirovohrad,noun,B1
кондитерський,confectionary,adjective,B1
конкретизація,concretization,noun,B1
конкретизувати,concretize,verb,B1
кохати,love,verb,A1
ксенофобія,xenophobia,noun,B1
лілія,lily,noun,B1
літературознавець,literary,noun,B1
логістика,logistics,noun,B1
Македонія,macedonia,noun,B1
невдячний,ungrateful,adjective,B1
невиправданий,unjustified,adjective,B1
недоречний,random,adjective,B1
нейтралізувати,neutralize,verb,B1
некомпетентний,incompetent,adjective,B1
новаторський,innovative,adjective,B1
ображати,abuse,verb,B1
обтяжувати,charge,verb,B1
однорідний,homogeneous,adjective,B1
одружений,married,adjective,B1
омбудсман,ombudsman,noun,B1
опікун,guardian,noun,B1
ототожнення,verbal,noun,B1
отрута,poison,noun,B1
панацея,panacea,noun,B1
переповнений,crowded,adjective,B1
переробити,redo,verb,B1
підзвітний,accountable,adjective,B1
поблизу,near,adverb,B1
повномасштабний,full-scale,adjective,B1
пожертва,donation,noun,B1
поліпшувати,improve,verb,B1
полюбити,fall,verb,B1
поміркований,moderate,adjective,B1
посуд,dish,noun,B1
практикуватися,exercise,verb,B1
принцеса,princess,noun,B1
притягувати,to,verb,B1
протилежність,opposition,noun,B1
психологічно,psychologically,adverb,B1
рейс,flight,noun,B1
рівноправність,equality,noun,B1
ровесник,peer,noun,B1
родзинка,raisin,noun,B1
розкритикувати,slate,verb,B1
розміщувати,place,verb,B1
розчинити,dissolve,verb,B1
середньостатистичний,average,adjective,B1
скупий,stingy,adjective,B1
соціал-демократичний,social,adjective,B1
споконвічний,aboriginal,adjective,B1
стабілізуватися,stabilize,verb,B1
стрілець,rifleman,noun,B1
структурований,structured,adjective,B1
сходи,staircase,noun,B1
тяжіння,gravity,noun,B1
удавати,imitate,verb,B1
узбіччя,shoulder,noun,B1
устигти,make,verb,A1
учити,study,verb,B1
фольклор,folklore,noun,B1
хлібний,bread,adjective,B1
хобі,hobby,noun,B1
шокований,shocked,adjective,B1
ясність,clarity,noun,B1
адресат,addressee,noun,B1
аеродром,aerodrome,noun,B1
апатія,apathy,noun,B1
апеляція,appeal,noun,B1
багатій,affluent,noun,B1
багатовіковий,centuries-old,adjective,B1
балкон,balcony,noun,B1
безперечний,incontestable,adjective,B1
беркут,golden,noun,B1
благословити,confer,verb,B1
близнюк,twin,noun,B1
брошура,pamphlet,noun,B1
букет,bouquet,noun,B1
Венеція,venice,noun,B1
видимість,appearance,noun,B1
вилучати,confiscate,verb,B1
відділити,separate,verb,B1
відокремити,separate,verb,B1
вус,moustache,noun,B1
гіркота,bitterness,noun,B1
гостинність,hospitality,noun,B1
гриб,mushroom,noun,B1
гривневий,hryvnia,adjective,B1
гуманний,humane,adjective,B1
демографія,demography,noun,B1
дзеркальний,mirror,adjective,B1
дотик,touch,noun,B1
егоїстичний,selfish,adjective,B1
етикетка,label,noun,B1
забуття,oblivion,noun,B1
заволодіти,capture,verb,B1
зануритися,to,verb,B1
застерегти,admonish,verb,B1
збагачувати,enrich,verb,B1
зворушливий,moving,adjective,B1
злетіти,take,verb,A1
зрілість,ripeness,noun,B1
зріст,growth,noun,B1
ідеологічно,ideologically,adverb,B1
ієрархічний,hierarchical,adjective,B1
імператорський,imperial,adjective,B1
католик,member,noun,B1
кличка,nickname,noun,B1
ковдра,blanket,noun,B1
компромат,dirt,noun,B1
корисно,usefully,adverb,B1
корона,crown,noun,B1
кровопролиття,bloodletting,noun,B1
лайка,abuse,noun,B1
лиман,brackish,noun,B1
Макіївка,makiyivka,noun,B1
малювання,drawing,noun,B1
Мар'ян,inflection,noun,B1
махінація,machination,noun,B1
мінливий,variable,adjective,B1
монарх,sovereign,noun,B1
наглядати,observe,verb,B1
надихнути,inspire,verb,B1
напрочуд,rarely,adverb,B1
наряд,array,noun,B1
недосяжний,inaccessible,adjective,B1
неозброєний,unarmed,adjective,B1
неправдивий,false,adjective,B1
нетерпіння,impatience,noun,B1
нечасто,rarely,adverb,B1
нечуваний,unheard-of,adjective,B1
нікчемний,good-for-nothing,adjective,B1
новизна,novelty,noun,B1
образливий,offensive,adjective,B1
образний,transitive,adjective,B1
односелець,fellow,noun,B1
одужання,recovery,noun,B1
пеня,fine,noun,B1
паралізувати,paralyze,verb,B1
передмова,preface,noun,B1
погодний,weather,adjective,B1
погром,pogrom,noun,B1
пожертвування,contribution,noun,B1
поінформувати,inform,verb,B1
поміщик,landowner,noun,B1
попрямувати,to,verb,B1
популяризувати,popularise,verb,B1
привілейований,privileged,adjective,B1
примусово,forcibly,adverb,B1
прислів'я,proverb,noun,B1
прощатися,say,verb,A1
радіостанція,radio,noun,B1
раса,race,noun,B1
рейд,raid,noun,B1
рекламувати,advertise,verb,B1
саджати,plant,verb,B1
світлофор,traffic,noun,B1
сенсаційний,sensational,adjective,B1
сепаратизм,separatism,noun,B1
сигарета,cigarette,noun,B1
Сирія,syria,noun,B1
скандинавський,scandinavian,adjective,B1
слідкувати,follow,verb,B1
сокіл,falcon,noun,B1
співзасновник,cofounder,noun,B1
стокгольмський,stockholm,adjective,B1
схопити,grab,verb,B1
тижневик,weekly,noun,B1
тризуб,tryzub,noun,B1
тютюн,tobacco,noun,B1
удосконалювати,make,verb,A1
узаконити,legitimize,verb,B1
уламок,fragment,noun,B1
утопія,utopia,noun,B1
цегла,brick,noun,B1
Шекспір,shakespeare,noun,B1
Яків,jack,noun,B1
авіакомпанія,airline,noun,B1
автобіографія,autobiography,noun,B1
адаптувати,adapt,verb,B1
взаємодопомога,mutual,noun,B1
брехливий,rogue,adjective,B1
варіація,variation,noun,B1
вдова,widow,noun,B1
вимірювати,measure,verb,B1
витягувати,elicit,verb,B1
відображатися,passive,verb,B1
відпочивальник,holidaymaker,noun,B1
вітання,welcome,noun,B1
гірник,miner,noun,B1
Гонконг,hong,noun,B1
двадцятий,twentieth,adjective,B1
демонстрант,demonstrator,noun,B1
дискримінаційний,discriminatory,adjective,B1
дестабілізувати,destabilize,verb,B1
дитя,child,noun,A1
дослід,experiment,noun,B1
дракон,dragon,noun,B1
Дрогобич,drohobych,noun,B1
душ,shower,noun,B1
емігрувати,to,verb,B1
етнографічний,ethnographic,adjective,B1
Євгеній,inflection,noun,B1
зачинений,closed,adjective,B1
збагатити,enrich,verb,B1
здібний,clever,adjective,B1
зіштовхуватися,jostle,verb,B1
зображувати,represent,verb,B1
індивідуум,individual,noun,B1
Ісландія,iceland,noun,B1
Канів,kaniv,noun,B1
командувати,command,verb,B1
контур,circuit,noun,B1
корм,fodder,noun,B1
королева,queen,noun,B1
кулемет,machine,noun,B1
лавина,avalanche,noun,B1
лице,face,noun,B1
мавпа,monkey,noun,B1
маля,tot,noun,B1
Марта,marta,noun,B1
масонство,freemasonry,noun,B1
матрос,seaman,noun,B1
маячня,bullshit,noun,B1
мемуари,memoir,noun,B1
минувшина,yesteryear,noun,B1
мити,wash,verb,B1
молекулярний,molecular,adjective,B1
Московія,muscovy,noun,B1
Наталка,natalie,noun,B1
невичерпний,inexhaustible,adjective,B1
неволя,captivity,noun,B1
недалеко,not,adverb,A1
недостатність,insufficiency,noun,B1
нерівний,uneven,adjective,B1
обсерваторія,observatory,noun,B1
оголений,nude,adjective,B1
однойменний,eponymous,adjective,B1
олівець,pencil,noun,B1
орел,eagle,noun,B1
очний,ocular,adjective,B1
підзвітність,accountability,noun,B1
підійматися,climb,verb,B1
пластиковий,made,adjective,B1
плівка,film,noun,B1
поглиблювати,deepen,verb,B1
подібність,similarity,noun,B1
покидати,to,verb,B1
покидати,abandon,verb,B1
полісся,low-lying,noun,B1
полководець,general,noun,B1
принизливий,disparaging,adjective,B1
пролетаріат,proletariat,noun,B1
прописка,propiska,noun,B1
проповідь,sermon,noun,B1
протиракетний,antimissile,adjective,B1
прохід,aisle,noun,B1
психіатричний,psychiatric,adjective,B1
п'яний,drunk,adjective,B1
рецензія,review,noun,B1
різати,cut,verb,B1
Славутич,slavutych,noun,B1
рушій,engine,noun,B1
сварка,quarrel,noun,B1
своєчасно,opportunely,adverb,B1
сенатор,senator,noun,B1
скіфський,relating,adjective,B1
спорідненість,relationship,noun,B1
спотворювати,garble,verb,B1
спускатися,descend,verb,B1
стовбур,trunk,noun,B1
тверезий,sober,adjective,B1
технік,technician,noun,B1
тональність,tonality,noun,B1
тотожність,identity,noun,B1
травневий,may,adjective,B1
трофей,booty,noun,B1
фільтр,filter,noun,B1
фонтан,fountain,noun,B1
фунт,pound,noun,B1
холодильник,refrigerator,noun,B1
чавун,cast,noun,B1
чаша,bowl,noun,B1
шити,sew,verb,B1
щільний,dense,adjective,B1
щотижня,weekly,adverb,B1
юнацтво,youth,noun,B1
агресор,aggressor,noun,B1
Алієв,aliyev,noun,B1
алкоголізм,alcoholism,noun,B1
англосаксонський,anglo-saxon,adjective,B1
антиросійський,anti-russian,adjective,B1
арка,arch,noun,B1
багаторазовий,multiple,adjective,B1
балістичний,relating,adjective,B1
безпорадний,helpless,adjective,B1
безсилий,helpless,adjective,B1
бібліотечний,library,adjective,B1
Білл,bill,noun,B1
бойкот,the,noun,B1
бойовик,militant,noun,B1
буквальний,literal,adjective,B1
ванна,bathroom,noun,B1
варварський,barbarian,adjective,B1
виголошувати,to,verb,B1
видний,visible,adjective,B1
викладення,account,noun,B1
викривати,to,verb,B1
вишукувати,to,verb,B1
відправлення,departure,noun,B1
віз,carriage,noun,B1
візантійський,byzantine,adjective,B1
Волга,volga,noun,B1
всесильний,almighty,adjective,B1
вставати,stand,verb,B1
Гаррі,harry,noun,B1
ген,gene,noun,B1
геологія,geology,noun,B1
гордо,proudly,adverb,B1
грізний,terrible,adjective,B1
громадсько-політичний,sociopolitical,adjective,B1
дарунок,gift,noun,B1
двоповерховий,two-storey,adjective,B1
дев'яностий,ninetieth,adjective,B1
дискомфорт,discomfort,noun,B1
держкомісія,committee,noun,B1
детектив,detective,noun,B1
доїхати,arrive,verb,B1
дореволюційний,prerevolutionary,adjective,B1
досьє,file,noun,B1
друкарня,printing,noun,B1
естетика,aesthetics,noun,B1
закохатися,fall,verb,B1
замкнути,to,verb,B1
занепокоєний,worried,adjective,B1
запалити,enkindle,verb,B1
запанувати,to,verb,B1
заповідь,commandment,noun,B1
заспокоювати,reassure,verb,B1
зачіска,hairstyle,noun,B1
зекономити,save,verb,B1
зламатися,fracture,verb,B1
злітати,take,verb,A1
зміїний,serpentine,adjective,B1
імпічмент,impeachment,noun,B1
інтерактивний,interactive,adjective,B1
інтуїція,intuition,noun,B1
Квебек,quebec,noun,B1
кивати,nod,verb,B1
кіностудія,film,noun,B1
коли,as,adverb,B1
косметичний,cosmetic,adjective,B1
крихта,crumb,noun,B1
лавка,bench,noun,B1
лисий,bald,adjective,B1
ліворуч,on,adverb,B1
марити,dream,verb,B1
межувати,neighbour,verb,B1
мести,sweep,verb,B1
модифікація,modification,noun,B1
нав'язуватися,impose,verb,B1
нездійсненний,impracticable,adjective,B1
непомічений,unnoticed,adjective,B1
неприпустимість,inadmissibility,noun,B1
нестерпний,intolerable,adjective,B1
неузгодженість,inconsistency,noun,B1
об'ємний,three-dimensional,adjective,B1
одноголосно,unanimously,adverb,B1
опускати,let,verb,B1
опустити,let,verb,B1
пальто,coat,noun,B1
пансіонат,pension,noun,B1
перелом,turning,noun,B1
перечитати,to,verb,B1
підпорядкувати,subjugate,verb,B1
плющ,ivy,noun,B1
поверхневий,shallow,adjective,B1
повсюдний,ubiquitous,adjective,B1
пожежник,firefighter,noun,B1
попіл,ash,noun,B1
посадка,landing,noun,B1
почувати,feel,verb,A1
прадавній,primeval,adjective,B1
приміряти,try,verb,A1
притягти,to,verb,B1
програміст,programmer,noun,B1
промовець,speaker,noun,B1
райський,paradisaic,adjective,B1
рапорт,report,noun,B1
раритет,rarity,noun,B1
раціонально,rationally,adverb,B1
рецидив,relapse,noun,B1
рідкість,curiosity,noun,B1
робот,robot,noun,B1
славнозвісний,famous,adjective,B1
саботаж,sabotage,noun,B1
самовираження,self-expression,noun,B1
самоціль,end,noun,B1
ситий,full,adjective,B1
сновидіння,dream,noun,B1
сорок,forty,numeral,B1
спадковий,hereditary,adjective,B1
спасіння,salvation,noun,B1
спекулятивний,speculative,adjective,B1
старіти,age,verb,B1
статуя,statue,noun,B1
сяйво,shine,noun,B1
транспортувати,freight,verb,B1
трипільський,trypillian,adjective,B1
тротуар,sidewalk,noun,B1
труна,coffin,noun,B1
турити,to,verb,B1
утекти,flee,verb,B1
Харківщина,kharkivshchyna,noun,B1
хвилювання,thrill,noun,B1
хитрий,cunning,adjective,B1
хореографія,choreography,noun,B1
циган,gypsy,noun,B1
чек,cheque,noun,B1
чутливість,sensitivity,noun,B1
шикарний,chic,adjective,B1
ширина,width,noun,B1
шлунок,stomach,noun,B1
штам,strain,noun,B1
що-небудь,something,pronoun,B1
авіабудування,aeronautics,noun,B1
авіаносець,aircraft,noun,B1
Алжир,algeria,noun,B1
аматор,amateur,noun,B1
анонімний,anonymous,adjective,B1
багнет,bayonet,noun,B1
бандерівець,banderite,noun,B1
безкінечний,infinite,adjective,B1
безперешкодний,unhindered,adjective,B1
безсмертя,immortality,noun,B1
Белград,belgrade,noun,B1
бик,bull,noun,B1
Богуслав,bohuslav,noun,B1
Боснія,bosnia,noun,B1
будапештський,budapestian,adjective,B1
вдивлятися,stare,verb,B1
вибачення,apology,noun,B1
видобування,mining,noun,B1
вилов,catch,noun,B1
губа,lip,noun,B1
відбудова,reconstruction,noun,B1
відеокамера,movie,noun,B1
від'їзд,departure,noun,B1
відобразити,display,verb,B1
відроджувати,to,verb,B1
відроджуватися,to,verb,B1
вінок,wreath,noun,B1
вірно,right,adverb,B1
внизу,down,adverb,B1
воєвода,voivode,noun,B1
галочка,check,noun,B1
гордитися,take,verb,A1
дальність,range,noun,B1
деколи,sometimes,adverb,B1
делікатний,tender,adjective,B1
задумуватися,to,verb,B1
донос,denunciation,noun,B1
експериментувати,to,verb,B1
Єреван,yerevan,noun,B1
жебрак,beggar,noun,B1
живити,to,verb,B1
завзятий,avid,adjective,B1
занурюватися,sink,verb,B1
зараза,contagion,noun,B1
зізнаватися,to,verb,B1
знести,to,verb,B1
зношений,worn,adjective,B1
зовнішність,look,noun,A1
інтонація,intonation,noun,B1
квадрат,square,noun,B1
коїтися,to,verb,B1
комбайн,combine,noun,B1
консерватизм,conservatism,noun,B1
контролер,controller,noun,B1
котел,kettle,noun,B1
лаяти,scold,verb,B1
ліпший,better,adjective,B1
неоціненний,inestimable,adjective,B1
мак,poppy,noun,B1
маріупольський,mariupol,adjective,B1
меню,menu,noun,B1
механіка,mechanics,noun,B1
молодик,bridegroom,noun,B1
монах,monk,noun,B1
монгольський,mongolian,adjective,B1
навігація,navigation,noun,B1
навмисний,deliberate,adjective,B1
наддержава,superpower,noun,B1
накопичити,accumulate,verb,B1
накопичувати,accumulate,verb,B1
налякати,scare,verb,B1
наруга,abuse,noun,B1
невирішений,undecided,adjective,B1
негідник,rogue,noun,B1
нелюдський,nonhuman,adjective,B1
неодмінний,indispensable,adjective,B1
образитися,to,verb,B1
оглядати,examine,verb,B1
патологічний,pathological,adjective,B1
приєднати,annex,verb,B1
османський,ottoman,adjective,B1
параліч,paralysis,noun,B1
педагогіка,pedagogy,noun,B1
переобрання,reelection,noun,B1
піаніст,pianist,noun,B1
підроблений,fake,adjective,B1
піонер,pioneer,noun,B1
повстати,rebel,verb,B1
погіршувати,worsen,verb,B1
поглинати,absorb,verb,B1
поділитися,to,verb,B1
полегшувати,facilitate,verb,B1
постояти,stand,verb,B1
превентивний,preventive,adjective,B1
Прибалтика,baltic,noun,B1
приготувати,cook,verb,B1
прийдешній,forthcoming,adjective,B1
принада,bait,noun,B1
прискіпливий,picky,adjective,B1
притча,parable,noun,B1
притягнути,to,verb,B1
продажний,corrupt,adjective,B1
псевдонім,pseudonym,noun,B1
радо,happily,adverb,B1
Рената,inflection,noun,B1
самвидав,samizdat,noun,B1
систематизувати,systematize,verb,B1
сокира,axe,noun,B1
спрощувати,simplify,verb,B1
стилістика,stylistics,noun,B1
стомлений,tired,adjective,B1
стукати,knock,verb,B1
суперництво,rivalry,noun,B1
сховати,conceal,verb,B1
схожість,similarity,noun,B1
таблетка,pill,noun,B1
Тайвань,taiwan,noun,B1
таран,battering,noun,B1
телескоп,telescope,noun,B1
трійця,trinity,noun,B1
установлювати,set,verb,B1
ухилятися,avoid,verb,B1
фін,finn,noun,B1
хімік,person,noun,B1
хірургічний,surgical,adjective,B1
хрестоматійний,textbook,adjective,B1
цуратися,shun,verb,B1
чорт,deuce,noun,B1
шаповал,capmaker,noun,B1
шляхта,szlachta,noun,B1
яр,bottom,noun,B1
ярмо,yoke,noun,B1
анархія,anarchy,noun,B1
анкета,form,noun,B1
арештувати,arrest,verb,B1
аромат,perfume,noun,B1
артерія,artery,noun,B1
банер,banner,noun,B1
безпечність,unconcern,noun,B1
біблійний,biblical,adjective,B1
біг,god,noun,B1
біомаса,biomass,noun,B1
брама,gate,noun,B1
Бухарест,bucharest,noun,B1
вдача,character,noun,B1
верба,willow,noun,B1
вершник,rider,noun,B1
викрити,to,verb,B1
відвертість,sincerity,noun,B1
відміняти,call,verb,A1
відродитися,to,verb,B1
відсіч,repulse,noun,B1
гак,hook,noun,B1
геометричний,geometric,adjective,B1
горщик,pot,noun,B1
грім,thunder,noun,B1
Грозний,grozny,noun,B1
густий,thick,adjective,B1
демонстративний,demonstrative,adjective,B1
добиратися,to,verb,B1
естрада,stage,noun,B1
завзяття,zeal,noun,B1
задати,set,verb,B1
замикати,to,verb,B1
звузити,narrow,verb,B1
зв'язаний,relative,adjective,B1
зітхнути,sigh,verb,B1
знаменник,denominator,noun,B1
зрідка,seldom,adverb,B1
індивідуально,individually,adverb,B1
Індонезія,indonesia,noun,B1
каста,caste,noun,B1
колоритний,colorful,adjective,B1
конфіденційний,confidential,adjective,B1
коригувати,correct,verb,B1
кровообіг,blood,noun,B1
латвійський,pertaining,adjective,B1
ліпити,to,verb,B1
лісник,forester,noun,B1
непристойний,nasty,adjective,B1
Майкл,michael,noun,B1
маніфестація,protest,noun,B1
маріонетка,marionette,noun,B1
меджліс,majlis,noun,B1
містер,mr,noun,B1
мюзикл,musical,noun,B1
надмірно,excessively,adverb,B1
нанотехнологія,nanotechnology,noun,B1
нападати,attack,verb,B1
невиліковний,incurable,adjective,B1
невігластво,ignorance,noun,B1
недуга,disease,noun,B1
нездоровий,unhealthy,adjective,B1
некерований,unguided,adjective,B1
непридатний,unfit,adjective,B1
одинадцятий,eleventh,adjective,B1
одруження,marriage,noun,B1
одягатися,dress,verb,B1
опрацьовувати,go,verb,A1
пароплав,steamship,noun,B1
перебіжчик,turncoat,noun,B1
передчасний,premature,adjective,B1
переконуватися,make,verb,A1
писанка,pysanka,noun,B1
підлог,forgery,noun,B1
підозрілий,suspect,adjective,B1
підсистема,sub-system,noun,B1
підсудний,defendant,noun,B1
пілот,pilot,noun,B1
пішохід,pedestrian,noun,B1
пішохідний,of,adjective,B1
побратим,blood,noun,B1
повсюди,everywhere,adverb,B1
подзвонити,tingle,verb,B1
познайомити,acquaint,verb,B1
позначати,denote,verb,B1
породжений,born,adjective,B1
пошукати,look,verb,A1
правознавство,jurisprudence,noun,B1
прати,launder,verb,B1
приймання,receipt,noun,B1
примітний,perceptible,adjective,B1
приморський,maritime,adjective,B1
процент,percent,noun,B1
разючий,striking,adjective,B1
розчинятися,dissolve,verb,B1
румун,romanian,noun,B1
рятуватися,escape,verb,B1
самооцінка,self-image,noun,B1
самопочуття,state,noun,B1
сантиметр,centimetre,noun,B1
серпневий,august,adjective,B1
систематизація,systematization,noun,B1
сіно,hay,noun,B1
словак,slovak,noun,B1
соняшник,sunflower,noun,B1
співавторство,coauthorship,noun,B1
співвідноситися,correlate,verb,B1
співучасник,accomplice,noun,B1
сталевий,steel,adjective,B1
стерилізація,sterilization,noun,B1
успадкувати,inherit,verb,B1
усюди,everywhere,adverb,B1
філолог,philologist,noun,B1
хвалити,to,verb,B1
чашка,cup,noun,B1
чобіт,boot,noun,B1
чорно-білий,black-and-white,adjective,B1
широта,latitude,noun,B1
шлагбаум,barrier,noun,B1
авантюрист,adventurer,noun,B1
автомобіліст,motorist,noun,B1
адмірал,admiral,noun,B1
Анастасія,anastasia,noun,B1
амплуа,stock,noun,B1
антибіотик,antibiotic,noun,B1
артеріальний,arterial,adjective,B1
аутсайдер,outsider,noun,B1
бабця,granny,noun,B1
багатопартійний,multiparty,adjective,B1
барвник,dye,noun,B1
башта,tower,noun,B1
безкорисливий,selfless,adjective,B1
бокс,the,noun,B1
братерство,brotherhood,noun,B1
брухт,scrap,noun,B1
валіза,suitcase,noun,B1
варити,cook,verb,B1
вигнання,exile,noun,B1
відгукуватися,to,verb,B1
вісімка,eight,noun,B1
вітамін,vitamin,noun,B1
водогін,water,noun,A1
вологість,moisture,noun,B1
володілець,owner,noun,B1
восьмеро,eight,numeral,B1
вставити,insert,verb,B1
голосно,loudly,adverb,B1
девіз,slogan,noun,B1
демократично,democratically,adverb,B1
задумати,to,verb,B1
діалект,dialect,noun,B1
довірливий,gullible,adjective,B1
довоєнний,pre-war,adjective,B1
економити,save,verb,B1
екстремізм,extremism,noun,B1
жирний,fatty,adjective,B1
жук,beetle,noun,B1
загальмувати,to,verb,B1
заощаджувати,save,verb,B1
засвоювати,adopt,verb,B1
захоплюючий,ravishing,adjective,B1
збіжжя,grain,noun,B1
згоріти,burn,verb,B1
зіпсований,spoiled,adjective,B1
зіштовхнутися,to,verb,B1
зліт,takeoff,noun,B1
знехтувати,ignore,verb,B1
інтелігент,intelligent,noun,B1
істеблішмент,establishment,noun,B1
капітуляція,capitulation,noun,B1
колонізація,colonization,noun,B1
концепт,concept,noun,B1
копіювання,copying,noun,B1
креслення,drawing,noun,B1
лампа,lamp,noun,B1
лютневий,lute,adjective,B1
лютневий,february,adjective,B1
Маріуполь,mariupol,noun,B1
Марко,mark,noun,B1
міщанин,bourgeois,noun,B1
мотор,engine,noun,B1
мужик,mujik,noun,B1
Мукачеве,mukachevo,noun,B1
назовні,out,adverb,B1
наказувати,bid,verb,B1
наклеп,slander,noun,B1
недоторканний,inviolable,adjective,B1
нейтралізація,neutralization,noun,B1
ненадовго,for,adverb,B1
неоднозначність,ambiguity,noun,B1
нити,to,verb,B1
новачок,beginner,noun,B1
норвезький,norwegian,adjective,B1
обманювати,deceive,verb,B1
обурити,to,verb,B1
оволодіти,acquire,verb,B1
одягати,clothe,verb,B1
придумувати,make,verb,A1
парубок,boyfriend,noun,B1
пачка,pack,noun,B1
перевозити,freight,verb,B1
перевозити,to,verb,B1
підпалити,set,verb,B1
покращитися,improve,verb,B1
політв'язень,political,noun,B1
порука,warranty,noun,B1
потихеньку,quietly,adverb,B1
поцілунок,kiss,noun,B1
почерк,script,noun,B1
працьовитий,hardworking,adjective,B1
прибережний,littoral,adjective,B1
приборкати,harness,verb,B1
привіт,regards,noun,B1
привчити,accustom,verb,B1
прилетіти,to,verb,B1
присвячувати,dedicate,verb,B1
пророцтво,prophecy,noun,B1
простояти,to,verb,B1
публіцистика,opinion,noun,B1
пул,pool,noun,B1
радісно,happily,adverb,B1
рідня,kin,noun,B1
розпитати,to,verb,B1
розплачуватися,check,verb,B1
розстрілювати,to,verb,B1
самозахист,self-defense,noun,B1
сателіт,moon,noun,B1
священнослужитель,cleric,noun,B1
секта,sect,noun,B1
собачий,canine,adjective,B1
Сочі,sochi,noun,B1
ступити,to,verb,B1
сущий,existent,adjective,B1
талісман,amulet,noun,B1
темперамент,temperament,noun,B1
темрява,darkness,noun,B1
товщина,thickness,noun,B1
Токіо,tokyo,noun,B1
тракт,tract,noun,B1
тростина,reed,noun,B1
феноменальний,phenomenal,adjective,B1
удосконалити,make,verb,A1
упередження,prejudice,noun,B1
упорядник,organizer,noun,B1
уста,alternative,noun,B1
учениця,pupil,noun,B1
фауна,fauna,noun,B1
хвалитися,boast,verb,B1
холодно,coldly,adverb,B1
цьогоріч,this,adverb,B1
чуття,sense,noun,B1
авантюра,adventure,noun,B1
автоматизація,automation,noun,B1
взаємність,reciprocity,noun,B1
взаємно,mutually,adverb,B1
Антарктика,antarctica,noun,B1
антологія,anthology,noun,B1
артистка,artist,noun,B1
археологія,archaeology,noun,B1
більшовизм,bolshevism,noun,B1
блукати,roam,verb,B1
весільний,bridal,adjective,B1
вмикати,enable,verb,B1
вівця,sheep,noun,B1
відволікати,distract,verb,B1
відмінно,perfectly,adverb,B1
вісімнадцять,eighteen,numeral,B1
водопілля,flood,noun,B1
воло,goitre,noun,B1
встати,rise,verb,B1
вульгарний,vulgar,adjective,B1
генеалогічний,genealogical,adjective,B1
гонитва,rush,noun,B1
грішний,sinful,adjective,B1
дебют,debut,noun,B1
джунглі,jungle,noun,B1
діагностувати,diagnose,verb,B1
довжелезний,extremely,adjective,B1
довільний,arbitrary,adjective,B1
дослівно,verbatim,adverb,B1
дублювати,dub,verb,B1
еколог,ecologist,noun,B1
екосистема,ecosystem,noun,B1
естонець,estonian,noun,B1
жвавий,animated,adjective,B1
життєзабезпечення,life,noun,B1
заангажований,politically,adjective,B1
заглядати,to,verb,B1
залік,credit,noun,B1
залякувати,cow,verb,B1
затоплення,inundation,noun,B1
зріз,section,noun,B1
ідеалістичний,idealistic,adjective,B1
йог,yogi,noun,B1
калина,viburnum,noun,B1
карусель,merry-go-round,noun,B1
каталізатор,catalyst,noun,B1
кістяк,backbone,noun,B1
кішка,cat,noun,A1
кластер,cluster,noun,B1
колективізація,collectivization,noun,B1
конвеєр,pipeline,noun,B1
контрабандний,contraband,adjective,B1
конфіденційність,privacy,noun,B1
конфіскація,confiscation,noun,B1
крити,to,verb,B1
лапа,paw,noun,B1
латиноамериканський,latin,adjective,B1
листопадовий,november,adjective,B1
лінивий,lazy,adjective,B1
лукавий,cunning,adjective,B1
любовний,amorous,adjective,B1
мандрівка,journey,noun,B1
марс,top,noun,B1
металобрухт,scrap,noun,B1
мистецтвознавство,art,noun,B1
молекула,molecule,noun,B1
Мордовія,mordovia,noun,B1
мудрець,sage,noun,B1
мужній,virile,adjective,B1
нахабний,insolent,adjective,B1
незліченний,countless,adjective,B1
неподобство,outrageous,noun,B1
непохитний,unwavering,adjective,B1
неприємно,unpleasantly,adverb,B1
нетерпимість,intolerance,noun,B1
неупередженість,impartiality,noun,B1
ніжинський,nizhyn,adjective,B1
нормалізація,normalization,noun,B2
облога,siege,noun,B2
община,community,noun,B2
одностайність,unanimity,noun,B2
означення,definition,noun,B2
орієнтовний,indicative,adjective,B2
павук,spider,noun,B2
пасив,bottom,noun,B2
пат,stalemate,noun,B2
пацієнтка,patient,noun,B2
перевантажений,overloaded,adjective,B2
перелічити,to,verb,B2
північно-східний,northeastern,adjective,B2
повезти,carry,verb,B2
позавчора,on,adverb,B2
пологи,birth,noun,B2
полум'я,flame,noun,B2
помстити,avenge,verb,B2
посередницький,intermediary,adjective,B2
посягання,encroachment,noun,B2
потерпіти,to,verb,B2
потрійний,triple,adjective,B2
проконтролювати,to,verb,B2
пролетарський,proletarian,adjective,B2
протестантський,protestant,adjective,B2
радикал,radical,noun,B2
рисунок,picture,noun,B2
розбирати,to,verb,B2
розкиданий,scattered,adjective,B2
розрахувати,to,verb,B2
розривати,tear,verb,B2
рядовий,private,noun,B2
сержант,sergeant,noun,B2
слон,elephant,noun,B2
сепаратистський,separatist,adjective,B2
скидання,overthrow,noun,B2
сніп,sheaf,noun,B2
спільник,accomplice,noun,B2
сплав,alloy,noun,B2
сумка,bag,noun,B2
суржик,surzhyk,noun,B2
тарілка,dish,noun,B2
теплота,heat,noun,B2
технологічно,technologically,adverb,B2
тримісячний,three-month,adjective,B2
українофоб,ukrainophobe,noun,B2
чемпіонка,champion,noun,B2
четвірка,four,noun,B2
шосе,highway,noun,B2
альтруїзм,altruism,noun,B2
араб,arab,noun,B2
Аргентина,argentina,noun,B2
афганець,person,noun,B2
багаторазово,many,adverb,B2
балада,ballad,noun,B2
безіменний,anonymous,adjective,B2
бидло,cattle,noun,B2
біосфера,biosphere,noun,B2
Богородиця,theotokos,noun,B2
вагітна,pregnant,noun,B2
вгадати,guess,verb,B2
викрадення,abduction,noun,B2
вилікувати,heal,verb,B2
вимовляти,pronounce,verb,B2
винаходити,invent,verb,B2
Гуам,guam,noun,B2
віддалити,to,verb,B2
відьма,witch,noun,B2
вокальний,vocal,adjective,B2
вседозволеність,all-permissiveness,noun,B2
гайдамак,hajduk,noun,B2
гостинний,hospitable,adjective,B2
готівковий,cash,adjective,B2
громіздкий,bulky,adjective,B2
дбайливо,carefully,adverb,B2
десантний,landing,adjective,B2
діставатися,to,verb,B2
доброта,kindness,noun,B2
доїти,milk,verb,B2
дослідниця,researcher,noun,B2
дрогобицький,drohobych,adjective,B2
епідемічний,like,adjective,B2
живописець,painter,noun,B2
жила,vein,noun,B2
запідозрити,suspect,verb,B2
заручини,engagement,noun,B2
затриматися,to,verb,B2
затримуватися,stay,verb,B2
зачистка,cleaning,noun,B2
збивати,baffle,verb,B2
коньяк,brandy,noun,B2
звуковий,audio,adjective,B2
зле,angrily,adverb,B2
зневажливий,scornful,adjective,B2
іржа,rust,noun,B2
ірландець,irish,noun,B2
Ірпінь,irpin,noun,B2
кабель,cable,noun,B2
кийок,bludgeon,noun,B2
класифікувати,classify,verb,B2
клітка,cage,noun,B2
кореспонденція,correspondence,noun,B2
круговий,circular,adjective,B2
лишити,to,verb,B2
льодяник,lollipop,noun,B2
махати,brandish,verb,B2
машиніст,engineer,noun,B2
маятник,pendulum,noun,B2
медіатор,plectrum,noun,B2
меншовартість,inferiority,noun,B2
мотивований,motivated,adjective,B2
муха,fly,noun,B2
мучити,torture,verb,B2
нагадування,prompt,noun,B2
нагороджувати,give,verb,A1
наодинці,alone,adverb,B2
наповнюватися,fill,verb,B2
наполягти,insist,verb,B2
наручник,handcuff,noun,B2
наступити,tread,verb,B2
натякнути,hint,verb,B2
недооцінювати,underestimate,verb,B2
незграбний,awkward,adjective,B2
непередбачуваність,unpredictability,noun,B2
непоправний,irremediable,adjective,B2
нічий,nobody,pronoun,B2
нонсенс,nonsense,noun,B2
нудно,boringly,adverb,B2
обережність,discretion,noun,B2
обмінятися,exchange,verb,B2
ображатися,to,verb,B2
оздоровниця,sanatorium,noun,B2
опрацювати,go,verb,A1
осмислити,to,verb,B2
оточити,beset,verb,B2
очистити,clarify,verb,B2
паразит,leech,noun,B2
парта,desk,noun,B2
перейменувати,rename,verb,B2
переселити,resettle,verb,B2
перський,persian,adjective,B2
підписатися,subscribe,verb,B2
Пітер,peter,noun,B2
повідати,to,verb,B2
покірний,acquiescent,adjective,B2
покращувати,improve,verb,B2
порох,dust,noun,B2
поспіх,hurry,noun,B2
поспішний,hurried,adjective,B2
прискорювати,accelerate,verb,B2
прізвисько,nickname,noun,B2
проблематичний,problematic,adjective,B2
проукраїнський,pro-ukrainian,adjective,B2
радар,radar,noun,B2
радіус,radius,noun,B2
разити,to,verb,B2
ратуша,city,noun,A1
рибка,fishy,noun,B2
розгублений,embarrassed,adjective,B2
розібратися,to,verb,B2
розігнати,to,verb,B2
розповсюджувати,spread,verb,B2
рятівник,savior,noun,B2
садити,plant,verb,B2
самодостатність,self-sufficiency,noun,B2
симфонічний,symphonic,adjective,B2
скептичний,sceptical,adjective,B2
снаряд,shell,noun,B2
старовина,antiquity,noun,B2
статус-кво,status,noun,B2
схвальний,approving,adjective,B2
танковий,tank,adjective,B2
телепрограма,television,noun,B2
торгуватися,haggle,verb,B2
тренуватися,exercise,verb,B2
трилер,thriller,noun,B2
уживати,use,verb,A1
улюбленець,pet,noun,B2
утопічний,utopian,adjective,B2
фармація,pharmacy,noun,B2
філіал,branch,noun,B2
ходжа,hodja,noun,B2
чарка,tot,noun,B2
чиказький,related,adjective,B2
чума,plague,noun,B2
шпигун,spy,noun,B2
юань,yuan,noun,B2
янгол,angel,noun,B2
ярлик,label,noun,B2
авангардний,avant-garde,adjective,B2
взаємозалежний,interdependent,adjective,B2
Алушта,alushta,noun,B2
афоризм,aphorism,noun,B2
багаття,campfire,noun,B2
барвистий,colorful,adjective,B2
бардак,mess,noun,B2
безстроковий,indefinite,adjective,B2
боєголовка,warhead,noun,B2
бронза,bronze,noun,B2
брунька,bud,noun,B2
брюссельський,brusselian,adjective,B2
вабити,tantalize,verb,B2
вандалізм,vandalism,noun,B2
виснажливий,consumptive,adjective,B2
вищезазначений,aforementioned,adjective,B2
від'ємний,negative,adjective,B2
відрізнити,tell,verb,A1
відсвяткувати,celebrate,verb,B2
відшкодовувати,make,verb,A1
Гаїті,haiti,noun,B2
галявина,glade,noun,B2
гарматний,cannon,adjective,B2
гелікоптер,helicopter,noun,B2
годинний,hour,adjective,B2
граніт,granite,noun,B2
гуцульський,hutsul,adjective,B2
дворянство,nobility,noun,B2
дебютний,debut,adjective,B2
димовий,smoke,adjective,B2
діаметрально,diametrically,adverb,B2
добовий,diurnal,adjective,B2
доручати,charge,verb,B2
достоїнство,dignity,noun,B2
дужка,bracket,noun,B2
електроенергетика,electric,noun,B2
ембарго,embargo,noun,B2
епітет,epithet,noun,B2
Євпаторія,yevpatoria,noun,B2
Єрусалим,jerusalem,noun,B2
закордон,countries,noun,B2
заміняти,substitute,verb,B2
замітка,note,noun,B2
запальний,incendiary,adjective,B2
запозичувати,borrow,verb,B2
затим,therefore,adverb,B2
затишшя,calm,noun,B2
лотерея,lottery,noun,B2
Зеландія,zealand,noun,B2
зламаний,down,adjective,B2
злиденний,poverty-stricken,adjective,B2
знижений,down,adjective,B2
зреагувати,react,verb,B2
інтервал,space,noun,B2
істерія,hysteria,noun,B2
Кенія,kenya,noun,B2
керамічний,of,adjective,B2
килим,carpet,noun,B2
кит,whale,noun,B2
кінематографія,cinematography,noun,B2
колода,stock,noun,B2
комаха,bug,noun,B2
комірка,cell,noun,B2
красуня,beauty,noun,B2
кузня,forge,noun,B2
лавочка,bench,noun,B2
лазня,banya,noun,B2
лаконічно,laconically,adverb,B2
легітимізація,legitimation,noun,B2
лінійка,ruler,noun,B2
лозунг,slogan,noun,B2
лоно,bosom,noun,B2
нотатка,note,noun,B2
ночувати,stay,verb,B2
малоросійський,little,adjective,B2
месія,messiah,noun,B2
місток,bridge,noun,B2
мобілізований,mobilized,adjective,B2
молдовський,moldovan,adjective,B2
мультик,animated,noun,B2
мчати,scud,verb,B2
нападник,invader,noun,B2
невпевненість,uncertainty,noun,B2
неосяжний,infinite,adjective,B2
непомірний,excessive,adjective,B2
непривабливий,unprepossessing,adjective,B2
нетрі,thicket,noun,B2
нещадний,merciless,adjective,B2
пенітенціарний,penitentiary,adjective,B2
окупувати,invade,verb,B2
Орест,orestes,noun,B2
Оскар,oscar,noun,B2
Очаків,ochakiv,noun,B2
перевантаження,overload,noun,B2
переляк,fright,noun,B2
перемир'я,armistice,noun,B2
переозброєння,rearmament,noun,B2
пересувний,mobile,adjective,B2
пестицид,pesticide,noun,B2
півкуля,hemisphere,noun,B2
піджак,coat,noun,B2
підказка,tip,noun,B2
поворотний,return,adjective,B2
подружній,marital,adjective,B2
посидіти,of,verb,B2
поступати,act,verb,B2
поціновувач,connoisseur,noun,B2
прибалтійський,baltic,adjective,B2
прибирання,housework,noun,B2
привабити,to,verb,B2
примітка,note,noun,B2
продовжитися,last,verb,B2
просунутися,advance,verb,B2
прототип,prototype,noun,B2
протяг,draft,noun,B2
профанація,desecration,noun,B2
пульс,pulse,noun,B2
реноме,reputation,noun,B2
рентабельний,profitable,adjective,B2
репортаж,report,noun,B2
репортер,journalist,noun,B2
ріпак,colza,noun,B2
розширитися,to,verb,B2
слухатися,listen,verb,B2
рятувальник,lifeguard,noun,B2
самовідданий,selfless,adjective,B2
сімдесят,seventy,numeral,B2
сконцентруватися,to,verb,B2
скуштувати,taste,verb,B2
співробітниця,colleague,noun,B2
спотворити,distort,verb,B2
спустити,drain,verb,B2
стратег,strategist,noun,B2
струна,string,noun,B2
субстанція,substance,noun,B2
суглоб,joint,noun,B2
схуднути,to,verb,B2
Таїланд,thailand,noun,B2
тендітний,tender,adjective,B2
тигр,tiger,noun,B2
тонути,drown,verb,B2
тяжкість,burden,noun,B2
убогий,pathetic,adjective,B2
укриття,cover,noun,B2
умисний,deliberate,adjective,B2
уможливлювати,enable,verb,B2
уперто,obstinately,adverb,B2
урна,garbage,noun,B2
флотилія,fleet,noun,B2
фундатор,founder,noun,B2
хронологія,chronology,noun,B2
чадо,child,noun,A1
Чилі,chile,noun,B2
чорногорський,montenegrin,adjective,B2
шабля,sabre,noun,B2
шанобливий,respectful,adjective,B2
шах,check,noun,B2
щедрість,generosity,noun,B2
юрба,swarm,noun,B2
абетка,alphabet,noun,B2
абсурдність,absurdity,noun,B2
апологет,apologist,noun,B2
аристократичний,aristocratic,adjective,B2
артилерія,artillery,noun,B2
багатоповерховий,multi-storey,adjective,B2
банда,band,noun,B2
барабан,drum,noun,B2
бароко,baroque,noun,B2
безперебійний,uninterrupted,adjective,B2
біс,deuce,noun,B2
боєприпаси,ammunition,noun,B2
болячка,sore,noun,B2
бульбашка,bubble,noun,B2
ватажок,ringleader,noun,B2
вертикально,down,adverb,B2
виправний,penitentiary,adjective,B2
воронезький,voronezhian,adjective,B2
вітрина,showcase,noun,B2
вогнепальний,firearm,adjective,B2
вулкан,volcano,noun,B2
гегемонія,hegemony,noun,B2
гніздо,nest,noun,B2
год,year,noun,A1
далекоглядний,farsighted,adjective,B2
дезінтеграція,disintegration,noun,B2
держати,hold,verb,B2
диктор,narrator,noun,B2
диявол,devil,noun,B2
діжка,tub,noun,B2
дорости,to,verb,B2
доставляти,deliver,verb,B2
дотепний,sharp,adjective,B2
дурити,cheat,verb,B2
Душанбе,dushanbe,noun,B2
етнограф,ethnographer,noun,B2
Євгенія,eugenia,noun,B2
Ємен,yemen,noun,B2
життєздатний,viable,adjective,B2
забаганка,whim,noun,B2
завантажити,download,verb,B2
заморозити,freeze,verb,B2
запускати,execute,verb,B2
землянин,earthling,noun,B2
лось,moose,noun,B2
звично,customarily,adverb,B2
зло,evilly,adverb,B2
знущатися,abuse,verb,B2
ідіот,idiot,noun,B2
іконостас,iconostasis,noun,B2
казино,casino,noun,B2
капелюх,hat,noun,B2
карколомний,breakneck,adjective,B2
квитанція,receipt,noun,B2
Киргизія,kyrgyzstan,noun,B2
кінорежисер,film,noun,B2
кінцівка,limb,noun,B2
Колумбія,colombia,noun,B2
комплімент,compliment,noun,B2
корисливий,self-interested,adjective,B2
кравець,tailor,noun,B2
красень,beauty,noun,B2
кривда,resentment,noun,B2
курд,kurd,noun,B2
лебідь,swan,noun,B2
легітимізувати,legitimize,verb,B2
ліхтар,flashlight,noun,B2
незручність,inconvenience,noun,B2
Мадагаскар,madagascar,noun,B2
марафон,marathon,noun,B2
маржа,margin,noun,B2
мішень,aim,noun,B2
мозаїка,mosaic,noun,B2
монолітний,monolithic,adjective,B2
мотиваційний,motivational,adjective,B2
мукачівський,mukachevo,adjective,B2
назбирати,save,verb,B2
незавершений,incomplete,adjective,B2
незламний,unbreakable,adjective,B2
ненависний,odious,adjective,B2
нерозв'язаний,not,adjective,A1
Нестор,nestor,noun,B2
огидний,disgusting,adjective,B2
оптичний,optical,adjective,B2
острівець,holm,noun,B2
передплатник,subscriber,noun,B2
переймати,adopt,verb,B2
переорієнтація,reorientation,noun,B2
перечитувати,to,verb,B2
периметр,perimeter,noun,B2
підряд,in,adverb,B2
племінний,tribal,adjective,B2
плітка,gossip,noun,B2
плоский,flat,adjective,B2
повсякчас,always,adverb,B2
подовжувати,extend,verb,B2
поєдинок,duel,noun,B2
порнографічний,pornographic,adjective,B2
послаблювати,slacken,verb,B2
потилиця,nape,noun,B2
презирство,disdain,noun,B2
прикрасити,embellish,verb,B2
природознавство,natural,noun,B2
пришвидшити,speed,verb,B2
провалля,abyss,noun,B2
провокаційний,provocative,adjective,B2
проституція,prostitution,noun,B2
протока,strait,noun,B2
пушкінський,pushkinian,adjective,B2
радикалізм,radicalism,noun,B2
раціональність,rationality,noun,B2
рента,rent,noun,B2
родовий,familial,adjective,B2
родовий,genitive,adjective,B2
романтика,romanticism,noun,B2
січневий,january,adjective,B2
самовдосконалення,self-improvement,noun,B2
саркофаг,sarcophagus,noun,B2
сердечний,kind,adjective,B2
сибірський,siberian,adjective,B2
симбіоз,symbiosis,noun,B2
сімнадцять,seventeen,numeral,B2
скриня,case,noun,B2
скромність,humility,noun,B2
співбесіда,interview,noun,B2
спуститися,descend,verb,B2
страйкувати,strike,verb,B2
струс,jolt,noun,B2
судома,cramp,noun,B2
супердержава,superpower,noun,B2
талій,thallium,noun,B2
тартак,sawmill,noun,B2
теща,mother-in-law,noun,B2
титан,titanium,noun,B2
тополя,poplar,noun,B2
тост,pledge,noun,B2
узурпувати,usurp,verb,B2
фотоапарат,still,noun,B2
футболка,t-shirt,noun,B2
харків'янин,kharkivite,noun,B2
химерний,weird,adjective,B2
хроніка,chronicle,noun,B2
цукерка,sweet,noun,B2
Чайковський,tchaikovsky,noun,B2
частенько,often,adverb,B2
череп,skull,noun,B2
чотирнадцять,fourteen,numeral,B2
шантажувати,to,verb,B2
шквал,scud,noun,B2
шкура,pelt,noun,B2
аналогічно,likewise,adverb,B2
афганський,pertaining,adjective,B2
Баварія,bavaria,noun,B2
балаканина,chatter,noun,B2
Барселона,barcelona,noun,B2
безповоротний,irrevocable,adjective,B2
без'ядерний,nuclear-free,adjective,B2
біолог,biologist,noun,B2
богослов,divine,noun,B2
бомбардування,bombing,noun,B2
борщ,borscht,noun,B2
броня,deferment,noun,B2
броня,armor,noun,B2
вексель,draft,noun,B2
викрасти,kidnap,verb,B2
викреслити,cross,verb,B2
вимкнути,turn,verb,B2
вимовити,pronounce,verb,B2
вислуховувати,to,verb,B2
Воронеж,voronezh,noun,B2
витіснити,to,verb,B2
витісняти,displace,verb,B2
відважний,brave,adjective,B2
віддзеркалювати,to,verb,B2
відірвати,to,verb,B2
відлуння,echo,noun,B2
відчиняти,open,verb,B2
військкомат,military,noun,B2
вінець,wreath,noun,B2
вірогідний,authentic,adjective,B2
влаштовуватися,to,verb,B2
водолій,someone,noun,B2
гасити,to,verb,B2
геополітика,geopolitics,noun,B2
Герцеговина,herzegovina,noun,B2
гігієна,hygiene,noun,B2
гормон,hormone,noun,B2
гортати,to,verb,B2
господарювати,to,verb,B2
град,city,noun,A1
двомовний,bilingual,adjective,B2
засипати,fall,verb,B2
догана,reprimand,noun,B2
доживати,to,verb,B2
дубовий,oaken,adjective,B2
еволюціонувати,evolve,verb,B2
екстремістський,extremist,adjective,B2
елегантний,smart,adjective,B2
завважити,alternative,verb,B2
запізнитися,be,verb,A1
запобіжник,safety,noun,B2
заподіяння,causing,noun,B2
заражений,infected,adjective,B2
засмутити,grieve,verb,B2
заспокоїтися,calm,verb,B2
заступниця,second,noun,B2
кібернетика,cybernetics,noun,B2
знецінення,devaluation,noun,B2
зубр,wisent,noun,B2
індивідуалізм,individualism,noun,B2
інтуїтивно,intuitively,adverb,B2
Йорданія,jordan,noun,B2
кавун,watermelon,noun,B2
Киргизстан,kyrgyzstan,noun,B2
киянка,kyivan,noun,B2
кінофільм,picture,noun,B2
комічний,comical,adjective,B2
контррозвідка,counterespionage,noun,B2
копати,kick,verb,B2
копати,dig,verb,B2
корито,channel,noun,B2
краватка,necktie,noun,B2
Кременчук,kremenchuk,noun,B2
крихітний,tiny,adjective,B2
лексикон,vocabulary,noun,B2
лис,fox,noun,B2
лисиця,fox,noun,B2
лід,ice,noun,B2
логотип,brand,noun,B2
маестро,maestro,noun,B2
малорос,ukrainian,noun,B2
мантра,mantra,noun,B2
марксизм,marxism,noun,B2
миля,mile,noun,B2
миротворець,peacemaker,noun,B2
містраль,mistral,noun,B2
молодята,newlyweds,noun,B2
мостовий,bridge,adjective,B2
наліт,raid,noun,B2
натюрморт,still,noun,B2
нездоланний,insurmountable,adjective,B2
ненадійний,unreliable,adjective,B2
неорганічний,inorganic,adjective,B2
непередбачений,unforeseen,adjective,B2
непереможний,insurmountable,adjective,B2
непомітний,inconspicuous,adjective,B2
несамовитий,frantic,adjective,B2
несвідомо,unconsciously,adverb,B2
несумлінний,dishonest,adjective,B2
нецензурний,censorable,adjective,B2
нікопольський,nikopol,adjective,B2
пенсіонерка,pensioner,noun,B2
опівночі,at,adverb,B2
отруйний,poisonous,adjective,B2
паразитувати,leech,verb,B2
паровоз,locomotive,noun,B2
пекар,baker,noun,B2
передплата,subscription,noun,B2
переосмислити,rethink,verb,B2
північно-західний,northwestern,adjective,B2
підписуватися,subscribe,verb,B2
племінниця,fraternal,noun,B2
позичити,lend,verb,B2
по-людськи,humanly,adverb,B2
полярний,polar,adjective,B2
порошок,powder,noun,B2
посмертно,posthumously,adverb,B2
постановляти,to,verb,B2
поступити,act,verb,B2
привітний,affable,adjective,B2
призов,draft,noun,B2
пробка,traffic,noun,B2
проводжати,see,verb,A1
програмування,programming,noun,B2
прощання,farewell,noun,B2
путівник,guide,noun,B2
реліквія,relic,noun,B2
рити,dig,verb,B2
рівнозначний,equivalent,adjective,B2
розвіяти,to,verb,B2
розпитувати,to,verb,B2
розслабитися,relax,verb,B2
розчарувати,disappoint,verb,B2
розчин,solution,noun,B2
роковини,anniversary,noun,B2
романтизм,romanticism,noun,B2
склянка,glass,noun,B2
смуток,sorrow,noun,B2
сонечко,ladybird,noun,B2
спис,spear,noun,B2
станок,lathe,noun,B2
старожитність,antiquity,noun,B2
стріха,roof,noun,B2
строгий,stern,adjective,B2
танкер,tanker,noun,B2
телеглядач,viewer,noun,B2
трон,throne,noun,B2
упереджений,partial,adjective,B2
фан,fan,noun,B2
федералізація,federalization,noun,B2
флагман,flagship,noun,B2
фланг,flank,noun,B2
фобія,phobia,noun,B2
хапати,to,verb,B2
химера,chimera,noun,B2
Христина,christina,noun,B2
цент,cent,noun,B2
Чикаго,chicago,noun,B2
чогось,for,adverb,B2
швиденько,endearing,adverb,B2
шкідник,pest,noun,B2
шкіряний,made,adjective,B2
шов,seam,noun,B2
щонайбільше,at,adverb,B2
аз,az,noun,B2
антисемітизм,anti-semitism,noun,B2
антитерористичний,counterterrorist,adjective,B2
атлантичний,pertaining,adjective,B2
атракціон,attraction,noun,B2
батіг,whip,noun,B2
безглуздість,absurdity,noun,B2
безслідно,without,adverb,B2
блиск,shine,noun,B2
бліцкриг,blitzkrieg,noun,B2
богиня,goddess,noun,B2
боягуз,coward,noun,B2
Великдень,easter,noun,B2
вербальний,verbal,adjective,B2
вечірка,party,noun,B2
вибухівка,explosive,noun,B2
вигравати,win,verb,B2
визволити,liberate,verb,B2
вимагання,blackmail,noun,B2
вимирання,extinction,noun,B2
вимогливий,demanding,adjective,B2
випускниця,graduate,noun,B2
висадити,to,verb,B2
витримка,exposure,noun,B2
Візантія,byzantine,noun,B2
вістря,cusp,noun,B2
власниця,owner,noun,B2
водовідведення,drainage,noun,B2
вручну,by,adverb,B2
всюдисущий,ubiquitous,adjective,B2
вуглець,carbon,noun,B2
гарбуз,pumpkin,noun,B2
генетика,genetics,noun,B2
генштаб,general,noun,B2
гирло,mouth,noun,B2
гнилий,rotten,adjective,B2
грабіж,robbery,noun,B2
гребля,dam,noun,B2
грішити,to,verb,B2
громадянка,citizen,noun,B2
грудневий,december,adjective,B2
давньоруський,russian,adjective,B2
дбайливий,careful,adjective,B2
двобій,duel,noun,B2
демагогія,demagogy,noun,B2
диктаторський,dictatorial,adjective,B2
довірчий,confidence,adjective,B2
драбина,ladder,noun,B2
дрібничка,trinket,noun,B2
електротехніка,electrical,noun,B2
Женева,geneva,noun,B2
забава,amusement,noun,B2
задовільний,satisfactory,adjective,B2
культивувати,cultivate,verb,B2
звалище,dump,noun,B2
зверхність,supremacy,noun,B2
згорнути,to,verb,B2
згортати,to,verb,B2
зелень,greens,noun,B2
з'єднати,join,verb,B2
з'єднувати,join,verb,B2
зривати,to,verb,B2
ізолювати,isolate,verb,B2
імпровізація,improvisation,noun,B2
інсулін,insulin,noun,B2
інтенсифікація,intensification,noun,B2
інтернаціоналізм,internationalism,noun,B2
кабінка,stall,noun,B2
каменяр,bricklayer,noun,B2
каструля,pot,noun,B2
каток,road,noun,B2
Керч,kerch,noun,B2
клубок,knot,noun,B2
клятий,cursed,adjective,B2
комісаріат,commissariat,noun,B2
котити,roll,verb,B2
кочовий,nomadic,adjective,B2
коштовний,expensive,adjective,B2
краєзнавець,local,noun,B2
красномовний,eloquent,adjective,B2
красномовство,rhetoric,noun,B2
красунь,beauty,noun,B2
круг,circle,noun,B2
купюра,banknote,noun,B2
курган,kurgan,noun,B2
кухонний,kitchen,adjective,B2
лабіринт,labyrinth,noun,B2
ланцюговий,chain,adjective,B2
ластівка,swallow,noun,B2
лижа,ski,noun,B2
Лісабон,lisbon,noun,B2
лобовий,of,adjective,B2
ляпас,slap,noun,B2
магістр,master,noun,B2
Майя,maia,noun,B2
маразм,marasmus,noun,B2
масаж,massage,noun,B2
маца,matzo,noun,B2
мегафон,megaphone,noun,B2
миш,mouse,noun,B2
міжконтинентальний,intercontinental,adjective,B2
місткість,capacity,noun,B2
місцезнаходження,site,noun,B2
мовник,broadcaster,noun,B2
молодець,daredevil,noun,B2
м'ясний,meaty,adjective,B2
надворі,outdoors,adverb,B2
напружуватися,become,verb,B2
наречена,fianc,noun,B2
небувалий,unprecedented,adjective,B2
недоцільний,inexpedient,adjective,B2
непрозорість,opacity,noun,B2
несумісність,incompatibility,noun,B2
нечистий,impure,adjective,B2
німий,mute,adjective,B2
новаторство,innovation,noun,B2
новоутворений,newly,adjective,B2
нужденний,needy,adjective,B2
обгортка,envelope,noun,B2
обурювати,to,verb,B2
окіп,trench,noun,B2
правдивість,honesty,noun,B2
олень,deer,noun,B2
орнамент,ornament,noun,B2
основоположник,founder,noun,B2
пальма,palm,noun,B2
пародія,parody,noun,B2
пекло,hell,noun,B2
пензель,brush,noun,B2
перебільшений,exaggerated,adjective,B2
переважити,to,verb,B2
перепрошувати,apologize,verb,B2
пересвідчитися,make,verb,A1
переховуватися,to,verb,B2
першорядний,of,adjective,B2
підключення,verbal,noun,B2
піхота,infantry,noun,B2
плазма,plasma,noun,B2
платоспроможний,solvent,adjective,B2
плоть,flesh,noun,B2
поліно,log,noun,B2
поліпшуватися,improve,verb,B2
попрощатися,say,verb,A1
по-п'яте,fifthly,adverb,B2
порожнеча,emptiness,noun,B2
празький,prague,adjective,B2
прив'язати,tie,verb,B2
примножувати,multiply,verb,B2
принизити,belittle,verb,B2
припустимий,putative,adjective,B2
присмак,flavor,noun,B2
причинно-наслідковий,causal,adjective,B2
пробудження,awakening,noun,B2
провулок,lane,noun,B2
програвати,lose,verb,B2
протекціонізм,protectionism,noun,B2
процвітаючий,prosperous,adjective,B2
путь,road,noun,B2
репродуктивний,reproductive,adjective,B2
різанина,massacre,noun,B2
рогатий,cuckold,noun,B2
розпускати,dissolve,verb,B2
середньорічний,average,adjective,B2
рутинний,routine,adjective,B2
синтезувати,synthesize,verb,B2
синтетичний,synthetic,adjective,B2
сімейство,family,noun,A1
спіймати,capture,verb,B2
спритний,dexterous,adjective,B2
спростування,denial,noun,B2
стенограма,stenogram,noun,B2
стерти,erase,verb,B2
страховка,insurance,noun,B2
стрільба,instance,noun,B2
строкатий,variegated,adjective,B2
суша,land,noun,B2
твел,fuel,noun,B2
теніс,tennis,noun,B2
терплячий,patient,adjective,B2
хуліган,hooligan,noun,B2
туга,grief,noun,B2
убивати,kill,verb,B2
усередині,inside,adverb,B2
учитися,study,verb,B2
хижак,predator,noun,B2
ходіння,walking,noun,B2
хрестовий,cross,adjective,B2
цвіт,flower,noun,B2
цілеспрямованість,tenacity,noun,B2
Чечня,chechnya,noun,B2
чудернацький,weird,adjective,B2
чутно,audibly,adverb,B2
шовковий,silk,adjective,B2
шоколад,chocolate,noun,B2
шпиталь,hospital,noun,B2
язичницький,pagan,adjective,B2
яскравість,brightness,noun,B2
анафема,anathema,noun,B2
взвод,platoon,noun,B2
активістка,activist,noun,B2
албанець,albanian,noun,B2
ас,ace,noun,B2
астроном,astronomer,noun,B2
атлас,atlas,noun,B2
атлас,satin,noun,B2
атмосферний,aerial,adjective,B2
багатоповерхівка,high-rise,noun,B2
бандитизм,banditry,noun,B2
безглуздя,nonsense,noun,B2
ввозити,import,verb,B2
вибачатися,apologize,verb,B2
гумористичний,humorous,adjective,B2
вити,howl,verb,B2
відключити,to,verb,B2
відлига,thaw,noun,B2
відчинений,open,adjective,B2
візерунок,pattern,noun,B2
всякий,everyone,pronoun,B2
газопостачання,gas,noun,B2
гай,grove,noun,B2
гібридний,hybrid,adjective,B2
гладкий,smooth,adjective,B2
господарка,host,noun,B2
гранат,pomegranate,noun,B2
давньогрецький,ancient,adjective,B2
двійник,double,noun,B2
двопалатний,bicameral,adjective,B2
дворянин,nobleman,noun,B2
задушити,throttle,verb,B2
динозавр,dinosaur,noun,B2
диспут,dispute,noun,B2
доконаний,perfect,adjective,B2
допитливий,curious,adjective,B2
електропостачання,power,noun,B2
Єлизавета,elizabeth,noun,B2
живіт,abdomen,noun,B2
жито,grain,noun,B2
забобон,superstition,noun,B2
загублений,missing,adjective,B2
заздрити,begrudge,verb,B2
заплющувати,close,verb,B2
збігатися,clash,verb,B2
звужуватися,to,verb,B2
здійсненний,feasible,adjective,B2
змалку,from,adverb,B2
змальовувати,to,verb,B2
знаменитість,celebrity,noun,B2
ідеаліст,idealist,noun,B2
інструктор,instructor,noun,B2
казарма,barrack,noun,B2
каньйон,canyon,noun,B2
картон,cardboard,noun,B2
качка,duck,noun,B2
квітка,flower,noun,B2
кількасот,several,numeral,B2
кісточка,ankle,noun,B2
клоун,clown,noun,B2
колективізм,collectivism,noun,B2
колядка,carol,noun,B2
кора,crust,noun,B2
короткочасний,short-term,adjective,B2
краківський,cracovian,adjective,B2
Ксенія,xenia,noun,B2
кубічний,cubic,adjective,B2
лихоманка,ague,noun,B2
лікоть,elbow,noun,B2
логістичний,logistical,adjective,B2
лопата,spade,noun,B2
лорд,lord,noun,B2
неспокійний,turbulent,adjective,B2
макет,model,noun,B2
матюк,curse,noun,B2
медитація,meditation,noun,B2
милувати,to,verb,B2
милувати,caress,verb,B2
міжконфесійний,interfaith,adjective,B2
мініатюра,thumbnail,noun,B2
млявий,sleepy,adjective,B2
множитися,multiply,verb,B2
Мойсей,moses,noun,B2
монументальний,monumental,adjective,B2
морда,muzzle,noun,B2
мотлох,rags,noun,B2
мундир,uniform,noun,B2
мутація,mutation,noun,B2
мучитися,suffer,verb,B2
навпроти,opposite,adverb,B2
найманець,mercenary,noun,B2
накривати,to,verb,B2
наркозалежний,drug-dependent,adjective,B2
наскрізь,throughout,adverb,B2
невеселий,cheerless,adjective,B2
невизнаний,unacknowledged,adjective,B2
невільний,automatic,adjective,B2
невірний,unreliable,adjective,B2
незбагненний,inconceivable,adjective,B2
немалий,considerable,adjective,B2
неприйнятність,unacceptability,noun,B2
нечіткий,indistinct,adjective,B2
оберіг,charm,noun,B2
обманути,deceive,verb,B2
обмежувальний,restrictive,adjective,B2
обстріл,shelling,noun,B2
одержувач,addressee,noun,B2
одноліток,peer,noun,B2
одружуватися,marry,verb,B2
озиратися,look,verb,A1
омар,lobster,noun,B2
оповідь,story,noun,B2
освятити,consecrate,verb,B2
Осло,oslo,noun,B2
охолодження,cooling,noun,B2
ощасливити,to,verb,B2
параграф,paragraph,noun,B2
перебороти,to,verb,B2
передісторія,prehistory,noun,B2
передостанній,penultimate,adjective,B2
песимізм,pessimism,noun,B2
пильність,industry,noun,B2
підганяти,fit,verb,B2
підніжжя,heel,noun,B2
підробляти,fake,verb,B2
племінник,fraternal,noun,B2
поводитися,act,verb,B2
породження,child,noun,A1
початківець,beginner,noun,B2
правобережний,right-bank,adjective,B2
применшувати,downplay,verb,B2
провокативний,provocative,adjective,B2
прощати,forgive,verb,B2
ребро,edge,noun,B2
рельєф,relief,noun,B2
розважати,entertain,verb,B2
рукавичка,glove,noun,B2
свинець,lead,noun,B2
сепаратист,political,noun,B2
середземноморський,mediterranean,adjective,B2
скорбота,sorrow,noun,B2
скрипаль,violinist,noun,B2
спізнитися,be,verb,A1
ссавець,mammal,noun,B2
стоянка,parking,noun,B2
стрибати,to,verb,B2
стримати,to,verb,B2
стрілка,hand,noun,B2
струмок,brook,noun,B2
судноплавство,navigation,noun,B2
суп,soup,noun,B2
східнослов'янський,east,adjective,B2
телепередача,television,noun,B2
терези,someone,noun,B2
трек,racetrack,noun,B2
трудитися,work,verb,A1
трудівник,worker,noun,B2
хто-небудь,someone,pronoun,B2
турне,tour,noun,B2
увімкнути,to,verb,B2
уманський,uman,adjective,B2
уможливити,enable,verb,B2
упорядкувати,arrange,verb,B2
феодалізм,feudalism,noun,B2
фортуна,fortune,noun,B2
Херсонщина,kherson,noun,B2
хиткий,wobbly,adjective,B2
хитрощі,ruse,noun,B2
хлопчак,little,noun,B2
хоробрий,brave,adjective,B2
цвях,nail,noun,B2
цеглина,brick,noun,B2
центральноєвропейський,central,adjective,B2
цілодобовий,round-the-clock,adjective,B2
чергувати,to,verb,B2
чистити,peel,verb,B2
шолом,helmet,noun,B2
щільність,density,noun,B2
яблуня,apple,noun,B2
авансцена,proscenium,noun,B2
агітатор,agitator,noun,B2
акустичний,acoustic,adjective,B2
албанський,albanian,adjective,B2
алюміній,aluminium,noun,B2
Амстердам,amsterdam,noun,B2
антропологічний,anthropological,adjective,B2
аристократ,aristocrat,noun,B2
асимілювати,assimilate,verb,B2
багатолітній,perennial,adjective,B2
бастіон,bastion,noun,B2
Батурин,baturyn,noun,B2
безлюдний,uninhabited,adjective,B2
безтурботний,serene,adjective,B2
бетон,concrete,noun,B2
блідий,pale,adjective,B2
боєздатний,battleworthy,adjective,B2
божевілля,madness,noun,B2
бомбардувальник,bomber,noun,B2
Босфор,bosphorus,noun,B2
бюст,bust,noun,B2
ваговий,weight,adjective,B2
Валерія,valerie,noun,B2
васал,vassal,noun,B2
вдихнути,inhale,verb,B2
великомасштабний,large-scale,adjective,B2
вересневий,september,adjective,B2
вибратися,to,verb,B2
вибухати,to,verb,B2
вигукувати,ejaculate,verb,B2
визволитель,liberator,noun,B2
виконавиця,accomplisher,noun,B2
винаймати,rent,verb,B2
винуватість,guilt,noun,B2
виразка,ulcer,noun,B2
горіх,nut,noun,B2
губка,sponge,noun,B2
витягати,elicit,verb,B2
вичерпатися,run,verb,B2
відділяти,separate,verb,B2
відключення,outage,noun,B2
відслідковувати,to,verb,B2
вішати,hang,verb,B2
водійський,driving,adjective,B2
водяний,aqueous,adjective,B2
воєначальник,general,noun,B2
возз'єднання,reunification,noun,B2
вологий,wet,adjective,B2
вставляти,insert,verb,B2
Гамлет,the,noun,B2
ганьбити,besmirch,verb,B2
ганяти,chase,verb,B2
геолог,geologist,noun,B2
гірка,slide,noun,B2
гніт,oppression,noun,B2
грамотність,literacy,noun,B2
гризти,gnaw,verb,B2
Гуцульщина,the,noun,B2
дискотека,discotheque,noun,B2
ефемерний,ephemeral,adjective,B2
заселений,inhabited,adjective,B2
дислокація,dislocation,noun,B2
діаграма,diagram,noun,B2
діамант,diamond,noun,B2
дізнаватися,to,verb,B2
довготерміновий,long-term,adjective,B2
догори,up,adverb,B2
додавання,addition,noun,B2
допитувати,interrogate,verb,B2
дороговказ,signpost,noun,B2
доторкнутися,touch,verb,B2
доярка,milkmaid,noun,B2
дрімати,doze,verb,B2
екскурс,excursion,noun,B2
епос,epic,noun,B2
завше,always,adverb,B2
загальнонародний,nationwide,adjective,B2
заглянути,to,verb,B2
заколот,riot,noun,B2
закулісний,offstage,adjective,B2
записуватися,enlist,verb,B2
зареєструватися,to,verb,B2
засмучувати,deject,verb,B2
заснути,fall,verb,B2
заспокійливий,sedative,adjective,B2
зашморг,noose,noun,B2
зібратися,to,verb,B2
змістити,to,verb,B2
змішувати,incorporate,verb,B2
зубний,dental,adjective,B2
іскра,spark,noun,B2
кабіна,booth,noun,B2
каламутний,turbid,adjective,B2
калібр,caliber,noun,B2
каліфорнійський,californian,adjective,B2
камуфляж,camouflage,noun,B2
Камчатка,kamchatka,noun,B2
катар,cathar,noun,B2
квітневий,april,adjective,B2
кипіти,to,verb,B2
клятва,oath,noun,B2
княгиня,princess,noun,B2
Коломия,kolomyia,noun,B2
константа,constant,noun,B2
конфліктувати,conflict,verb,B2
космодром,cosmodrome,noun,B2
косовський,kosovan,adjective,B2
крейсер,cruiser,noun,B2
кременчуцький,kremenchuk,adjective,B2
криголам,icebreaker,noun,B2
кріпак,serf,noun,B2
кріпацтво,serfdom,noun,B2
куна,kuna,noun,B2
кухар,cook,noun,B2
лайно,poo,noun,B2
ледачий,lazy,adjective,B2
лівобережний,left-bank,adjective,B2
неохоче,reluctantly,adverb,B2
непереборний,insurmountable,adjective,B2
Мадрид,madrid,noun,B2
макарони,macaroni,noun,B2
мис,cape,noun,B2
міжвоєнний,interwar,adjective,B2
міс,miss,noun,B2
моторний,motor,adjective,B2
мудро,wisely,adverb,B2
найліпший,top,adjective,B2
налаштовувати,to,verb,B2
налаштувати,to,verb,B2
намисто,necklace,noun,B2
направо,towards,adverb,B2
насос,pump,noun,B2
немислимий,inconceivable,adjective,B2
ненароджений,unborn,adjective,B2
необоротний,irreversible,adjective,B2
неподільний,inseparable,adjective,B2
нерозривний,unbreakable,adjective,B2
несправжній,unreal,adjective,B2
неуспіх,failure,noun,B2
нюрнберзький,nuremberg,adjective,B2
обнадійливий,encouraging,adjective,B2
обопільний,mutual,adjective,B2
обробити,cultivate,verb,B2
онкологічний,oncologic,adjective,B2
очищати,clarify,verb,B2
пакунок,bundle,noun,B2
перебити,to,verb,B2
перебудувати,restructure,verb,B2
перепоховання,reburial,noun,B2
переправа,crossing,noun,B2
переривати,interrupt,verb,B2
переселенець,migrant,noun,B2
перо,pen,noun,B2
перукар,hairdresser,noun,B2
першокурсник,freshman,noun,B2
підігрівати,to,verb,B2
плач,cry,noun,B2
плитка,tile,noun,B2
помножити,multiply,verb,B2
порекомендувати,recommend,verb,B2
порок,vice,noun,B2
посередині,in,adverb,B2
посередній,moderate,adjective,B2
посудина,vessel,noun,B2
потворний,ugly,adjective,B2
празник,holiday,noun,B2
прийнятність,eligibility,noun,B2
прискорювач,accelerator,noun,B2
пристрасний,passionate,adjective,B2
прозріння,epiphany,noun,B2
проклинати,damn,verb,B2
простити,forgive,verb,B2
психіатрія,psychiatry,noun,B2
психотерапевт,psychotherapist,noun,B2
радіохвиля,radio,noun,B2
рватися,strive,verb,B2
регуляція,regulation,noun,B2
резюме,brief,noun,B2
респіраторний,respiratory,adjective,B2
риболовля,fishing,noun,B2
рима,word,noun,B2
рій,swarm,noun,B2
річище,channel,noun,B2
розбивати,break,verb,B2
роздумувати,meditate,verb,B2
розлючений,deranged,adjective,B2
розповсюдити,to,verb,B2
розшифрувати,decipher,verb,B2
рубка,wheelhouse,noun,B2
сміттєзвалище,landfill,noun,B2
спаситель,savior,noun,B2
спекулянт,speculator,noun,B2
спідниця,skirt,noun,B2
сповідь,confession,noun,B2
споконвіку,from,adverb,B2
спортсменка,sportswoman,noun,B2
стайня,stable,noun,B2
створіння,being,noun,B2
столітній,centenary,adjective,B2
сторожа,watch,noun,B2
стрибнути,to,verb,B2
стрій,tune,noun,B2
судинний,vascular,adjective,B2
суїцид,suicide,noun,B2
таджик,tajik,noun,B2
талон,coupon,noun,B2
танути,thaw,verb,B2
тихенько,endearing,adverb,B2
тлумачний,explanatory,adjective,B2
тривожити,disturb,verb,B2
тріумфальний,triumphal,adjective,B2
узбецький,of,adjective,B2
українознавство,ukraine,noun,B2
украсти,steal,verb,B2
фальсифікатор,falsifier,noun,B2
фальсифікувати,falsify,verb,B2
філологія,philology,noun,B2
фотографувати,shoot,verb,B2
хакер,hacker,noun,B2
циркуляр,circular,noun,B2
чеченець,chechen,noun,B2
шляхтич,nobleman,noun,B2
шмат,piece,noun,B2
шухляда,drawer,noun,B2
Щецин,szczecin,noun,B2
щока,cheek,noun,B2
щомісячно,monthly,adverb,B2
ярус,stage,noun,B2
австрієць,austrian,noun,B2
автобіографічний,autobiographical,adjective,B2
ага,agha,noun,B2
агресивність,aggressiveness,noun,B2
айсберг,iceberg,noun,B2
взаємовплив,interplay,noun,B2
акорд,accord,noun,B2
аномалія,anomaly,noun,B2
бавитися,play,verb,B2
балакати,chat,verb,B2
баня,bathhouse,noun,B2
барабанщик,drummer,noun,B2
бездітний,childless,adjective,B2
бібліотекар,librarian,noun,B2
благати,beg,verb,B2
благословляти,confer,verb,B2
божество,god,noun,B2
бойкотувати,boycott,verb,B2
боковий,side,adjective,B2
бочка,barrel,noun,B2
боязкий,shy,adjective,B2
буклет,brochure,noun,B2
буремний,stormy,adjective,B2
ваза,vase,noun,B2
вгамувати,quench,verb,B2
веселка,rainbow,noun,B2
виразити,express,verb,B2
височіти,to,verb,B2
витяг,place,noun,B2
відновлюваний,renewable,adjective,B2
відрізок,line,noun,B2
вірування,belief,noun,B2
водень,hydrogen,noun,B2
воюючий,belligerent,adjective,B2
вправлятися,exercise,verb,B2
вуглекислий,carbonic-acid,adjective,B2
Гаага,the,noun,B2
генеалогія,genealogy,noun,B2
герцог,duke,noun,B2
гетьманщина,hetmanate,noun,B2
головно,mainly,adverb,B2
грудний,pectoral,adjective,B2
гуцул,hutsul,noun,B2
давити,crush,verb,B2
дебютувати,debut,verb,B2
демілітаризація,demilitarisation,noun,B2
екземпляр,copy,noun,B2
дихальний,respiratory,adjective,B2
діва,maid,noun,B2
добросусідський,neighbourly,adjective,B2
догма,dogma,noun,B2
домогосподарка,housewife,noun,B2
Дружківка,druzhkivka,noun,B2
ельф,elf,noun,B2
есдек,social,noun,B2
жартома,jokingly,adverb,B2
жорсткість,rigidity,noun,B2
забруднювати,pollute,verb,B2
завзято,intensely,adverb,B2
завіт,testament,noun,B2
завойовник,conqueror,noun,B2
загострювати,sharpen,verb,B2
зал,hall,noun,B2
залагодити,to,verb,B2
Збараж,zbarazh,noun,B2
зворот,figure,noun,B2
зв'язати,bind,verb,B2
згуртованість,unity,noun,B2
змія,snake,noun,B2
зоопарк,zoo,noun,B2
імунобіологічний,immunobiological,adjective,B2
інтерфейс,interface,noun,B2
кадри,staff,noun,B2
камін,fireplace,noun,B2
каплиця,chapel,noun,B2
карий,hazel,adjective,B2
карнавал,carnival,noun,B2
кататися,to,verb,B2
кепський,bad,adjective,B2
компактний,compact,adjective,B2
концентрувати,concentrate,verb,B2
краснодарський,krasnodar,adjective,B2
кривдник,offender,noun,B2
ксенофобський,xenophobic,adjective,B2
лаконічний,concise,adjective,B2
лити,pour,verb,B2
литовець,lithuanian,noun,B2
літургія,liturgy,noun,B2
напівзруйнований,dilapidated,adjective,B2
ноша,burden,noun,B2
майстриня,artist,noun,B2
маківка,crown,noun,B2
маргінес,margin,noun,B2
Марокко,morocco,noun,B2
масон,freemason,noun,B2
матеріалізм,materialism,noun,B2
матрьошка,russian,noun,B2
милостиня,alms,noun,B2
множити,multiply,verb,B2
модернізуватися,modernize,verb,B2
мультимедійний,multimedia,adjective,B2
наліво,towards,adverb,B2
напружувати,make,verb,A1
населяти,populate,verb,B2
наснага,passion,noun,B2
нахабство,insolence,noun,B2
начерк,draft,noun,B2
невіддільний,inseparable,adjective,B2
нейтральність,neutrality,noun,B2
немічний,powerless,adjective,B2
неоднорідний,inhomogeneous,adjective,B2
нерозумний,unwise,adjective,B2
новак,beginner,noun,B2
нормалізувати,to,verb,B2
озброїтися,to,verb,B2
онкологія,oncology,noun,B2
онука,granddaughter,noun,B2
пастух,shepherd,noun,B2
пацифікація,pacification,noun,B2
пекельний,hellish,adjective,B2
передумати,change,verb,B2
переломний,crucial,adjective,B2
переломний,refractable,adjective,B2
переможниця,winner,noun,B2
переносний,figurative,adjective,B2
переносний,portable,adjective,B2
периферійний,peripheral,adjective,B2
песиміст,pessimist,noun,B2
письменство,literature,noun,B2
підкупити,to,verb,B2
підхоплювати,catch,verb,B2
повістка,subpoena,noun,B2
пожинати,reap,verb,B2
політизувати,politicize,verb,B2
помилування,pardon,noun,B2
популіст,populist,noun,B2
поселити,to,verb,B2
посланець,messenger,noun,B2
посміхнутися,to,verb,B2
правнук,great-grandson,noun,B2
прем'єр,prime,noun,B2
привласнювати,appropriate,verb,B2
привчати,accustom,verb,B2
пригнічений,down,adjective,B2
прикрість,trouble,noun,B2
примиритися,to,verb,B2
прогресувати,advance,verb,B2
продумати,think,verb,A1
прослухати,to,verb,B2
путч,putsch,noun,B2
радикалізація,radicalization,noun,B2
расизм,racism,noun,B2
раціоналізм,rationalism,noun,B2
реінкарнація,reincarnation,noun,B2
репетирувати,rehearse,verb,B2
розбещувати,to,verb,B2
розбудити,awaken,verb,B2
розголошувати,divulge,verb,B2
розколоти,to,verb,B2
розмахувати,brandish,verb,B2
розписка,receipt,noun,B2
розрізнити,distinguish,verb,B2
розруха,devastation,noun,B2
розслаблятися,relax,verb,B2
салат,salad,noun,B2
сарказм,sarcasm,noun,B2
сауна,sauna,noun,B2
свита,retinue,noun,B2
синок,sonny,noun,B2
скачати,download,verb,B2
скелет,skeleton,noun,B2
Сміт,transliterations,noun,B2
сніговий,snowy,adjective,B2
сніданок,breakfast,noun,B2
соя,soybean,noun,B2
спекотний,hot,adjective,B2
спіраль,spiral,noun,B2
стяг,flag,noun,B2
суднобудування,shipbuilding,noun,B2
Ташкент,tashkent,noun,B2
терапевт,therapist,noun,B2
Тетчер,thatcher,noun,B2
товариський,social,adjective,B2
тремтіти,quiver,verb,B2
тринадцять,thirteen,numeral,B2
тугий,tight,adjective,B2
ударити,beat,verb,B2
українофобський,ukrainophobic,adjective,B2
ультразвуковий,ultrasonic,adjective,B2
уночі,by,adverb,B2
ухилитися,avoid,verb,B2
фактура,invoice,noun,B2
факультативний,optional,adjective,B2
фантом,ghost,noun,B2
Філіппіни,philippines,noun,B2
Фрейд,freud,noun,B2
хлібороб,cereal,noun,B2
хоробрість,courage,noun,B2
хутко,quickly,adverb,B2
чарівність,charm,noun,B2
часник,garlic,noun,B2
чеченський,of,adjective,B2
шаблон,template,noun,B2
шестеро,six,numeral,B2
шовініст,chauvinist,noun,B2
Шотландія,scotland,noun,B2
абревіатура,abbreviation,noun,B2
агроном,agronomist,noun,B2
азербайджанець,azerbaijani,noun,B2
анахронізм,anachronism,noun,B2
взаємоповага,mutual,noun,B2
вислати,deport,verb,B2
алопеція,alopecia,noun,B2
антарктичний,antarctic,adjective,B2
аполітичний,apolitical,adjective,B2
арійський,pertaining,adjective,B2
атлет,athlete,noun,B2
аудіовізуальний,audiovisual,adjective,B2
безкорисливість,disinterestedness,noun,B2
безплідний,sterile,adjective,B2
бельгієць,belgian,noun,B2
бестселер,bestseller,noun,B2
біохімічний,biochemical,adjective,B2
болгарин,bulgarian,noun,B2
бранець,prisoner,noun,B2
бунтівний,unruly,adjective,B2
буфер,cushion,noun,B2
Варфоломій,bartholomew,noun,B2
вбивця,killer,noun,B2
ведмежий,ursine,adjective,B2
вершити,to,verb,B2
веселощі,kick,noun,B2
виїздити,to,verb,B2
виліт,departure,noun,B2
вимова,accent,noun,B2
вира,wergeld,noun,B2
виродок,freak,noun,B2
деінде,elsewhere,adverb,B2
вищеназваний,aforenamed,adjective,B2
відмітка,mark,noun,B2
відправлятися,depart,verb,B2
втікач,fugitive,noun,B2
вуличка,streetlet,noun,B2
газон,lawn,noun,B2
Гамбург,hamburg,noun,B2
Гданськ,gda,noun,B2
генерал-полковник,colonel,noun,B2
генофонд,gene,noun,B2
геометрія,geometry,noun,B2
германський,relating,adjective,B2
граматичний,grammatical,adjective,B2
дванадцятий,twelfth,adjective,B2
еквівалентний,equivalent,adjective,B2
засісти,hunker,verb,B2
десятеро,ten,numeral,B2
джин,genie,noun,B2
диверсифікувати,diversify,verb,B2
диверсійний,sabotage,adjective,B2
дивізіон,battalion,noun,B2
Дніпродзержинськ,dniprodzerzhynsk,noun,B2
добратися,to,verb,B2
добросовісний,scrupulous,adjective,B2
домішка,impurity,noun,B2
дорікнути,reproach,verb,B2
дорослішати,to,verb,B2
дубляж,dubbing,noun,B2
дуга,arch,noun,B2
дути,blow,verb,B2
дьоготь,tar,noun,B2
дядьо,uncle,noun,B2
екскурсовод,someone,noun,B2
екстрадиція,extradition,noun,B2
екстраординарний,extraordinary,adjective,B2
емірат,emirate,noun,B2
ерозія,erosion,noun,B2
есе,essay,noun,B2
етанол,ethanol,noun,B2
євровалюта,eurocurrency,noun,B2
ємність,capacity,noun,B2
Єнакієве,yenakiyeve,noun,B2
життєпис,biography,noun,B2
заклинання,spell,noun,B2
заможність,fortune,noun,B2
запам'ятовувати,memorize,verb,B2
записатися,enlist,verb,B2
започатковувати,to,verb,B2
засновувати,found,verb,B2
засуха,drought,noun,B2
захиститися,to,verb,B2
збудження,excitement,noun,B2
землячка,compatriot,noun,B2
звичайнісінький,run-of-the-mill,adjective,B2
звірство,atrocity,noun,B2
злегка,slightly,adverb,B2
злодійство,stealing,noun,B2
злотий,zloty,noun,B2
змалювати,to,verb,B2
зосереджувати,concentrate,verb,B2
інженерія,engineering,noun,B2
інопланетянин,alien,noun,B2
іранець,person,noun,B2
іржавий,rusty,adjective,B2
казан,cauldron,noun,B2
каховський,kakhovka,adjective,B2
качати,rock,verb,B2
ковпак,calpack,noun,B2
колгоспник,kolkhoznik,noun,B2
колос,ear,noun,B2
колос,colossus,noun,B2
коментатор,commentator,noun,B2
комп'ютеризація,computerization,noun,B2
коронація,coronation,noun,B2
корт,court,noun,B2
коса,braid,noun,B2
кошмар,nightmare,noun,B2
кримчанин,crimean,noun,B2
кутя,koliva,noun,B2
лагідний,flexible,adjective,B2
ланч,lunch,noun,B2
лінь,sloth,noun,B2
лом,crowbar,noun,B2
Луганськ,luhansk,noun,B2
людяний,humane,adjective,B2
махновець,makhnovite,noun,B2
махнути,to,verb,B2
машинний,machine,adjective,B2
медовий,honey,adjective,B2
мешканка,citizen,noun,B2
мишка,mouse,noun,B2
мідь,copper,noun,B2
міряти,to,verb,B2
містик,someone,noun,B2
модератор,moderator,noun,B2
Монголія,mongolia,noun,B2
мумія,mummy,noun,B2
надмірність,surfeit,noun,B2
Назарбаєв,nazarbayev,noun,B2
наївність,na,noun,B2
наречений,bridegroom,noun,B2
наркоз,narcosis,noun,B2
неадекватність,inadequacy,noun,B2
неживий,inanimate,adjective,B2
незамінний,indispensable,adjective,B2
непокірний,contumacious,adjective,B2
нескінченність,infinity,noun,B2
Нігерія,nigeria,noun,B2
нікчемність,shabbiness,noun,B2
Новгород,novgorod,noun,B2
норвежець,norwegian,noun,B2
нянька,nanny,noun,B2
обдарувати,to,verb,B2
обороноздатність,defence,noun,B2
осідати,sink,verb,B2
офтальмологія,ophthalmology,noun,B2
очко,eye,noun,B2
очко,point,noun,B2
Палестина,palestine,noun,B2
паломник,pilgrim,noun,B2
палуба,deck,noun,B2
паркування,parking,noun,B2
переїжджати,move,verb,B2
перерозподілити,redistribute,verb,B2
пивний,beer,adjective,B2
піддаватися,give,verb,A1
підходящий,fit,adjective,B2
планомірний,planned,adjective,B2
плести,weave,verb,B2
пліт,hurdle,noun,B2
повія,prostitute,noun,B2
повноліття,age,noun,B2
полягти,fall,verb,B2
пошепки,in,adverb,B2
працьовитість,industry,noun,B2
представитися,to,verb,B2
примушування,verbal,noun,B2
Причорномор'я,lands,noun,B2
прокладати,lay,verb,B2
проклятий,damn,adjective,B2
проклятий,damned,adjective,B2
пророчий,ominous,adjective,B2
процесія,procession,noun,B2
пручатися,struggle,verb,B2
пустка,wasteland,noun,B2
райдужний,rosy,adjective,B2
раціон,ration,noun,B2
реготати,guffaw,verb,B2
ремісник,artisan,noun,B2
рибальство,fishing,noun,B2
римлянин,roman,noun,B2
рівняння,equation,noun,B2
розганяти,to,verb,B2
розгромити,overwhelm,verb,B2
розпізнати,recognize,verb,B2
розповсюджений,widespread,adjective,B2
розсіяний,scattered,adjective,B2
санкціонувати,sanction,verb,B2
слухавка,receiver,noun,B2
садівництво,gardening,noun,B2
самота,privacy,noun,B2
саркастичний,sarcastic,adjective,B2
сварити,scold,verb,B2
свинина,pork,noun,B2
скаржитися,complain,verb,B2
скеровувати,direct,verb,B2
скіф,scythian,noun,B2
скоригувати,correct,verb,B2
скрута,knot,noun,B2
слизький,slippery,adjective,B2
сода,soda,noun,B2
соняшниковий,sunflower,adjective,B2
спальний,sleeping,adjective,B2
спіч,speech,noun,B2
старанність,industry,noun,B2
старійшина,patriarch,noun,B2
статист,walk-on,noun,B2
ствердно,affirmatively,adverb,B2
стільниковий,honeycomb,adjective,B2
стрижка,haircut,noun,B2
ступати,to,verb,B2
суботній,saturday,adjective,B2
сусідський,neighbor,adjective,B2
таїна,secret,noun,B2
талий,thawed,adjective,B2
типологія,typology,noun,B2
тиран,tyrant,noun,B2
тиранія,tyranny,noun,B2
тисячний,thousandth,adjective,B2
тонус,tone,noun,B2
тор,torus,noun,B2
тринадцятий,thirteenth,adjective,B2
ув'язнений,prisoner,noun,B2
універсальність,universality,noun,B2
унітаз,toilet,noun,B2
уповноважити,authorize,verb,B2
уранці,alternative,adverb,B2
утрата,loss,noun,B2
учення,doctrine,noun,B2
фантаст,fantasist,noun,B2
фрагментарний,piecemeal,adjective,B2
Фрідріх,frederick,noun,B2
фуршет,smorgasbord,noun,B2
хатинка,shack,noun,B2
Хотин,khotyn,noun,B2
чуттєвий,sensory,adjective,B2
шаровари,shalwar,noun,B2
швейцарець,swiss,noun,B2
шпигунство,espionage,noun,B2
юшка,soup,noun,B2
аборт,abortion,noun,B2
аванс,advance,noun,B2
австралійський,australian,adjective,B2
автентичність,authenticity,noun,B2
автостоянка,parking,noun,B2
адвокатура,bar,noun,B2
Аджарія,adjara,noun,B2
взаємовиключний,mutually,adjective,B2
Альпи,alps,noun,B2
аматорський,amateurish,adjective,B2
анкетування,verbal,noun,B2
антагонізм,antagonism,noun,B2
антипатія,antipathy,noun,B2
багажник,trunk,noun,B2
багряний,crimson,adjective,B2
барельєф,relief,noun,B2
баскетбол,basketball,noun,B2
безсумнівний,undoubted,adjective,B2
береговий,coastal,adjective,B2
білет,ticket,noun,B2
блискавично,quick,adverb,B2
борода,chin,noun,B2
бос,boss,noun,B2
бразилець,brazilian,noun,B2
братія,brethren,noun,B2
броварський,brovary,adjective,B2
бронетранспортер,armored,noun,B2
буддизм,buddhism,noun,B2
бур'ян,weed,noun,B2
вавилонський,babylonian,adjective,B2
варварство,barbarism,noun,B2
вена,vein,noun,B2
вентиляція,ventilation,noun,B2
вибухонебезпечний,explosive,adjective,B2
викорінювати,to,verb,B2
вирахувати,calculate,verb,B2
вирізати,to,verb,B2
високоточний,high-precision,adjective,B2
вмілий,clever,adjective,B2
дезінформація,disinformation,noun,B2
відволікатися,to,verb,B2
віддаленість,remoteness,noun,B2
відеозапис,video,noun,B2
відмовка,pretext,noun,B2
відобразитися,passive,verb,B2
відокремлювати,separate,verb,B2
відправитися,depart,verb,B2
відчужувати,alienate,verb,B2
віковічний,centuries-long,adjective,B2
вість,news,noun,B2
владарювати,rule,verb,B2
водопровід,pipeline,noun,B2
Водохреще,epiphany,noun,B2
волога,moisture,noun,B2
вправний,clever,adjective,B2
вселити,inspire,verb,B2
гавань,port,noun,B2
ганчірка,rag,noun,B2
Гарвард,harvard,noun,B2
гас,kerosene,noun,B2
генетик,geneticist,noun,B2
гіперактивність,hyperactivity,noun,B2
гітарист,guitarist,noun,B2
гнути,bend,verb,B2
годівниця,manger,noun,B2
голуб,dove,noun,B2
господиня,mistress,noun,B2
гріти,heat,verb,B2
двійка,two,noun,A1
двозначний,equivocal,adjective,B2
дворик,yard,noun,B2
демон,demon,noun,B2
засідка,ambush,noun,B2
дефект,defect,noun,B2
дівочий,girlish,adjective,B2
ділитися,share,verb,B2
дочасний,premature,adjective,B2
дріб'язковий,petty,adjective,B2
друкування,printing,noun,B2
емблема,emblem,noun,B2
ерудиція,erudition,noun,B2
ескалація,escalation,noun,B2
етикет,etiquette,noun,B2
жаба,frog,noun,B2
жати,reap,verb,B2
жевріти,smolder,verb,B2
житній,rye,adjective,B2
закуток,corner,noun,B2
заправляти,to,verb,B2
зараження,infection,noun,B2
заразитися,catch,verb,B2
зарядка,exercise,noun,B2
збуджений,excited,adjective,B2
зенітний,anti-aircraft,adjective,B2
кульмінація,culmination,noun,B2
зліва,on,adverb,B2
значок,badge,noun,B2
зодчий,architect,noun,B2
ікра,roe,noun,B2
інвентар,stock,noun,B2
іспанець,spaniard,noun,B2
казахський,pertaining,adjective,B2
караоке,karaoke,noun,B2
катувати,torture,verb,B2
келих,chalice,noun,B2
кивнути,nod,verb,B2
клеїти,stick,verb,B2
кмітливість,sagacity,noun,B2
ковтати,swallow,verb,B2
коктейль,cocktail,noun,B2
колонізатор,colonialist,noun,B2
композиційний,compositional,adjective,B2
комюніке,communiqu,noun,B2
конвой,convoy,noun,B2
Копенгаген,copenhagen,noun,B2
Коран,qur,noun,B2
котлета,cutlet,noun,B2
крук,raven,noun,B2
куріння,smoking,noun,B2
куртка,jacket,noun,B2
лан,field,noun,B2
лоза,climber,noun,B2
напівпровідник,semiconductor,noun,B2
незрілий,unripe,adjective,B2
непевність,uncertainty,noun,B2
любимий,favourite,adjective,B2
макулатура,wastepaper,noun,B2
Малайзія,malaysia,noun,B2
мамонт,mammoth,noun,B2
Маргарита,margaret,noun,B2
масивний,massive,adjective,B2
миролюбний,pacific,adjective,B2
мікроорганізм,microorganism,noun,B2
мінерал,mineral,noun,B2
мірило,criterion,noun,B2
мовознавство,linguistics,noun,B2
моторошний,uncanny,adjective,B2
мученик,martyr,noun,B2
найвіддаленіший,utmost,adjective,B2
наполягання,insistence,noun,B2
нафтобаза,oil,noun,B2
нафтопереробка,oil,noun,B2
недвозначний,unambiguous,adjective,B2
неосвічений,illiterate,adjective,B2
неповноцінність,inferiority,noun,B2
Ніцше,nietzsche,noun,B2
нюх,olfaction,noun,B2
оазис,oasis,noun,B2
обійстя,farmstead,noun,B2
обмовка,slip,noun,B2
озирнутися,look,verb,A1
окраїна,borderland,noun,B2
орати,use,verb,A1
придушувати,strangle,verb,B2
Олександрівськ,oleksandrivsk,noun,B2
опитати,to,verb,B2
оригінальність,originality,noun,B2
очерет,reed,noun,B2
Павлоград,pavlohrad,noun,B2
пандемічний,pandemic,adjective,B2
патруль,patrol,noun,B2
пахощі,perfume,noun,B2
перевидання,verbal,noun,B2
передбачуваність,predictability,noun,B2
переконливість,persuasiveness,noun,B2
переобрати,reelect,verb,B2
переоцінка,verbal,noun,B2
перепродаж,resale,noun,B2
переселятися,resettle,verb,B2
печеніг,pecheneg,noun,B2
підключатися,to,verb,B2
піна,foam,noun,B2
пісенька,song,noun,B2
плюнути,spit,verb,B2
пневмонія,pneumonia,noun,B2
поборник,apologist,noun,B2
повз,by,adverb,B2
позаплановий,unplanned,adjective,B2
позичка,advance,noun,B2
поклоніння,worship,noun,B2
полічити,to,verb,B2
потягнути,pull,verb,B2
похоронка,kiyi,noun,B2
представлятися,to,verb,B2
прив'язувати,tie,verb,B2
пригодницький,adventure,adjective,B2
примножити,multiply,verb,B2
приписати,ascribe,verb,B2
природжений,born,adjective,B2
присудити,convict,verb,B2
притока,tributary,noun,B2
притомний,conscious,adjective,B2
проґавити,to,verb,B2
прокляття,curse,noun,B2
проникнути,to,verb,B2
пропагандист,propagandist,noun,B2
просвітитель,synonym,noun,B2
простоювати,to,verb,B2
прямокутний,right-angled,adjective,B2
пташка,birdie,noun,B2
пустота,hollow,noun,B2
пухнастий,fluffy,adjective,B2
рвати,tear,verb,B2
редагувати,edit,verb,B2
рекламодавець,advertiser,noun,B2
репетитор,tutor,noun,B2
респектабельний,respectable,adjective,B2
Рига,riga,noun,B2
рівноцінний,tantamount,adjective,B2
розкладати,to,verb,B2
розлучатися,part,verb,B2
розмовний,colloquial,adjective,B2
розписувати,to,verb,B2
рослинництво,horticulture,noun,B2
рюкзак,backpack,noun,B2
рясний,affluent,adjective,B2
рупор,megaphone,noun,B2
рушниця,shotgun,noun,B2
сатана,devil,noun,B2
Сахара,sahara,noun,B2
свисток,whistle,noun,B2
світовідчуття,worldview,noun,B2
сексуальність,sexuality,noun,B2
семестр,semester,noun,B2
Скандинавія,scandinavia,noun,B2
слюсар,one,noun,A1
смакувати,taste,verb,B2
сморід,stench,noun,B2
солоний,salty,adjective,B2
спалахувати,break,verb,B2
справа,from,adverb,B2
статичний,static,adjective,B2
стійка,stand,noun,B2
стовпчик,column,noun,B2
суверен,sovereign,noun,B2
сфотографувати,shoot,verb,B2
схвильований,excited,adjective,B2
схований,hidden,adjective,B2
таджицький,of,adjective,B2
танцюрист,dancer,noun,B2
телеграфний,telegraphic,adjective,B2
теля,calf,noun,B2
тепло,warmly,adverb,B2
тернистий,thorny,adjective,B2
Тибет,tibet,noun,B2
торгівельний,trading,adjective,B2
траншея,trench,noun,B2
трест,trust,noun,B2
тягнутися,extend,verb,B2
упорядковувати,arrange,verb,B2
факс,fax,noun,B2
фарбувати,give,verb,A1
фермент,enzyme,noun,B2
фетиш,fetish,noun,B2
халат,bathrobe,noun,B2
хатина,hut,noun,B2
хвойний,coniferous,adjective,B2
хлопчина,kid,noun,B2
хмарочос,skyscraper,noun,B2
хустка,handkerchief,noun,B2
цариця,queen,noun,B2
циклічний,cyclic,adjective,B2
цілувати,kiss,verb,B2
чернець,monk,noun,B2
чернечий,monastic,adjective,B2
чіп,cork,noun,B2
чорношкірий,black,adjective,B2
шеренга,rank,noun,B2
шторм,storm,noun,B2
штрафувати,assess,verb,B2
щоранку,every,adverb,B2
ягода,berry,noun,B2
яструб,hawk,noun,B2
абсолютизація,absolutization,noun,B2
авантюризм,adventurism,noun,B2
агонія,agony,noun,B2
взірцевий,model,adjective,B2
анімація,animation,noun,B2
апельсин,orange,noun,B2
апокаліпсис,apocalypse,noun,B2
арештант,prisoner,noun,B2
арифметичний,arithmetic,adjective,B2
ароматний,fragrant,adjective,B2
артефакт,ghost,noun,B2
артистичний,artistic,adjective,B2
астероїд,asteroid,noun,B2
багаторівневий,multilevel,adjective,B2
бадьорий,cheerful,adjective,B2
Балтика,baltic,noun,B2
бандерівський,banderite,adjective,B2
безготівковий,cashless,adjective,B2
бездоганно,perfectly,adverb,B2
бездумний,unthinking,adjective,B2
безжальний,ruthless,adjective,B2
безликий,impersonal,adjective,B2
безнадія,hopelessness,noun,B2
бідняк,pauper,noun,B2
брехун,liar,noun,B2
Бровари,brovary,noun,B2
брокер,broker,noun,B2
будити,wake,verb,B2
буйний,unruly,adjective,B2
буфет,buffet,noun,B2
буяти,to,verb,B2
вареник,dumpling,noun,B2
вивішувати,post,verb,B2
визволяти,liberate,verb,B2
вираховувати,calculate,verb,B2
висаджувати,to,verb,B2
високооплачуваний,highly,adjective,B2
горище,loft,noun,B2
Горлівка,horlivka,noun,B2
відбиття,shadow,noun,B2
відокремитися,to,verb,B2
відправник,sender,noun,B2
вісімдесят,eighty,numeral,B2
вія,eyelash,noun,B2
віяти,blow,verb,B2
водоспад,cataract,noun,B2
впертий,obstinate,adjective,B2
впустити,down,verb,B2
всезагальний,universal,adjective,B2
всеохоплюючий,all-encompassing,adjective,B2
все-таки,nonetheless,adverb,B2
вчетверте,for,adverb,B2
галактика,galaxy,noun,B2
гід,someone,noun,B2
глобус,globe,noun,B2
гнітючий,depressing,adjective,B2
голландець,dutchman,noun,B2
груша,pear,noun,B2
гуманіст,humanist,noun,B2
гуртовий,wholesale,adjective,B2
давньоримський,ancient,adjective,B2
дармовий,free,adjective,B2
двірник,janitor,noun,B2
державник,statist,noun,B2
дешево,cheaply,adverb,B2
дивак,freak,noun,B2
дилетант,dilettante,noun,B2
дисонанс,dissonance,noun,B2
диспансер,dispensary,noun,B2
дисциплінувати,discipline,verb,B2
Діана,ceres,noun,B2
дідько,devil,noun,B2
дієта,diet,noun,B2
добути,to,verb,B2
довіритель,principal,noun,B2
дріб,fraction,noun,B2
екстрасенс,psychic,noun,B2
електрифікація,electrification,noun,B2
жаргон,jargon,noun,B2
жартівливий,jocular,adjective,B2
ждати,wait,verb,B2
жолудь,acorn,noun,B2
жувати,chew,verb,B2
забавка,entertainment,noun,B2
законослухняний,law-abiding,adjective,B2
закручувати,coil,verb,B2
запалення,enthusiasm,noun,B2
запалювати,light,verb,B2
запашний,fragrant,adjective,B2
заступитися,intercede,verb,B2
затьмарити,benight,verb,B2
збагачений,enriched,adjective,B2
звитяга,victory,noun,B2
зв'язувати,bind,verb,B2
зґвалтування,rape,noun,B2
здатися,surrender,verb,B2
зірочка,star,noun,B2
злива,deluge,noun,B2
зловити,catch,verb,B2
зносити,to,verb,B2
зношення,abrasion,noun,B2
ідеалізм,idealism,noun,B2
ієрогліф,hieroglyph,noun,B2
Ізмаїл,izmail,noun,B2
ін'єкція,injection,noun,B2
інкубатор,incubator,noun,B2
істерика,hysterics,noun,B2
істинно,truly,adverb,B2
йод,iodine,noun,B2
кавалерійський,cavalry,adjective,B2
кавовий,coffee,adjective,B2
казкар,storyteller,noun,B2
Камбоджа,cambodia,noun,B2
канат,cable,noun,B2
католицизм,catholicism,noun,B2
каюта,cabin,noun,B2
квантовий,quantum,adjective,B2
кінський,equine,adjective,B2
клавіатура,keyboard,noun,B2
клавіш,part,noun,B2
клумба,bed,noun,A1
книжечка,booklet,noun,B2
ковбасний,sausage,adjective,B2
коза,goat,noun,B2
колодязь,well,noun,B2
коник,grasshopper,noun,B2
котик,kitty,noun,B2
кролик,rabbit,noun,B2
ксьондз,priest,noun,B2
куліса,coulisse,noun,B2
кумівство,relationship,noun,B2
купатися,bathe,verb,B2
ламатися,fracture,verb,B2
лимон,lemon,noun,B2
липа,fake,noun,B2
лінощі,sloth,noun,B2
луг,alkali,noun,B2
Луї,louis,noun,B2
неспокій,disquietude,noun,B2
люк,manhole,noun,B2
майоріти,wave,verb,B2
малярство,painting,noun,B2
марнувати,to,verb,B2
масть,cream,noun,B2
матися,there,verb,B2
Мекка,mecca,noun,B2
мелодійний,musical,adjective,B2
метафоричний,metaphorical,adjective,B2
мийка,sink,noun,B2
мильний,soap,adjective,B2
міждисциплінарний,interdisciplinary,adjective,B2
міраж,mirage,noun,B2
мітла,broom,noun,B2
молот,hammer,noun,B2
мужчина,man,noun,A1
Муссоліні,mussolini,noun,B2
навдивовижу,surprisingly,adverb,B2
найом,recruitment,noun,B2
нанести,to,verb,B2
наново,anew,adverb,B2
наперсток,thimble,noun,B2
наплювати,spit,verb,B2
невинуватий,innocent,adjective,B2
невід,seine,noun,B2
недалекоглядний,short-sighted,adjective,B2
необережний,incautious,adjective,B2
ніготь,nail,noun,B2
новобранець,recruit,noun,B2
обмовитися,to,verb,B2
обурливий,outrageous,adjective,B2
оновлювати,renew,verb,B2
опитувати,to,verb,B2
оподатковувати,assess,verb,B2
опорний,supporting,adjective,B2
ордер,warrant,noun,B2
осман,turk,noun,B2
острог,prison,noun,B2
отвір,bore,noun,B2
павутина,spiderweb,noun,B2
пайка,ration,noun,B2
паломництво,pilgrimage,noun,B2
панщина,corvee,noun,B2
парний,even,adjective,B2
перевезти,freight,verb,B2
перон,platform,noun,B2
Петроград,petrograd,noun,B2
пиріжок,pirozhki,noun,B2
писемність,writing,noun,B2
підкоритися,obey,verb,B2
підпорядковувати,subjugate,verb,B2
післязавтра,on,adverb,B2
піший,unmounted,adjective,B2
плескати,applaud,verb,B2
побережжя,seaside,noun,B2
повалити,topple,verb,B2
повнолітній,of,adjective,B2
пограбувати,mug,verb,B2
поїздити,go,verb,A1
покрівля,roof,noun,B2
помилитися,mistake,verb,B2
помити,to,verb,B2
помічниця,help,noun,B2
попереджувальний,precautionary,adjective,B2
посмертний,posthumous,adjective,B2
потаємний,hidden,adjective,B2
похвала,praise,noun,B2
почин,initiative,noun,B2
почистити,clean,verb,B2
правопис,spelling,noun,B2
приголомшити,stun,verb,B2
приготуватися,prepare,verb,B2
приземлений,down-to-earth,adjective,B2
приймальня,reception,noun,B2
примара,ghost,noun,B2
примат,primate,noun,B2
прискорюватися,accelerate,verb,B2
прихильниця,female,noun,B2
провісник,soothsayer,noun,B2
прозаїчний,prosaic,adjective,B2
пронизливий,shrill,adjective,B2
проростати,germinate,verb,B2
прославляти,celebrate,verb,B2
прослідкувати,to,verb,B2
прохолодний,cool,adjective,B2
пружина,spring,noun,B2
Пруссія,prussia,noun,B2
пульт,clicker,noun,B2
равлик,snail,noun,B2
ревнощі,jealousy,noun,B2
рельєфний,relief,adjective,B2
рівномірний,even,adjective,B2
рівноправ'я,equality,noun,B2
росіянка,russian,noun,B2
рослинність,vegetation,noun,B2
рукотворний,man-made,adjective,B2
саботувати,sabotage,verb,B2
самодержавство,autocracy,noun,B2
самодіяльний,self-acting,adjective,B2
самолюбство,self-esteem,noun,B2
саморобний,self-made,adjective,B2
Сара,sarah,noun,B2
Сараєво,sarajevo,noun,B2
світосприйняття,worldview,noun,B2
сентиментальний,sentimental,adjective,B2
силоміць,by,adverb,B2
сірка,sulfur,noun,B2
сірник,match,noun,B2
слабшати,flag,verb,B2
слівце,diminutive,noun,B2
словесність,philology,noun,B2
словниковий,lexical,adjective,B2
снайпер,sniper,noun,B2
сосиска,sausage,noun,B2
спадковість,inheritance,noun,B2
Спартак,spartacus,noun,B2
специфікація,specification,noun,B2
спішно,urgently,adverb,B2
сповіщення,alert,noun,B2
споріднення,relationship,noun,B2
спраглий,thirsty,adjective,B2
ставок,pool,noun,B2
старанний,industrious,adjective,B2
ствол,barrel,noun,B2
стіс,stack,noun,B2
страхітливий,appalling,adjective,B2
стрілянина,shooting,noun,B2
суворість,severity,noun,B2
сяти,glitter,verb,B2
телешоу,television,noun,B2
теологія,theology,noun,B2
теорема,theorem,noun,B2
теплиця,greenhouse,noun,B2
транс,trance,noun,B2
трапитися,happen,verb,B2
тривимірний,three-dimensional,adjective,B2
триразовий,triple,adjective,B2
трюк,stratagem,noun,B2
турбулентність,turbulence,noun,B2
увічнити,perpetuate,verb,B2
узаконення,legalization,noun,B2
укріпити,secure,verb,B2
усміхнутися,to,verb,B2
файний,handsome,adjective,B2
фараон,pharaoh,noun,B2
Флоренція,florence,noun,B2
формалізувати,formalize,verb,B2
фрегат,frigate,noun,B2
хиба,error,noun,B2
хизуватися,flaunt,verb,B2
хронологічний,chronological,adjective,B2
циклічність,cyclicality,noun,B2
цунамі,tsunami,noun,B2
чайник,teapot,noun,B2
чарівник,magician,noun,B2
частувати,treat,verb,B2
чемний,polite,adjective,B2
черевик,shoe,noun,B2
човник,shuttle,noun,B2
шахівниця,chessboard,noun,B2
шина,tyre,noun,B2
шифр,code,noun,B2
шістнадцять,sixteen,numeral,B2
шкарпетка,sock,noun,B2
щасливо,fortunately,adverb,B2
щітка,brush,noun,B2
абвер,abwehr,noun,B2
авіазавод,aircraft,noun,B2
адріатичний,of,adjective,B2
акваріум,aquarium,noun,B2
анатомія,anatomy,noun,B2
акуратний,careful,adjective,B2
алчевський,alchevsk,adjective,B2
альманах,almanac,noun,B2
алюзія,allusion,noun,B2
Анкара,ankara,noun,B2
анулювати,rescind,verb,B2
асоціювати,relate,verb,B2
астролог,astrologer,noun,B2
атеросклероз,atherosclerosis,noun,B2
бабка,dragonfly,noun,B2
баварський,bavarian,adjective,B2
Балаклава,balaklava,noun,B2
балувати,to,verb,B2
банан,banana,noun,B2
бандура,bandura,noun,B2
бджола,bee,noun,B2
безболісний,painless,adjective,B2
безкровний,bloodless,adjective,B2
безпорядок,mess,noun,B2
безправ'я,injustice,noun,B2
безхмарний,cloudless,adjective,B2
блат,blat,noun,B2
блюзнірство,blasphemy,noun,B2
браслет,shackle,noun,B2
брова,eyebrow,noun,B2
будівник,construction,noun,B2
бункер,bunker,noun,B2
вакханалія,bacchanalia,noun,B2
ввімкнути,to,verb,B2
вдягнути,to,verb,B2
великодній,easter,adjective,B2
вербувати,recruit,verb,B2
верф,shipyard,noun,B2
вершки,cream,noun,B2
вживаний,used,adjective,B2
видовищний,spectacular,adjective,B2
викривлений,crooked,adjective,B2
виноробство,winemaking,noun,B2
виродження,degeneration,noun,B2
горішок,nutlet,noun,B2
гряда,bed,noun,A1
витривалість,endurance,noun,B2
віддячити,to,verb,B2
від'їжджати,leave,verb,A1
відлякувати,scare,verb,B2
відняти,subtract,verb,B2
віконце,window,noun,B2
віник,broom,noun,B2
вклонитися,bow,verb,B2
владарювання,hegemony,noun,B2
Владимир,vladimir,noun,B2
вогневий,fiery,adjective,B2
ворожість,animosity,noun,B2
втішати,console,verb,B2
галасливий,noisy,adjective,B2
гамбургер,hamburger,noun,B2
гвинтівка,firearm,noun,B2
геофізичний,geophysical,adjective,B2
глечик,jug,noun,B2
глухота,deafness,noun,B2
говіркий,talkative,adjective,B2
горобець,sparrow,noun,B2
грабіжник,robber,noun,B2
грабунок,robbery,noun,B2
ґудзик,button,noun,B2
даремний,futile,adjective,B2
дверцята,door,noun,A1
дев'ятеро,nine,numeral,B2
демагогічний,demagogic,adjective,B2
день,daylight,noun,B2
детектор,detector,noun,B2
детонатор,detonator,noun,B2
джинси,jeans,noun,B2
дизель,diesel,noun,B2
дійний,milking,adjective,B2
діл,valley,noun,B2
діяльний,active,adjective,B2
докупи,together,adverb,B2
експансіоністський,expansionist,adjective,B2
електромережа,electricity,noun,B2
енергопостачання,energy,noun,B2
ентропія,entropy,noun,B2
еротика,erotica,noun,B2
ескадра,squadron,noun,B2
жителька,citizen,noun,B2
житниця,granary,noun,B2
жіноцтво,womanhood,noun,B2
жовтогарячий,sunflower,adjective,B2
заблукати,get,verb,A1
задоволеність,satisfaction,noun,B2
зайнятися,to,verb,B2
закохуватися,fall,verb,B2
закрутити,coil,verb,B2
замовчування,verbal,noun,B2
зарозумілий,arrogant,adjective,B2
засніжений,snow-covered,adjective,B2
затемнення,eclipse,noun,B2
затьмарювати,obfuscate,verb,B2
земство,zemstvo,noun,B2
збурення,indignation,noun,B2
звикнути,settle,verb,B2
звідкись,from,adverb,B2
здійматися,billow,verb,B2
зілля,potion,noun,B2
злоякісний,poor-quality,adjective,B2
зріти,ripen,verb,B2
зробитися,happen,verb,B2
ізмаїльський,izmail,adjective,B2
ізумруд,emerald,noun,B2
імпровізувати,improvise,verb,B2
індіанець,indian,noun,B2
індієць,indian,noun,B2
індульгенція,indulgence,noun,B2
інерційний,inertial,adjective,B2
ініціал,initial,noun,B2
інфікування,verbal,noun,B2
інформативний,informative,adjective,B2
Калінінград,kaliningrad,noun,B2
калічити,maim,verb,B2
калька,calque,noun,B2
кальцій,calcium,noun,B2
карета,carriage,noun,B2
картографічний,cartographic,adjective,B2
картографія,cartography,noun,B2
кейс,briefcase,noun,B2
кишка,intestine,noun,B2
кількісно,quantitatively,adverb,B2
кір,measles,noun,B2
клин,wedge,noun,B2
коломийський,kolomyia,adjective,B2
колядувати,to,verb,B2
Комінтерн,comintern,noun,B2
конгломерат,conglomerate,noun,B2
Конфуцій,confucius,noun,B2
короткотерміновий,short-term,adjective,B2
космополітичний,cosmopolitan,adjective,B2
крам,wares,noun,B2
кременецький,kremenets,adjective,B2
ксерокопія,photocopy,noun,B2
кулька,ball,noun,B2
купе,compartment,noun,B2
курйозний,curious,adjective,B2
курок,trigger,noun,B2
легіон,legion,noun,B2
лексичний,lexical,adjective,B2
лестощі,flattery,noun,B2
ліра,lira,noun,B2
локшина,noodle,noun,B2
міліметр,millimetre,noun,B2
льон,flax,noun,B2
мазь,cream,noun,B2
майка,t-shirt,noun,B2
маховик,flywheel,noun,B2
Мелітополь,melitopol,noun,B2
месник,one,noun,A1
метафізичний,metaphysical,adjective,B2
механізація,mechanization,noun,B2
мимовільний,automatic,adjective,B2
мідний,made,adjective,B2
міжособистісний,interpersonal,adjective,B2
мікроавтобус,minibus,noun,B2
мікроскоп,microscope,noun,B2
місіонер,missionary,noun,B2
місіс,mrs,noun,B2
Монако,monaco,noun,B2
мореплавання,navigation,noun,B2
Моцарт,mozart,noun,B2
мрійник,dreamer,noun,B2
навик,skill,noun,B2
нав'язливий,haunting,adjective,B2
наркозалежність,drug,noun,B2
націонал-соціалізм,national,noun,B2
невпинний,relentless,adjective,B2
недосвідчений,callow,adjective,B2
непослідовність,inconsistency,noun,B2
неспростовний,incontrovertible,adjective,B2
нестійкість,instability,noun,B2
неукраїнський,non-ukrainian,adjective,B2
никнути,to,verb,B2
норов,character,noun,B2
обвинувач,accuser,noun,B2
об'єктив,lens,noun,B2
обороняти,defend,verb,B2
образа,abuse,noun,B2
обрядовий,ritual,adjective,B2
обухівський,obukhiv,adjective,B2
оглядатися,look,verb,A1
однобічний,unilateral,adjective,B2
однозначність,unambiguity,noun,B2
одноманітний,uniform,adjective,B2
осмислювати,to,verb,B2
оспівувати,to,verb,B2
офіціант,waiter,noun,B2
ощадливий,thrifty,adjective,B2
палестинський,of,adjective,B2
панічний,panic,adjective,B2
партнерка,partner,noun,B2
пасивність,passivity,noun,B2
пасьянс,patience,noun,B2
перевиховання,verbal,noun,B2
переліт,flight,noun,B2
перелічувати,to,verb,B2
переміщатися,to,verb,B2
переоцінювати,overestimate,verb,B2
пересісти,change,verb,B2
перець,pepper,noun,B2
пігулка,pill,noun,B2
підключитися,to,verb,B2
підкріпити,confirm,verb,B2
пікнік,picnic,noun,B2
подіум,runway,noun,B2
покора,obedience,noun,B2
полізти,climb,verb,B2
помилковість,wrongness,noun,B2
пом'якшити,palatalize,verb,B2
поринати,duck,verb,B2
поспішно,hurriedly,adverb,B2
постамент,plinth,noun,B2
потопати,drown,verb,B2
почутися,to,verb,B2
працівниця,employee,noun,B2
пригощати,treat,verb,B2
Прип'ять,pripyat,noun,B2
прирікати,doom,verb,B2
присягати,swear,verb,B2
притягати,attract,verb,B2
прозвати,to,verb,B2
пройдисвіт,charlatan,noun,B2
прорости,germinate,verb,B2
протекторат,protectorate,noun,B2
прощальний,valedictory,adjective,B2
прощення,pardon,noun,B2
психотерапія,psychotherapy,noun,B2
путо,shackle,noun,B2
ремінь,belt,noun,B2
рентгенівський,x-ray,adjective,B2
риф,reef,noun,B2
різнокольоровий,colored,adjective,B2
рогатий,horned,adjective,B2
родичка,relative,noun,B2
роз'єднувати,uncouple,verb,B2
розкласти,to,verb,B2
розмірковування,verbal,noun,B2
розмножуватися,multiply,verb,B2
розплатитися,check,verb,B2
розтягти,stretch,verb,B2
розчаровувати,disappoint,verb,B2
розчерк,flourish,noun,B2
рукостискання,handshake,noun,B2
рута,rue,noun,B2
сарай,shed,noun,B2
світильник,light,noun,B2
серп,sickle,noun,B2
Сеул,seoul,noun,B2
скачувати,download,verb,B2
скептицизм,skepticism,noun,B2
скроня,temple,noun,B2
скучити,to,verb,B2
смажений,fried,adjective,B2
сметана,cream,noun,B2
сміливець,daredevil,noun,B2
сорокарічний,forty-year,adjective,B2
союзницький,allied,adjective,B2
спантеличений,baffled,adjective,B2
спожити,consume,verb,B2
спускати,drain,verb,B2
стаканчик,diminutive,noun,B2
статуетка,statuette,noun,B2
стогін,groan,noun,B2
стояння,verbal,noun,B2
стріла,arrow,noun,B2
сукно,cloth,noun,B2
супутниця,companion,noun,B2
таврувати,brand,verb,B2
такт,beat,noun,B2
терапевтичний,therapeutic,adjective,B2
тісто,dough,noun,B2
торт,cake,noun,B2
транспарант,banner,noun,B2
триєдиний,triune,adjective,B2
триповерховий,three-storey,adjective,B2
трусити,shake,verb,B2
турботливий,caring,adjective,B2
убік,aside,adverb,B2
Уельс,wales,noun,B2
узбек,uzbek,noun,B2
Умань,uman,noun,B2
умілий,dexterous,adjective,B2
упертий,obstinate,adjective,B2
фабула,plot,noun,B2
фермерство,agriculture,noun,B2
франкомовний,francophone,adjective,B2
Хартум,khartoum,noun,B2
хаща,thicket,noun,B2
хижий,predatory,adjective,B2
цегляний,brick,adjective,B2
целюлоза,the,noun,B2
цибуля,onion,noun,B2
Цицерон,cicero,noun,B2
цькування,bullying,noun,B2
черепаха,turtle,noun,B2
черкес,circassian,noun,B2
чималенький,endearing,adjective,B2
чом,why,adverb,B2
чуб,topknot,noun,B2
чужина,foreign,noun,B2
шаріат,shari,noun,B2
швидкоплинний,ephemeral,adjective,B2
широкосмуговий,broadband,adjective,B2
шістдесят,sixty,numeral,B2
шофер,chauffeur,noun,B2
шрифт,font,noun,B2
штовхнути,kick,verb,B2
щезнути,to,verb,B2
щохвилини,every,adverb,B2
абсолют,absolute,noun,B2
автомагістраль,highway,noun,B2
автомашина,car,noun,A1
адреналін,adrenaline,noun,B2
бриз,breeze,noun,B2
брила,block,noun,B2
амплітуда,amplitude,noun,B2
анархіст,anarchist,noun,B2
анекдотичний,anecdotal,adjective,B2
анонс,advertisement,noun,B2
арештовувати,arrest,verb,B2
аристократія,aristocracy,noun,B2
артіль,artel,noun,B2
багатолюдний,crowded,adjective,B2
багач,moneybags,noun,B2
банкет,banquet,noun,B2
барометр,barometer,noun,B2
Бахрейн,bahrain,noun,B2
безграмотний,illiterate,adjective,B2
бездушний,inanimate,adjective,B2
безславний,infamous,adjective,B2
бенкет,feast,noun,B2
Бережани,berezhany,noun,B2
береза,birch,noun,B2
Берестечко,berestechko,noun,B2
блаженство,bliss,noun,B2
блокнот,notebook,noun,B2
блюдо,dish,noun,B2
богатир,knight,noun,B2
Борислав,boryslav,noun,B2
буда,kennel,noun,B2
будка,booth,noun,B2
бунтувати,rebel,verb,B2
бурий,having,adjective,B2
Ванкувер,vancouver,noun,B2
варений,boiled,adjective,B2
вгадувати,guess,verb,B2
велетень,giant,noun,B2
вернісаж,vernissage,noun,B2
вернути,return,verb,B2
вертатися,return,verb,B2
вибиратися,to,verb,B2
вила,fork,noun,B2
виноградник,vineyard,noun,B2
вир,whirlpool,noun,B2
висилати,deport,verb,B2
вишгородський,vyshhorod,adjective,B2
відволікти,distract,verb,B2
віддаляти,to,verb,B2
відносність,relativity,noun,B2
відсторонити,to,verb,B2
відстрочити,postpone,verb,B2
відчуженість,detachment,noun,B2
вітрило,sail,noun,B2
Владивосток,vladivostok,noun,B2
впізнавати,recognize,verb,B2
впорядковувати,arrange,verb,B2
врятуватися,escape,verb,B2
вуйко,gaffer,noun,B2
вціліти,survive,verb,B2
вчений,scientist,noun,B2
гардероб,cloakroom,noun,B2
Гвінея,guinea,noun,B2
гілочка,twig,noun,B2
гітарний,guitar,adjective,B2
глюкоза,glucose,noun,B2
говір,dialect,noun,B2
госпіталізувати,hospitalize,verb,B2
гребінець,comb,noun,B2
густонаселений,densely,adjective,B2
гуща,dregs,noun,B2
давним-давно,long,adverb,B2
двомісячний,two-month,adjective,B2
двопартійний,two-party,adjective,B2
джихад,jihad,noun,B2
диверсант,saboteur,noun,B2
дивина,mullein,noun,B2
динамізм,dynamism,noun,B2
динамік,loudspeaker,noun,B2
диспетчер,dispatcher,noun,B2
діловодство,clerical,noun,B2
довголіття,longevity,noun,B2
донизу,from,adverb,B2
дописувач,correspondent,noun,B2
дудка,pipe,noun,B2
дуель,duel,noun,B2
дятел,woodpecker,noun,B2
евакуювати,evacuate,verb,B2
економний,thrifty,adjective,B2
ексгумація,exhumation,noun,B2
електродвигун,electric,noun,B2
етнографія,ethnography,noun,B2
женевський,genevan,adjective,B2
жуйка,chewing,noun,B2
забіг,race,noun,B2
забруднювач,pollutant,noun,B2
залаштунковий,offstage,adjective,B2
замір,design,noun,B2
занедужати,fall,verb,B2
заохочувальний,incentive,adjective,B2
запізнюватися,be,verb,A1
заповнюватися,fill,verb,B2
зарозумілість,arrogance,noun,B2
засмутитися,to,verb,B2
захопливий,exciting,adjective,B2
зачинити,close,verb,B2
збіднілий,impoverished,adjective,B2
іврит,hebrew,noun,B2
кончина,passing,noun,B2
зварити,weld,verb,B2
зварювання,the,noun,B2
звиклий,accustomed,adjective,B2
землероб,farmer,noun,B2
зіставляти,juxtapose,verb,B2
злякати,scare,verb,B2
зоровий,visual,adjective,B2
зречення,abjuration,noun,B2
зухвалість,insolence,noun,B2
ідиш,yiddish,noun,B2
інгредієнт,ingredient,noun,B2
інтуїтивний,intuitive,adjective,B2
їжак,hedgehog,noun,B2
Казимир,casimir,noun,B2
Каїр,cairo,noun,B2
Каліфорнія,california,noun,B2
канадець,canadian,noun,B2
каятися,repent,verb,B2
квасоля,bean,noun,B2
квітковий,flowering,adjective,B2
квітковий,floral,adjective,B2
кисіль,kisel,noun,B2
кінчик,tip,noun,B2
колядник,christmas,noun,B2
комірець,collar,noun,B2
конструювати,construct,verb,B2
контрнаступ,counter-attack,noun,B2
контрреволюція,counterrevolution,noun,B2
кореєць,korean,noun,B2
корелювати,correlate,verb,B2
корж,oatcake,noun,B2
косити,mow,verb,B2
костел,church,noun,B2
костьол,church,noun,B2
красномовно,eloquently,adverb,B2
кувати,forge,verb,B2
Кувейт,kuwait,noun,B2
кур'єр,messenger,noun,B2
кухарка,cook,noun,B2
лагодити,fix,verb,B2
лампочка,lamp,noun,B2
ласкавий,friendly,adjective,B2
легеневий,pulmonary,adjective,B2
лезо,knife,noun,B2
листуватися,correspond,verb,B2
Ліхтенштейн,liechtenstein,noun,B2
Лувр,louvre,noun,B2
лукавство,craft,noun,B2
незрілість,immaturity,noun,B2
магістратура,master,noun,B2
магніт,piece,noun,B2
мадяр,hungarian,noun,B2
мандарин,tangerine,noun,B2
маргіналізація,marginalization,noun,B2
матрац,mattress,noun,B2
мелітопольський,melitopol,adjective,B2
механізований,mechanized,adjective,B2
милиця,crutch,noun,B2
мовознавець,philologist,noun,B2
морозиво,ice,noun,B2
мюнхенський,munich,adjective,B2
м'якість,softness,noun,B2
набожний,pious,adjective,B2
навушник,earflap,noun,B2
нагромадити,accumulate,verb,B2
надолужувати,to,verb,B2
надумати,feign,verb,B2
наносити,to,verb,B2
народник,populist,noun,B2
насичувати,saturate,verb,B2
настільний,table,adjective,A1
настоянка,nastoyka,noun,B2
натискання,click,noun,B2
невблаганний,implacable,adjective,B2
негр,black,noun,B2
недопустимий,unacceptable,adjective,B2
недоторканий,untouched,adjective,B2
недруг,enemy,noun,B2
нетиповий,atypical,adjective,B2
неуважність,inattentiveness,noun,B2
неушкоджений,unharmed,adjective,B2
ніжність,fondness,noun,B2
ніжно,gently,adverb,B2
Ніл,nile,noun,B2
новомосковський,novomoskovsk,adjective,B2
ножиці,scissors,noun,B2
нудота,boredom,noun,B2
нудьгувати,yearn,verb,B2
обчислювати,calculate,verb,B2
огида,aversion,noun,B2
окріп,dill,noun,B2
опція,option,noun,B2
оранжевий,orange,adjective,B2
пень,stump,noun,B2
освячувати,consecrate,verb,B2
отара,flock,noun,B2
охолонути,cool,verb,B2
пазл,puzzle,noun,B2
пароль,password,noun,B2
пасовище,pasture,noun,B2
перевертень,werewolf,noun,B2
переговори,talk,noun,B2
перекладний,translatable,adjective,B2
перерозподіляти,redistribute,verb,B2
пересторога,beacon,noun,B2
періодичність,periodicity,noun,B2
Перм,perm,noun,B2
першовідкривач,pioneer,noun,B2
першокласний,prime,adjective,B2
петиція,petition,noun,B2
підкорювати,conquer,verb,B2
піп,priest,noun,B2
пірнути,dive,verb,B2
плавучий,floating,adjective,B2
поживний,nourishing,adjective,B2
пожовклий,yellowed,adjective,B2
показний,ostentatious,adjective,B2
покаяння,repentance,noun,B2
покрив,cover,noun,B2
поламати,to,verb,B2
поплисти,swim,verb,B2
порося,piglet,noun,B2
посвідчувати,certify,verb,B2
постава,posture,noun,B2
поставитися,to,verb,B2
поцупити,steal,verb,B2
презент,gift,noun,B2
прибиральниця,cleaner,noun,B2
признати,acknowledge,verb,B2
приймач,receiver,noun,B2
примирити,to,verb,B2
пристосувати,adapt,verb,B2
приятельський,friendly,adjective,B2
прогулюватися,stroll,verb,B2
проілюструвати,illustrate,verb,B2
професура,faculty,noun,B2
пучок,bun,noun,B2
пхати,to,verb,B2
рало,plough,noun,B2
резервація,tract,noun,B2
ресторанний,restaurant,adjective,B2
риска,hyphen,noun,B2
рів,moat,noun,B2
різьблення,sculpture,noun,B2
розважатися,enjoy,verb,B2
роздруківка,printout,noun,B2
розлука,separation,noun,B2
розлучитися,part,verb,B2
розмноження,reproduction,noun,B2
розпалити,enkindle,verb,B2
розтяжка,stretching,noun,B2
ряса,habit,noun,B2
рояль,grand,noun,B2
рутина,routine,noun,B2
самогон,moonshine,noun,B2
самозванець,impostor,noun,B2
самоконтроль,self-control,noun,B2
Сатурн,saturn,noun,B2
семантичний,of,adjective,B2
серцевина,core,noun,B2
символізм,symbolism,noun,B2
симфонія,symphony,noun,B2
синець,bruise,noun,B2
сирена,horn,noun,B2
сито,sieve,noun,B2
сівозміна,crop,noun,B2
сімсот,seven,numeral,B2
сіть,network,noun,B2
сковорода,skillet,noun,B2
скутер,scooter,noun,B2
слайд,slide,noun,B2
смертоносний,lethal,adjective,B2
сміти,dare,verb,B2
смітити,litter,verb,B2
смолоскип,torch,noun,B2
соломинка,straw,noun,B2
сонцестояння,solstice,noun,B2
сотий,hundredth,adjective,B2
співвідносити,correlate,verb,B2
спорядження,equipment,noun,B2
справжність,reality,noun,B2
стабілізатор,stabilizer,noun,B2
станиця,stanitsa,noun,B2
ствердити,state,verb,B2
стригти,shear,verb,B2
стрий,paternal,noun,B2
стриманість,restraint,noun,B2
струмінь,brook,noun,B2
сук,knot,noun,B2
сутінки,dusk,noun,B2
Таврія,taurica,noun,B2
телесеріал,series,noun,B2
тенісистка,tennis,noun,B2
термос,thermos,noun,B2
тлумач,interpreter,noun,B2
товстосум,moneybags,noun,B2
Торонто,toronto,noun,B2
тривіальний,trivial,adjective,B2
художньо,artistically,adverb,B2
туалетний,toilet,adjective,B2
тулуб,torso,noun,B2
туфля,shoe,noun,B2
тюркський,turkic,adjective,B2
убивця,killer,noun,B2
указати,point,verb,B2
уклін,bow,noun,B2
фальшивка,counterfeit,noun,B2
феєрверк,firework,noun,B2
фея,fairy,noun,B2
фотографічний,photographic,adjective,B2
ханство,khanate,noun,B2
хитрість,craft,noun,B2
хол,lobby,noun,B2
холера,cholera,noun,B2
хорватський,croatian,adjective,B2
хутро,fur,noun,B2
цвітіння,blossom,noun,B2
цироз,cirrhosis,noun,B2
чагарник,thicket,noun,B2
червоніти,color,verb,B2
чиновниця,officer,noun,B2
чотириста,four,numeral,B2
Шанхай,shanghai,noun,B2
шашка,sabre,noun,B2
шибка,windowpane,noun,B2
шинель,greatcoat,noun,B2
шкідництво,sabotage,noun,B2
шлак,slag,noun,B2
шовіністичний,chauvinistic,adjective,B2
шоколадний,chocolate,adjective,B2
шпаргалка,cheat,noun,B2
штурман,helm,noun,B2
щотижневий,weekly,adjective,B2
щука,pike,noun,B2
язичник,pagan,noun,B2
яловичина,beef,noun,B2
Айова,iowa,noun,B2
акація,acacia,noun,B2
актуалізація,making,noun,B2
акула,shark,noun,B2
алмаз,diamond,noun,B2
антикваріат,antique,noun,B2
антропологія,anthropology,noun,B2
Артур,arthur,noun,B2
Астана,astana,noun,B2
астма,asthma,noun,B2
ательє,workshop,noun,B2
бактеріологічний,bacteriological,adjective,B2
бард,bard,noun,B2
Бахчисарай,bakhchisaray,noun,B2
баян,bayan,noun,B2
безвихідний,inescapable,adjective,B2
бездоріжжя,impassable,noun,B2
безконечний,infinite,adjective,B2
безодня,abyss,noun,B2
безпомилково,errorlessly,adverb,B2
безрезультатний,unsuccessful,adjective,B2
безсоння,insomnia,noun,B2
безсоромний,brazen,adjective,B2
безсторонній,impartial,adjective,B2
Бердичів,berdichev,noun,B2
Бірма,myanmar,noun,B2
блазень,fool,noun,B2
божевільний,nut,noun,B2
бойовище,fight,noun,B2
бордель,brothel,noun,B2
босий,barefoot,adjective,B2
бронювання,reservation,noun,B2
буквар,primer,noun,B2
буржуа,bourgeois,noun,B2
ватра,fire,noun,B2
вдягати,clothe,verb,B2
Венера,venus,noun,B2
верста,kilometre,noun,B2
весло,oar,noun,B2
вибачати,excuse,verb,B2
винахідливий,clever,adjective,B2
винахідливість,inventiveness,noun,B2
винити,place,verb,B2
висміювати,ridicule,verb,B2
волокно,fibre,noun,B2
грязь,mud,noun,B2
витирати,wipe,verb,B2
вихваляти,to,verb,B2
вишка,tower,noun,B2
відвертати,daunt,verb,B2
відгалуження,crotch,noun,B2
відірваність,detachment,noun,B2
відмивати,launder,verb,B2
відповідник,equivalent,noun,B2
вірувати,to,verb,B2
віщати,broadcast,verb,B2
вовкун,werewolf,noun,B2
вододіл,watershed,noun,B2
волейбол,volleyball,noun,B2
впускати,down,verb,B2
втопити,drown,verb,B2
вуглевод,carbohydrate,noun,B2
гайка,nut,noun,B2
Ганді,surname,noun,B2
Гельсінкі,helsinki,noun,B2
геніальність,genius,noun,B2
Генуя,genoa,noun,B2
Гете,goethe,noun,B2
гідроелектростанція,short,noun,B2
гідрологічний,hydrological,adjective,B2
гіперінфляція,hyperinflation,noun,B2
гладити,caress,verb,B2
глиняний,clay,adjective,B2
Глухів,hlukhiv,noun,B2
гол,goal,noun,B2
голосовий,vocal,adjective,B2
гончарство,pottery,noun,B2
гороскоп,horoscope,noun,B2
граната,grenade,noun,B2
грішник,sinner,noun,B2
гуси,geese,noun,B2
Дарій,darius,noun,B2
двогодинний,two-hour,adjective,B2
двоїстий,double,adjective,B2
дев'ятнадцять,nineteen,numeral,B2
декриміналізація,decriminalization,noun,B2
демагог,demagogue,noun,B2
де-небудь,anywhere,adverb,B2
депортувати,deport,verb,B2
десантник,paratrooper,noun,B2
деспотизм,despotism,noun,B2
Джексон,jackson,noun,B2
дзвінкий,voiced,adjective,B2
дикість,wildness,noun,B2
догоджати,please,verb,B2
дозрівати,ripen,verb,B2
доміно,dominoes,noun,B2
достатність,sufficiency,noun,B2
дохристиянський,pre-christian,adjective,B2
дощовий,rainy,adjective,B2
дублікат,result,noun,B2
душити,throttle,verb,B2
екстреміст,extremist,noun,B2
епігенетичний,epigenetic,adjective,B2
епідеміологічний,epidemiological,adjective,B2
епізодичний,episodic,adjective,B2
живлення,verbal,noun,B2
жіночність,femaleness,noun,B2
жовток,yolk,noun,B2
забруднювальний,polluting,adjective,B2
завантажувати,download,verb,B2
завернути,wrap,verb,B2
завертати,roll,verb,B2
заковика,quagmire,noun,B2
запізнілий,late,adjective,B2
запчастина,spare,noun,B2
зачарувати,bewitch,verb,B2
зачиняти,close,verb,B2
землянка,dugout,noun,B2
згідний,agreeable,adjective,B2
зітхати,sigh,verb,B2
злидень,wretch,noun,B2
злість,wrath,noun,B2
зловмисник,malefactor,noun,B2
зневажливо,scornfully,adverb,B2
імунізація,process,noun,B2
інформатор,whistle-blower,noun,B2
ісландський,icelandic,adjective,B2
іудаїзм,judaism,noun,B2
калькулятор,calculator,noun,B2
капсула,capsule,noun,B2
караїм,member,noun,B2
карт-бланш,carte,noun,B2
каска,helmet,noun,B2
катівня,torture,noun,B2
кашель,cough,noun,B2
квартплата,rent,noun,B2
кидок,rush,noun,B2
кишковий,intestinal,adjective,B2
кість,bone,noun,B2
клапан,valve,noun,B2
кмітливий,cute,adjective,B2
кожух,sheepskin,noun,B2
компаньйон,partner,noun,B2
комуністка,person,noun,B2
консервант,preservative,noun,B2
конфіскувати,confiscate,verb,B2
конформізм,conformism,noun,B2
копач,digger,noun,B2
корінець,rootlet,noun,B2
коханка,lover,noun,B2
кочівник,nomad,noun,B2
кошеня,kitten,noun,B2
крайнощі,extremes,noun,B2
куций,dock-tailed,adjective,B2
лазити,climb,verb,B2
легковажний,carefree,adjective,B2
лиття,casting,noun,B2
лібрето,libretto,noun,B2
лінза,lens,noun,B2
лісівництво,forestry,noun,B2
лобода,saltbush,noun,B2
льодовий,icy,adjective,B2
незрівнянний,incomparable,adjective,B2
неприязнь,aversion,noun,B2
лякатися,feel,verb,A1
маг,magician,noun,B2
македонський,macedonian,adjective,B2
маневрувати,maneuver,verb,B2
Маргарет,margaret,noun,B2
маріонетковий,marionette,adjective,B2
мародер,marauder,noun,B2
Мар'яна,inflection,noun,B2
мастак,skilled,noun,B2
материк,continent,noun,B2
метелик,butterfly,noun,B2
Мехіко,mexico,noun,B2
мечеть,mosque,noun,B2
Миколаїв,mykolaiv,noun,B2
мило,soap,noun,B2
милосердний,merciful,adjective,B2
міжпарламентський,interparliamentary,adjective,B2
Монреаль,montreal,noun,B2
мочити,wet,verb,B2
мурашка,ant,noun,B2
навмання,at,adverb,B2
накладна,invoice,noun,B2
напам'ять,by,adverb,B2
направлятися,to,verb,B2
насторожений,alert,adjective,B2
настоятель,pastor,noun,B2
невіглас,ignoramus,noun,B2
невістка,daughter-in-law,noun,B2
немолодий,old,adjective,B2
необов'язковий,optional,adjective,B2
неповноцінний,defective,adjective,B2
нереалістичний,unrealistic,adjective,B2
нерегулярний,irregular,adjective,B2
нещасливий,unhappy,adjective,B2
нирка,kidney,noun,B2
нідерландський,dutch,adjective,B2
Нікарагуа,nicaragua,noun,B2
німецькомовний,germanophone,adjective,B2
оберегти,to,verb,B2
обіймання,hug,noun,B2
оглядини,inspection,noun,B2
одужати,recover,verb,B2
опудало,scarecrow,noun,B2
Пентагон,pentagon,noun,B2
приєднувати,annex,verb,B2
приємність,pleasure,noun,B2
прижиттєвий,occurring,adjective,B2
оптика,optics,noun,B2
оригінально,originally,adverb,B2
осколок,fragment,noun,B2
Павла,paula,noun,B2
пакувати,pack,verb,B2
паста,paste,noun,B2
певність,certainty,noun,B2
педалювати,to,verb,B2
педофіл,pedophile,noun,B2
пелюстка,petal,noun,B2
перевантажувати,overwhelm,verb,B2
перевтілення,reincarnation,noun,B2
передвоєнний,pre-war,adjective,B2
переміщуватися,to,verb,B2
переставляти,to,verb,B2
персоніфікація,personification,noun,B2
перукарня,barbershop,noun,B2
печиво,cookie,noun,B2
писар,scribe,noun,B2
півгодинний,half-hour,adjective,B2
північноамериканський,north,adjective,B2
півторарічний,one-and-a-half-year,adjective,B2
підпал,arson,noun,B2
пірнати,dive,verb,B2
плагіат,plagiarism,noun,B2
плаский,flat,adjective,B2
плащ,raincoat,noun,B2
побоїще,field,noun,B2
повинність,obligation,noun,B2
повід,rein,noun,B2
поводир,ringleader,noun,B2
погуляти,to,verb,B2
подихати,croak,verb,B2
покажчик,signpost,noun,B2
полагодити,fix,verb,B2
полонити,capture,verb,B2
помиритися,to,verb,B2
попередниця,predecessor,noun,B2
поранити,wound,verb,B2
португалець,portuguese,noun,B2
поряд,next,adverb,B2
порятувати,to,verb,B2
постмодернізм,postmodernism,noun,B2
поступливий,flexible,adjective,B2
потомок,descendant,noun,B2
прибулець,alien,noun,B2
пригноблений,oppressed,adjective,B2
приголомшений,stunned,adjective,B2
пробуджувати,awaken,verb,B2
пробудити,awaken,verb,B2
пролетар,proletarian,noun,B2
проникливий,perspicacious,adjective,B2
просунути,advance,verb,B2
протеже,prot,noun,B2
прут,stick,noun,B2
психіатр,psychiatrist,noun,B2
реабілітувати,rehabilitate,verb,B2
реваншизм,revanchism,noun,B2
Рівне,rivne,noun,B2
різнобарвний,motley,adjective,B2
Ровеньки,rovenky,noun,B2
родити,give,verb,A1
розбійник,robber,noun,B2
розділятися,separate,verb,B2
роздоріжжя,crossing,noun,B2
роз'єднати,to,verb,B2
розкладання,analysis,noun,B2
розкошувати,to,verb,B2
розміститися,to,verb,B2
розмітка,layout,noun,B2
розпущений,spoiled,adjective,B2
розростатися,burgeon,verb,B2
розходження,divergence,noun,B2
Романов,romanoff,noun,B2
романс,romance,noun,B2
ростити,grow,verb,B2
скажений,rabid,adjective,B2
рубль,ruble,noun,B2
русинський,of,adjective,B2
Самара,samara,noun,B2
самозабезпечення,self-reliance,noun,B2
самообмеження,self-limitation,noun,B2
сармат,sarmatian,noun,B2
сваха,matchmaker,noun,B2
світобудова,creation,noun,B2
симетричний,symmetrical,adjective,B2
синочок,sonny,noun,B2
синхронний,synchronous,adjective,B2
сідло,saddle,noun,B2
сітківка,retina,noun,B2
слати,send,verb,B2
снігопад,snowfall,noun,B2
соковитий,juicy,adjective,B2
сонний,sleepy,adjective,B2
спартанець,spartan,noun,B2
співорганізатор,coorganizer,noun,B2
сполучати,link,verb,B2
спортзал,gym,noun,B2
старик,old,noun,B2
ствердний,affirmative,adjective,B2
стелаж,rack,noun,B2
стерильний,sterile,adjective,B2
стилістичний,stylistic,adjective,B2
стильний,stylish,adjective,B2
стирати,erase,verb,B2
стиснути,squeeze,verb,B2
страхувати,belay,verb,B2
суборенда,sublease,noun,B2
твердість,resolution,noun,B2
тектонічний,tectonic,adjective,B2
тестувати,test,verb,B2
тижневий,weekly,adjective,B2
Тирасполь,tiraspol,noun,B2
ткач,weaver,noun,B2
топити,drown,verb,B2
трамплін,springboard,noun,B2
тридцятий,thirtieth,adjective,B2
трипілець,trypillian,noun,B2
тягтися,shamble,verb,B2
удень,by,adverb,B2
ужити,use,verb,A1
умерти,die,verb,B2
умисно,deliberately,adverb,B2
уніформа,uniform,noun,B2
упіймати,to,verb,B2
уповноважувати,authorize,verb,B2
учителька,teacher,noun,B2
фармакологічний,pharmacological,adjective,B2
фастівський,fastiv,adjective,B2
фільтрувати,filter,verb,B2
форт,fortified,noun,B2
фотознімок,picture,noun,B2
фундаменталізм,fundamentalism,noun,B2
характерник,warlock,noun,B2
хвилюючий,worrying,adjective,B2
хунта,junta,noun,B2
царівна,princess,noun,B2
цвісти,have,verb,A1
чаклун,warlock,noun,B2
чернетка,draft,noun,B2
чотириногий,four-legged,adjective,B2
шахи,chess,noun,B2
Шепетівка,shepetivka,noun,B2
шизофренія,schizophrenia,noun,B2
шкодити,damage,verb,B2
шлейф,train,noun,B2
шлюз,sluice,noun,B2
шовінізм,chauvinism,noun,B2
шрам,scar,noun,B2
штанга,barbell,noun,B2
щовечора,every,adverb,B2
яворівський,yavoriv,adjective,B2
язичництво,paganism,noun,B2
якір,anchor,noun,B2
абат,abbot,noun,B2
абсурдно,absurdly,adverb,B2
авіаконструктор,aircraft,noun,B2
автовласник,car,noun,A1
автохтонний,aboriginal,adjective,B2
автошкола,driving,noun,B2
Азов,azov,noun,B2
ангар,hangar,noun,B2
взаємопроникнення,interpenetration,noun,B2
альпінізм,mountaineering,noun,B2
альтруїст,altruist,noun,B2
Ангола,angola,noun,B2
Андріїв,andriy,adjective,B2
анексія,annexation,noun,B2
анклав,enclave,noun,B2
аномальний,anomalous,adjective,B2
анонімність,anonymity,noun,B2
антитіло,antibody,noun,B2
аплодисменти,applause,noun,B2
арифметика,arithmetic,noun,B2
атеїзм,atheism,noun,B2
атеїст,atheist,noun,B2
афаліна,bottlenose,noun,B2
багатозначний,ambiguous,adjective,B2
базікати,babble,verb,B2
баржа,barge,noun,B2
безвідсотковий,interest-free,adjective,B2
безуспішний,unsuccessful,adjective,B2
біль,ache,noun,B2
блондинка,female,noun,B2
бомбити,attack,verb,B2
Борисов,barysaw,noun,B2
босоніж,barefoot,adverb,B2
братерський,fraternal,adjective,B2
братися,undertake,verb,B2
Броніслав,inflection,noun,B2
бувалий,experienced,adjective,B2
бузина,elder,noun,B2
буксир,tugboat,noun,B2
бульба,potato,noun,B2
буран,blizzard,noun,B2
буржуй,bourgeois,noun,B2
важкодоступний,hard,adjective,B2
валити,topple,verb,B2
вальс,waltz,noun,B2
вапняк,limestone,noun,B2
ввічливий,polite,adjective,B2
вдертися,invade,verb,B2
вентилятор,fan,noun,B2
вивіз,the,noun,B2
вигадливий,inventive,adjective,B2
вимикати,disable,verb,B2
винищити,to,verb,B2
винороб,winemaker,noun,B2
випаруватися,evaporate,verb,B2
горець,highlander,noun,B2
губити,lose,verb,B2
вишня,cherry,noun,B2
відгомін,echo,noun,B2
відключати,disable,verb,B2
віднімати,subtract,verb,B2
відплата,retaliation,noun,B2
візир,viewfinder,noun,B2
вільнодумство,freethinking,noun,B2
вітальня,living,noun,B2
вітрильний,sailing,adjective,B2
вітчим,stepfather,noun,B2
водіння,driving,noun,B2
вольт,volt,noun,B2
ворушити,stir,verb,B2
вродливий,handsome,adjective,B2
всемогутній,almighty,adjective,B2
вудка,fishing,noun,B2
вулик,beehive,noun,B2
вульгарність,vulgarity,noun,B2
Гаврило,gabriel,noun,B2
газетяр,journalist,noun,B2
ґвалтівник,rapist,noun,B2
гетьманат,hetmanate,noun,B2
гігабайт,gigabyte,noun,B2
гідравлічний,related,adjective,B2
гільйотина,guillotine,noun,B2
гірлянда,garland,noun,B2
гніватися,to,verb,B2
гній,manure,noun,B2
голосний,loud,adjective,B2
горбатий,humped,adjective,B2
Гордій,gordias,noun,B2
грайливий,playful,adjective,B2
гризун,rodent,noun,B2
двоколісний,birotate,adjective,B2
десерт,dessert,noun,B2
диверсія,sabotage,noun,B2
Диканька,dykanka,noun,B2
диктант,dictation,noun,B2
діячка,doer,noun,B2
дністровський,dniester,adjective,B2
доблесть,valour,noun,B2
доброчесність,virtue,noun,B2
довгожданий,long-awaited,adjective,B2
допис,post,noun,B2
дописувати,post,verb,B2
достеменний,real,adjective,B2
дот,dot,noun,B2
дошкільня,preschooler,noun,B2
драматургічний,dramaturgic,adjective,B2
другосортний,second-class,adjective,B2
друкар,printer,noun,B2
друкарство,printing,noun,B2
Ейнштейн,albert,noun,B2
екскаватор,excavator,noun,B2
експонувати,to,verb,B2
Еллада,greece,noun,B2
емаль,enamel,noun,B2
епідеміолог,epidemiologist,noun,B2
ескалатор,escalator,noun,B2
єресь,heresy,noun,B2
жетон,coin,noun,B2
життєрадісний,buoyant,adjective,B2
жонглювати,juggle,verb,B2
жрець,priest,noun,B2
завеликий,too,adjective,B2
зав'язати,tie,verb,B2
зад,bum,noun,B2
заїкатися,stammer,verb,B2
залишення,desertion,noun,B2
заражати,to,verb,B2
заряджати,charge,verb,B2
засмучуватися,to,verb,B2
заспокоєння,pacification,noun,B2
застуда,cold,noun,B2
зачіпка,pretext,noun,B2
зблизька,up,adverb,B2
збуджувати,stimulate,verb,B2
зважувати,to,verb,B2
зворушити,touch,verb,B2
здригатися,shudder,verb,B2
Зімбабве,zimbabwe,noun,B2
зневажити,despise,verb,B2
зрозумілість,intelligibility,noun,B2
ідеалізація,idealization,noun,B2
ізоляціонізм,isolationism,noun,B2
ізраїльтянин,israelite,noun,B2
ірис,flag,noun,B2
істеричний,hysterical,adjective,B2
їх,theirs,pronoun,B2
казахстанський,kazakhstani,adjective,B2
калюжа,pool,noun,B2
кандидатка,candidate,noun,B2
капітулювати,surrender,verb,B2
карма,karma,noun,B2
картотека,filing,noun,B2
катання,driving,noun,B2
каченя,duckling,noun,B2
каштан,nut,noun,B2
кватирка,fortochka,noun,B2
Кеннеді,kennedy,noun,B2
кефір,kefir,noun,B2
кеш,cash,noun,B2
киргизький,of,adjective,B2
кишечник,intestine,noun,B2
кіпрський,cypriot,adjective,B2
клієнтура,clientele,noun,B2
ковзанка,ice,noun,B2
колба,flask,noun,B2
коляска,pram,noun,B2
конкурентоздатний,competitive,adjective,B2
конотопський,konotop,adjective,B2
контузія,concussion,noun,B2
корегувати,correct,verb,B2
коханий,dear,noun,B2
крейда,chalk,noun,B2
кровожерливий,bloodthirsty,adjective,B2
крокодил,crocodile,noun,B2
крутитися,spin,verb,B2
кутовий,angular,adjective,B2
ледар,lazybones,noun,B2
липневий,july,adjective,B2
лишати,give,verb,A1
Ліван,lebanon,noun,B2
лімузин,limousine,noun,B2
лінгвістика,linguistics,noun,B2
лов,catch,noun,B2
ложе,channel,noun,B2
Луцьк,lutsk,noun,B2
люлька,cradle,noun,B2
магнітофон,tape,noun,B2
мазохізм,masochism,noun,B2
Мальта,malta,noun,B2
маніяк,maniac,noun,B2
марганець,manganese,noun,B2
мармур,marble,noun,B2
марність,futility,noun,B2
Матвій,matthew,noun,B2
мачуха,stepmother,noun,B2
медпункт,infirmary,noun,B2
мембрана,membrane,noun,B2
мирський,secular,adjective,B2
міжміський,intercity,adjective,B2
мікроскопічний,microscopic,adjective,B2
міфологічний,mythological,adjective,B2
млинець,pancake,noun,B2
модифікувати,modify,verb,B2
молдаванин,moldovan,noun,B2
монгол,mongolian,noun,B2
морок,darkness,noun,B2
мотоцикл,motorcycle,noun,B2
набій,cartridge,noun,B2
набридати,tire,verb,B2
навіс,awning,noun,B2
навколоземний,circumterrestrial,adjective,B2
надпис,heading,noun,B2
наситити,saturate,verb,B2
натрій,sodium,noun,B2
нахил,slope,noun,B2
начинка,spoonbread,noun,B2
небосхил,horizon,noun,B2
неважливий,unimportant,adjective,B2
невідповідний,unsuitable,adjective,B2
невільник,slave,noun,B2
невмирущий,immortal,adjective,B2
недбалий,careless,adjective,B2
незапланований,unplanned,adjective,B2
неземний,extraterrestrial,adjective,B2
неплатоспроможний,insolvent,adjective,B2
непокоїтися,worry,verb,B2
непослідовний,inconsistent,adjective,B2
непримітний,imperceptible,adjective,B2
нерентабельний,unprofitable,adjective,B2
несхожість,dissimilarity,noun,B2
ниций,nefarious,adjective,B2
Ніцца,nice,noun,B2
Нововолинськ,novovolynsk,noun,B2
обабіч,on,adverb,B2
обіграти,to,verb,B2
обрізати,crop,verb,B2
обстрілювати,attack,verb,B2
овація,ovation,noun,B2
ознайомлюватися,to,verb,B2
прабабуся,great-grandmother,noun,B2
ом,ohm,noun,B2
оселедець,herring,noun,B2
осетер,sturgeon,noun,B2
охайний,neat,adjective,B2
оштрафувати,to,verb,B2
палій,pallium,noun,B2
палій,arsonist,noun,B2
пальчик,diminutive,noun,B2
пантеон,pantheon,noun,B2
папка,directory,noun,B2
парашут,parachute,noun,B2
педіатр,pediatrician,noun,B2
пелюшка,diaper,noun,B2
перебудовувати,restructure,verb,B2
Перемишль,przemy,noun,B2
пересадка,change,noun,B2
перехоплювати,snag,verb,B2
петля,noose,noun,B2
пиття,drinking,noun,B2
підзаголовок,subheading,noun,B2
підзаголовок,subtitle,noun,B2
підкладка,lining,noun,B2
підлий,vile,adjective,B2
підстанція,electrical,noun,B2
пітьма,murk,noun,B2
плавець,fin,noun,B2
плачевний,lamentable,adjective,B2
плутоній,plutonium,noun,B2
пляшечка,vial,noun,B2
поблажливий,indulgent,adjective,B2
повчання,the,noun,B2
подрібнення,comminution,noun,B2
подружити,make,verb,A1
поклін,bow,noun,B2
покровський,pokrovsk,adjective,B2
полімер,polymer,noun,B2
полуниця,strawberry,noun,B2
поміч,help,noun,B2
пониззя,lower,noun,B2
посильний,within,adjective,B2
поспати,sleep,verb,B2
посуха,drought,noun,B2
потішний,comical,adjective,B2
потойбічний,otherworldly,adjective,B2
похвальний,laudable,adjective,B2
похоронний,funereal,adjective,B2
Почаїв,pochaiv,noun,B2
по-шосте,sixthly,adverb,B2
презерватив,condom,noun,B2
прелюдія,prelude,noun,B2
прикрощі,annoyances,noun,B2
приректи,doom,verb,B2
прислухатися,to,verb,B2
присягнути,swear,verb,B2
прихватизація,privatization,noun,B2
прісний,sweet,adjective,B2
провидець,soothsayer,noun,B2
променевий,ray,adjective,B2
проповідник,preacher,noun,B2
протестантизм,protestantism,noun,B2
противитися,oppose,verb,B2
прямісінько,right,adverb,B2
психоаналіз,psychoanalysis,noun,B2
птиця,bird,noun,B2
пустир,wasteland,noun,B2
радіоприймач,radio,noun,B2
ракетка,racket,noun,B2
ревти,roar,verb,B2
резонувати,resonate,verb,B2
рекрутувати,recruit,verb,B2
ретельність,diligence,noun,B2
різьба,carving,noun,B2
розбестити,to,verb,B2
розбудувати,to,verb,B2
розвалюватися,fragment,verb,B2
роз'єднання,separation,noun,B2
розколювати,cleave,verb,B2
розпізнавальний,distinguishing,adjective,B2
розпродаж,sale,noun,B2
розшифровувати,decipher,verb,B2
роса,dew,noun,B2
слухачка,listener,noun,B2
рулон,that,noun,B2
рухливий,moving,adjective,B2
садист,sadist,noun,B2
Саксонія,saxony,noun,B2
Самбір,sambir,noun,B2
самоповага,self-esteem,noun,B2
самопроголошений,self-proclaimed,adjective,B2
сантехнік,plumber,noun,B2
Саратов,saratov,noun,B2
свіча,candle,noun,B2
секуляризація,secularization,noun,B2
селітра,saltpetre,noun,B2
серветка,tissue,noun,B2
синонімічний,synonymous,adjective,B2
сироватка,serum,noun,B2
склепіння,vault,noun,B2
скотарство,husbandry,noun,B2
смажити,fry,verb,B2
смердіти,stink,verb,B2
смерч,tornado,noun,B2
Смоленськ,smolensk,noun,B2
соус,sauce,noun,B2
спам,spam,noun,B2
спантеличити,to,verb,B2
специфічно,specifically,adverb,B2
спецодяг,overall,noun,B2
спокійнісінько,very,adverb,B2
спомин,memory,noun,B2
спорадичний,sporadic,adjective,B2
старець,starets,noun,B2
статура,posture,noun,B2
стела,stele,noun,B2
стержень,bar,noun,B2
стирчати,stick,verb,B2
стоматолог,dentist,noun,B2
страхіття,monster,noun,B2
ступор,stupor,noun,B2
судак,zander,noun,B2
суперзірка,superstar,noun,B2
тавтологія,tautology,noun,B2
тайм-аут,time-out,noun,B2
таліб,member,noun,B2
тезко,namesake,noun,B2
теологічний,theological,adjective,B2
тесть,father-in-law,noun,B2
Техас,texas,noun,B2
топ,top,noun,B2
торба,bag,noun,B2
травмувати,traumatize,verb,B2
традиціоналіст,traditionalist,noun,B2
трансформатор,transformer,noun,B2
трощити,shatter,verb,B2
худий,thin,adjective,B2
трясти,shake,verb,B2
тубілець,aboriginal,noun,B2
туди-сюди,hither,adverb,B2
тужити,yearn,verb,B2
тура,rook,noun,B2
тюльпан,tulip,noun,B2
тягати,drag,verb,B2
ув'язнити,imprison,verb,B2
Уганда,uganda,noun,B2
узурпатор,usurper,noun,B2
улаштування,arrangement,noun,B2
униз,from,adverb,B2
універмаг,department,noun,B2
уразити,offend,verb,B2
фантасмагоричний,phantasmagoric,adjective,B2
філантроп,philanthropist,noun,B2
халтура,moonlighting,noun,B2
херсонець,khersonite,noun,B2
хитатися,hesitate,verb,B2
хреститися,make,verb,A1
хромосома,chromosome,noun,B2
цап,goat,noun,B2
цемент,cement,noun,B2
цілина,tselina,noun,B2
цілуватися,kiss,verb,B2
цінник,price,noun,B2
цнотливий,chaste,adjective,B2
чад,smoke,noun,B2
черево,abdomen,noun,B2
честолюбство,ambition,noun,B2
чехословацький,czechoslovakian,adjective,B2
чоловічок,pupil,noun,B2
чудовисько,monster,noun,B2
шарм,allure,noun,B2
шасі,chassis,noun,B2
шахрайський,crooked,adjective,B2
шериф,sheriff,noun,B2
шпарина,slit,noun,B2
шприц,hypodermic,noun,B2
шуба,fur,noun,B2
юліанський,julian,adjective,B2
юнга,cabin,noun,B2
Ющенко,yushchenko,noun,B2
яєчний,egg,adjective,B2
Ярема,jeremiah,noun,B2
ясла,manger,noun,B2
абияк,carelessly,adverb,B2
абориген,aboriginal,noun,B2
абсолютизм,absolutism,noun,B2
авіалінія,airline,noun,B2
автоматизувати,automate,verb,B2
Адріан,adrian,noun,B2
американка,american,noun,B2
акомпанемент,accompaniment,noun,B2
акордеон,accordion,noun,B2
Аляска,alaska,noun,B2
аміак,ammonia,noun,B2
аргентинський,argentine,adjective,B2
архангел,archangel,noun,B2
архіпелаг,archipelago,noun,B2
багатообіцяючий,promising,adjective,B2
багатошаровий,multilayered,adjective,B2
балакучий,talkative,adjective,B2
балон,balloon,noun,B2
баран,ram,noun,B2
барселонський,barcelonian,adjective,B2
Бах,bach,noun,B2
безапеляційний,unappealable,adjective,B2
безвладдя,anarchy,noun,B2
безгрішний,sinless,adjective,B2
безладдя,disorder,noun,B2
безпринципний,unprincipled,adjective,B2
безумний,crazy,adjective,B2
безупинний,continuous,adjective,B2
бенефіс,benefit,noun,B2
бердянський,berdiansk,adjective,B2
бирка,label,noun,B2
біт,bit,noun,B2
боднар,cooper,noun,B2
боязнь,fear,noun,B2
браконьєрство,poaching,noun,B2
Братислава,bratislava,noun,B2
Будда,buddha,noun,B2
буддійський,buddhist,adjective,B2
бурштиновий,amber,adjective,B2
Вагнер,wagner,noun,B2
вареничок,dumpling,noun,B2
варяг,varangian,noun,B2
ввезти,import,verb,B2
венозний,venous,adjective,B2
верифікація,verification,noun,B2
виважено,deliberately,adverb,B2
видаляти,delete,verb,B2
викопати,get,verb,A1
викоренити,to,verb,B2
викрадати,kidnap,verb,B2
викреслювати,strike,verb,B2
вимерти,die,verb,B2
вимірювач,meter,noun,B2
виноград,grape,noun,B2
випікати,bake,verb,B2
виривати,get,verb,A1
виснажувати,spend,verb,B2
волохатий,hairy,adjective,B2
волхв,volkhv,noun,B2
ворона,crow,noun,B2
витерти,wipe,verb,B2
витікання,issue,noun,B2
витлумачити,interpret,verb,B2
вишуканість,elegance,noun,B2
відволікання,distraction,noun,B2
відгородити,fence,verb,B2
віддавна,long,adverb,B2
відеоматеріал,video,noun,B2
відлітати,to,verb,B2
відмежовуватися,to,verb,B2
відмежуватися,to,verb,B2
відмити,launder,verb,B2
відроджений,reborn,adjective,B2
відходи,waste,noun,B2
візитка,business,noun,B2
вікінг,viking,noun,B2
віленський,vilnian,adjective,B2
вісімнадцятий,eighteenth,adjective,B2
Вісла,vistula,noun,B2
вітряний,windy,adjective,B2
вкрити,cover,verb,B2
влада,government,noun,B2
вовчий,lupine,adjective,B2
вовчок,mole,noun,B2
врочистий,solemn,adjective,B2
вселюдський,panhuman,adjective,B2
гасіння,verbal,noun,B2
ґвалтувати,rape,verb,B2
Гватемала,guatemala,noun,B2
Гермес,greek,noun,B2
Геродот,herodotus,noun,B2
гетто,ghetto,noun,B2
гідра,hydra,noun,B2
гінеколог,gynaecologist,noun,B2
гінекологія,gynecology,noun,B2
глядіти,look,verb,A1
гносеологічний,gnoseological,adjective,B2
годівля,feeding,noun,B2
гойдалка,swing,noun,B2
голограма,hologram,noun,B2
гормональний,hormonal,adjective,B2
госпіталізація,hospitalization,noun,B2
григоріанський,gregorian,adjective,B2
гріб,grave,noun,B2
грошенята,money,noun,B2
Гуляйполе,huliaipole,noun,B2
гусак,goose,noun,B2
дармоїд,parasite,noun,B2
двозначність,ambiguity,noun,B2
дев'яносто,ninety,numeral,B2
деморалізувати,demoralize,verb,B2
Еквадор,ecuador,noun,B2
екваторіальний,equatorial,adjective,B2
деревний,arboreal,adjective,B2
Джозеф,joseph,noun,B2
Джонсон,johnson,noun,B2
дзиґа,spinning,noun,B2
дилер,dealer,noun,B2
директорка,director,noun,B2
дівка,maid,noun,B2
дієслово,verb,noun,B2
догматичний,dogmatic,adjective,B2
доісторичний,prehistoric,adjective,B2
домагання,harassment,noun,B2
допустимість,admissibility,noun,B2
дріжджі,yeast,noun,B2
дублер,stuntman,noun,B2
дурнуватий,daft,adjective,B2
дюжина,dozen,noun,B2
евакуюватися,to,verb,B2
еластичність,stretch,noun,B2
елегантно,elegantly,adverb,B2
електрон,electron,noun,B2
ембріональний,embryonic,adjective,B2
єретик,heretic,noun,B2
жадоба,avarice,noun,B2
жарко,hotly,adverb,B2
жахіття,horror,noun,B2
завдавання,infliction,noun,B2
завчасний,premature,adjective,B2
заздрісний,envious,adjective,B2
закладка,bookmark,noun,B2
замисел,design,noun,B2
Замостя,zamo,noun,B2
занепокоїтися,to,verb,B2
занурювати,duck,verb,B2
запальничка,lighter,noun,B2
заплутувати,obfuscate,verb,B2
заповідати,give,verb,A1
заповнитися,fill,verb,B2
заручений,betrothed,adjective,B2
застілля,feast,noun,B2
зачаровувати,fascinate,verb,B2
збентежений,perturbed,adjective,B2
кібернетичний,cybernetic,adjective,B2
здохнути,croak,verb,B2
змовник,plotter,noun,B2
ігумен,abbot,noun,B2
ізотоп,isotope,noun,B2
імпресіонізм,impressionism,noun,B2
індивідуаліст,individualist,noun,B2
індуїзм,hinduism,noun,B2
ініціація,initiation,noun,B2
інтенсифікувати,intensify,verb,B2
інфантильний,childish,adjective,B2
інфікований,infected,adjective,B2
іуда,judas,noun,B2
йогурт,yogurt,noun,B2
кабан,hog,noun,B2
каган,khan,noun,B2
кайдани,chain,noun,B2
Калуш,kalush,noun,B2
камінець,small,noun,A1
канцтовари,stationery,noun,B2
капот,hood,noun,B2
карась,crucian,noun,B2
кардіолог,cardiologist,noun,B2
касета,cassette,noun,B2
каторга,katorga,noun,B2
Каховка,kakhovka,noun,B2
килимок,rug,noun,B2
Клайпеда,klaip,noun,B2
кланятися,bow,verb,B2
клеймо,brand,noun,B2
клепка,stave,noun,B2
кліка,faction,noun,B2
когнітивний,cognitive,adjective,B2
козел,goat,noun,B2
колоніалізм,colonialism,noun,B2
кольчуга,mail,noun,B2
комік,comic,noun,B2
компас,compass,noun,B2
компонувати,compose,verb,B2
кондитер,confectioner,noun,B2
копнути,kick,verb,B2
користолюбство,self-interestedness,noun,B2
корівник,cowshed,noun,B2
котушка,bobbin,noun,B2
Кравченко,taylor,noun,B2
краєзнавство,local,noun,B2
краснуха,rubella,noun,B2
крем,cream,noun,B2
крива,curve,noun,B2
крижаний,icy,adjective,B2
кришка,cover,noun,B2
крохмаль,starch,noun,B2
кругозір,horizon,noun,B2
круча,precipice,noun,B2
ксерокс,photocopier,noun,B2
кумулятивний,cumulative,adjective,B2
купальник,swimsuit,noun,B2
курдський,of,adjective,B2
ладан,incense,noun,B2
лелека,stork,noun,B2
линути,to,verb,B2
линути,waft,verb,B2
лінгвіст,one,noun,A1
лічити,count,verb,B2
ломбард,lombard,noun,B2
Лукашенко,lukashenko,noun,B2
мілітаризація,militarization,noun,B2
мілітаризм,militarism,noun,B2
незнаний,unknown,adjective,B2
неслухняний,unruly,adjective,B2
несмак,tastelessness,noun,B2
людожер,cannibal,noun,B2
лях,pole,noun,B2
мавзолей,mausoleum,noun,B2
мадам,madam,noun,B2
макроекономіка,macroeconomics,noun,B2
максималізм,maximalism,noun,B2
Малоросія,little,noun,B2
маніфестант,demonstrator,noun,B2
марксист,marxist,noun,B2
мародерство,looting,noun,B2
матінка,mother,noun,A1
мереживо,lace,noun,B2
месіанство,messianism,noun,B2
металошукач,metal,noun,B2
Миргород,myrhorod,noun,B2
мізерність,poverty,noun,B2
міномет,mortar,noun,B2
містянин,townsman,noun,B2
множина,plural,noun,B2
мозоль,callus,noun,B2
молдованин,moldovan,noun,B2
молитися,pray,verb,B2
молоток,hammer,noun,B2
мостити,lay,verb,B2
мотузка,string,noun,B2
мстивий,vindictive,adjective,B2
мул,mule,noun,B2
мультикультурний,multicultural,adjective,B2
м'ясорубка,meatgrinder,noun,B2
навіювати,inspire,verb,B2
навіяти,inspire,verb,B2
нагромаджувати,accumulate,verb,B2
надприродний,supernatural,adjective,B2
наїстися,eat,verb,B2
наклейка,label,noun,B2
наливати,pour,verb,B2
насміхатися,ridicule,verb,B2
насмішка,mockery,noun,B2
націоналізувати,nationalize,verb,B2
неандерталець,neanderthal,noun,B2
Неаполь,naples,noun,B2
неборака,poor,noun,B2
неглибокий,shallow,adjective,B2
недійсність,invalidity,noun,B2
нежить,rhinitis,noun,B2
незакінчений,incomplete,adjective,B2
незнайомець,stranger,noun,B2
ненька,mum,noun,B2
непереконливий,unconvincing,adjective,B2
непоступливий,unyielding,adjective,B2
неприкритий,uncovered,adjective,B2
нерозв'язний,insoluble,adjective,B2
нескорений,unbowed,adjective,B2
нетерплячий,impatient,adjective,B2
неук,ignoramus,noun,B2
Нікополь,nikopol,noun,B2
номенклатурний,nomenclatural,adjective,B2
нормальність,normalcy,noun,B2
обдаровувати,to,verb,B2
облава,raid,noun,B2
облисіння,baldness,noun,B2
обнімати,hug,verb,B2
овочевий,vegetable,adjective,B2
однолітка,peer,noun,B2
однорічний,one-year-old,adjective,B2
ожиріння,obesity,noun,B2
озброїти,to,verb,B2
океанічний,oceanic,adjective,B2
океанський,oceanic,adjective,B2
перегрупування,regrouping,noun,B2
освідчення,proposal,noun,B2
освіжити,refresh,verb,B2
оснастити,to,verb,B2
острівний,insular,adjective,B2
отруювати,to,verb,B2
палестинець,inhabitant,noun,B2
пансіон,pension,noun,B2
папський,papal,adjective,B2
пацюк,rat,noun,B2
передзвонити,to,verb,B2
передозування,overdose,noun,B2
передплатити,subscribe,verb,B2
перемикати,toggle,verb,B2
переобирати,reelect,verb,B2
переписуватися,correspond,verb,B2
перешийок,isthmus,noun,B2
перстень,ring,noun,B2
першопроходець,pioneer,noun,B2
пилок,pollen,noun,B2
піаніно,upright,noun,B2
півник,iris,noun,B2
підземелля,cave,noun,B2
підкова,horseshoe,noun,B2
підкоряти,subjugate,verb,B2
підкріплювати,corroborate,verb,B2
підробити,fake,verb,B2
піхотинець,infantryman,noun,B2
плантація,plantation,noun,B2
пов'язка,bandage,noun,B2
пограниччя,borderland,noun,B2
пожива,prey,noun,B2
покращуватися,improve,verb,B2
помогти,help,verb,B2
пом'якшувати,palatalize,verb,B2
пообідати,to,verb,B2
поплічник,accomplice,noun,B2
попутник,fellow,noun,B2
пошесть,epidemic,noun,B2
поштар,mailman,noun,B2
появитися,to,verb,B2
працелюбність,industry,noun,B2
прес,device,noun,B2
привіз,verbal,noun,B2
пригнічення,oppression,noun,B2
прийменник,preposition,noun,B2
приказ,order,noun,B2
приладдя,hardware,noun,B2
пристань,dock,noun,B2
присуджувати,convict,verb,B2
пробачати,forgive,verb,B2
провіант,food,noun,A1
продавщиця,vendor,noun,B2
пропорційність,proportionality,noun,B2
проскура,prosphora,noun,B2
просо,millet,noun,B2
проступок,transgression,noun,B2
простягатися,extend,verb,B2
протитанковий,antitank,adjective,B2
процесор,microprocessor,noun,B2
прямолінійний,rectilinear,adjective,B2
пуд,pood,noun,B2
Пхеньян,pyongyang,noun,B2
п'ятдесятий,fiftieth,adjective,B2
расистський,racist,adjective,B2
рев,roar,noun,B2
резервуар,reservoir,noun,B2
рефрен,chorus,noun,B2
рівнодення,equinox,noun,B2
річечка,streamlet,noun,B2
розбещення,corruption,noun,B2
розвалитися,fragment,verb,B2
розводитися,divorce,verb,B2
розграбувати,plunder,verb,B2
роздільний,separate,adjective,B2
роздільний,separative,adjective,B2
роздягати,disrobe,verb,B2
розкаяння,repentance,noun,B2
розлити,spill,verb,B2
розпізнавати,recognize,verb,B2
розп'яття,crucifix,noun,B2
розрада,entertainment,noun,B2
розташувати,to,verb,B2
розтрощити,shatter,verb,B2
розчинитися,dissolve,verb,B2
рубін,ruby,noun,B2
руйнівник,destroyer,noun,B2
садівник,gardener,noun,B2
самоназва,endonym,noun,B2
самоусвідомлення,self-awareness,noun,B2
самурай,samurai,noun,B2
сатира,satire,noun,B2
сатиричний,satirical,adjective,B2
сватання,matchmaking,noun,B2
сверблячка,itch,noun,B2
свинцевий,leaden,adjective,B2
сивий,grey-haired,adjective,B2
Сиктивкар,syktyvkar,noun,B2
скарбничка,piggy,noun,B2
сковувати,shackle,verb,B2
смужка,band,noun,B2
сова,owl,noun,B2
солодко,sweetly,adverb,B2
співчутливий,empathetic,adjective,B2
спічрайтер,speechwriter,noun,B2
спланувати,to,verb,B2
сплячий,asleep,adjective,B2
сплячка,hibernation,noun,B2
спокушати,tempt,verb,B2
стегно,hip,noun,B2
стискати,squeeze,verb,B2
стогнати,to,verb,B2
стратити,execute,verb,B2
сумочка,purse,noun,B2
суперниця,adversary,noun,B2
східноукраїнський,eastern,adjective,B2
сяяти,shine,verb,B2
тавро,brand,noun,B2
таз,basin,noun,B2
тайфун,typhoon,noun,B2
Тальне,talne,noun,B2
Танзанія,tanzania,noun,B2
тачка,wheelbarrow,noun,B2
телеграф,telegraph,noun,B2
тенісист,tennis,noun,B2
термінатор,terminator,noun,B2
тин,fence,noun,B2
ткацтво,weaving,noun,B2
томат,tomato,noun,B2
Торез,chystiakove,noun,B2
травинка,blade,noun,B2
травлення,digestion,noun,B2
тромбоз,thrombosis,noun,B2
труїти,to,verb,B2
трюм,hold,noun,B2
Туркменістан,turkmenistan,noun,B2
туш,ink,noun,B2
убір,array,noun,B2
Уж,uzh,noun,B2
уживаний,used,adjective,B2
узаконювати,legitimize,verb,B2
українофіл,ukrainophile,noun,B2
ураган,hurricane,noun,B2
уражати,offend,verb,B2
урбанізація,urbanization,noun,B2
урізноманітнення,diversification,noun,B2
урізноманітнити,diversify,verb,B2
Уфа,ufa,noun,B2
ущелина,ravine,noun,B2
фармацевтика,pharmacy,noun,B2
фехтування,fencing,noun,B2
фізіолог,physiologist,noun,B2
флігель,wing,noun,B2
Флорида,florida,noun,B2
формалізм,formalism,noun,B2
фосфор,phosphorus,noun,B2
фотокамера,still,noun,B2
фотосинтез,photosynthesis,noun,B2
фрустрація,frustration,noun,B2
хвала,glory,noun,B2
хвилинка,moment,noun,B2
хвороботворний,pathogenic,adjective,B2
хлор,chlorine,noun,B2
хорват,croatian,noun,B2
хрестоматія,reader,noun,B2
циклон,cyclone,noun,B2
цистерна,cistern,noun,B2
цитадель,citadel,noun,B2
цнотливість,virtue,noun,B2
чавунний,cast-iron,adjective,B2
чайний,tea,adjective,B2
Червоноград,chervonohrad,noun,B2
чернь,niello,noun,B2
чорнило,ink,noun,B2
чудесний,great,adjective,B2
шаль,shawl,noun,B2
шарф,scarf,noun,B2
Шевченко,shevchenko,noun,B2
шестимісячний,six-month,adjective,B2
шибениця,gallows,noun,B2
шліфувати,grind,verb,B2
шотландський,scottish,adjective,B2
шпагат,twine,noun,B2
щокварталу,each,adverb,B2
щорік,yearly,adverb,B2
Юлій,julius,noun,B2
явлення,phenomenon,noun,B2
яловий,barren,adjective,B2
Ямал,yamal,noun,B2
янтарний,amber,adjective,B2
ячмінь,stye,noun,B2
абонемент,subscription,noun,B2
авіабаза,airbase,noun,B2
авіабомба,aircraft,noun,B2
авіадвигун,aircraft,noun,B2
автоматизм,automatism,noun,B2
автопортрет,self-portrait,noun,B2
автострада,highway,noun,B2
адмініструвати,administer,verb,B2
аероплан,airplane,noun,B2
аквапарк,aquapark,noun,B2
брити,shave,verb,B2
акушерство,obstetrics,noun,B2
алегоричний,allegorical,adjective,B2
алегорія,allegory,noun,B2
Алупка,alupka,noun,B2
альтанка,gazebo,noun,B2
амбасада,embassy,noun,B2
амбразура,embrasure,noun,B2
амуніція,ammunition,noun,B2
антидепресант,antidepressant,noun,B2
апартеїд,apartheid,noun,B2
апатичний,apathetic,adjective,B2
артрит,arthritis,noun,B2
аташе,attach,noun,B2
аутизм,autism,noun,B2
афінський,athenian,adjective,B2
Ашгабат,ashgabat,noun,B2
багатогодинний,multihour,adjective,B2
багатомовний,polyglot,adjective,B2
Багдад,baghdad,noun,B2
Балта,balta,noun,B2
банк,bank,noun,B2
банкнота,banknote,noun,B2
барс,snow,noun,B2
батарейка,battery,noun,B2
безвідповідально,irresponsibly,adverb,B2
безоглядний,reckless,adjective,B2
безпілотний,unmanned,adjective,B2
безсовісний,conscienceless,adjective,B2
безумство,madness,noun,B2
белетристика,fiction,noun,B2
бензол,benzene,noun,B2
биття,beating,noun,B2
бич,whip,noun,B2
біднота,poverty,noun,B2
бідувати,to,verb,B2
бійня,abattoir,noun,B2
білити,whiten,verb,B2
більмо,leucoma,noun,B2
благоденство,well-being,noun,B2
благотворний,beneficial,adjective,B2
блюз,blues,noun,B2
болт,quarrel,noun,B2
бомбардувати,attack,verb,B2
боснійський,bosnian,adjective,B2
боярин,boyar,noun,B2
братик,endearing,noun,B2
Брест,brest,noun,B2
бридкий,nasty,adjective,B2
бурса,bursa,noun,B2
вампір,vampire,noun,B2
варення,cooking,noun,B2
варення,jam,noun,B2
вбиральня,toilet,noun,B2
вбік,aside,adverb,B2
вдихати,inhale,verb,B2
вдосвіта,at,adverb,B2
везіння,happiness,noun,B2
вербування,enlistment,noun,B2
вертати,return,verb,B2
вибрик,prank,noun,B2
вигідність,comfort,noun,B2
вигризати,to,verb,B2
викладачка,teacher,noun,B2
вироджуватися,degenerate,verb,B2
висилка,deportation,noun,B2
гуморист,comedian,noun,B2
гуркіт,rumble,noun,B2
вистрелити,shoot,verb,B2
витривалий,enduring,adjective,B2
вихваляння,glorification,noun,B2
вичерпання,exhaustion,noun,B2
вичерпувати,exhaust,verb,B2
Вишгород,vyshhorod,noun,B2
вишивання,embroidery,noun,B2
віддалення,distance,noun,B2
віддаль,distance,noun,B2
вільність,freedom,noun,B2
Вільно,vilnius,noun,B2
віночок,corolla,noun,B2
Вірджинія,virginia,noun,B2
віск,wax,noun,B2
віслюк,donkey,noun,B2
віщун,soothsayer,noun,B2
в'їзний,used,adjective,B2
Вкраїна,ukraine,noun,B2
влучати,hit,verb,B2
Вроцлав,wroclaw,noun,B2
втішити,console,verb,B2
вузько,narrowly,adverb,B2
гаванський,harbour,adjective,B2
гаванський,havanan,adjective,B2
гамір,coil,noun,B2
Ганновер,hanover,noun,B2
ґвалт,violence,noun,B2
гвинт,screw,noun,B2
гвинтокрил,gyrodyne,noun,B2
геноцидний,genocidal,adjective,B2
геройський,heroic,adjective,B2
гидота,abomination,noun,B2
гінекологічний,gynecological,adjective,B2
гіперактивний,hyperactive,adjective,B2
Гіппократ,hippocrates,noun,B2
гнобити,oppress,verb,B2
говірка,subdialect,noun,B2
годувальниця,nurse,noun,B2
голівка,glans,noun,B2
голубити,caress,verb,B2
гольф,golf,noun,B2
Гомер,homer,noun,B2
Гондурас,honduras,noun,B2
гонор,pride,noun,B2
гостинець,gift,noun,B2
государ,sovereign,noun,B2
гравій,gravel,noun,B2
гравітаційний,gravitational,adjective,B2
графиня,countess,noun,B2
гребінь,comb,noun,B2
гроза,thunderstorm,noun,B2
гурман,gourmand,noun,B2
данський,danish,adjective,B2
дворівневий,two-level,adjective,B2
делікатес,delicacy,noun,B2
демонізувати,demonize,verb,B2
дискваліфікація,disqualification,noun,B2
дискета,floppy,noun,B2
екзекуція,execution,noun,B2
екзистенціальний,existential,adjective,B2
Ефіопія,ethiopia,noun,B2
заселити,populate,verb,B2
засинати,fall,verb,B2
дендропарк,arboretum,noun,B2
деспот,despot,noun,B2
дистрибуція,distribution,noun,B2
дифірамб,dithyramb,noun,B2
дичина,game,noun,B2
дівчисько,girl,noun,A1
довід,argument,noun,B2
додатний,positive,adjective,B2
допитати,interrogate,verb,B2
допотопний,antediluvian,adjective,B2
дофін,dauphin,noun,B2
дрозофіла,fruit,noun,B2
дряпати,scratch,verb,B2
Дублін,dublin,noun,B2
духівник,cleric,noun,B2
Единбург,edinburgh,noun,B2
елегантність,elegance,noun,B2
електротехнік,electrician,noun,B2
Емілія,emily,noun,B2
есмінець,destroyer,noun,B2
етимологія,etymology,noun,B2
етнічно,ethnically,adverb,B2
єврейство,jewry,noun,B2
жандарм,member,noun,B2
жезл,sceptre,noun,B2
жовнір,soldier,noun,B2
журавель,crane,noun,B2
журі,jury,noun,B2
заарештовувати,arrest,verb,B2
забронювати,book,verb,A1
завважувати,alternative,verb,B2
задокументувати,to,verb,B2
закордоння,foreign,noun,B2
залп,salvo,noun,B2
залюблений,amorous,adjective,B2
Замбія,zambia,noun,B2
замет,snowdrift,noun,B2
занепокоєність,solicitude,noun,B2
заповзятливий,enterprising,adjective,B2
заподіяти,to,verb,B2
заразити,to,verb,B2
зародковий,embryonic,adjective,B2
заручниця,hostage,noun,B2
засміятися,to,verb,B2
застрахувати,insure,verb,B2
затаврувати,brand,verb,B2
затискати,clutch,verb,B2
затопити,cause,verb,B2
зачаття,conception,noun,B2
збирач,collector,noun,B2
збудити,stimulate,verb,B2
зґвалтувати,rape,verb,B2
здравниця,sanatorium,noun,B2
зловмисний,malevolent,adjective,B2
зодчество,architecture,noun,B2
зомбі,zombie,noun,B2
зубець,cog,noun,B2
ідеалізувати,idealize,verb,B2
ідилічний,idyllic,adjective,B2
ілюмінатор,porthole,noun,B2
імперіаліст,imperialist,noun,B2
імпотенція,impotence,noun,B2
індивідуалізація,individualization,noun,B2
індіанський,indian,adjective,B2
інспектувати,inspect,verb,B2
інстинктивний,instinctive,adjective,B2
іншомовний,foreign-language,adjective,B2
іудей,jew,noun,B2
іудейський,jewish,adjective,B2
їстівний,edible,adjective,B2
Йордан,jordan,noun,B2
кажан,bat,noun,B2
казуїстика,casuistry,noun,B2
кактус,cactus,noun,B2
калач,kalach,noun,B2
камбала,flatfish,noun,B2
камертон,tuning,noun,B2
капелан,chaplain,noun,B2
кардіологія,cardiology,noun,B2
Карелія,karelia,noun,B2
карлик,dwarf,noun,B2
карликовий,dwarfish,adjective,B2
карниз,eaves,noun,B2
картопляний,potato,adjective,B2
касир,teller,noun,B2
катакомба,catacomb,noun,B2
каучук,caoutchouc,noun,B2
квітник,flower,noun,B2
кинджал,dagger,noun,B2
кирилиця,cyrillic,noun,B2
кислий,acid,adjective,B2
кислотний,acidic,adjective,B2
кисть,hand,noun,B2
кіло,short,noun,B2
кілобайт,kilobyte,noun,B2
кількагодинний,multihour,adjective,B2
Кім,kim,noun,B2
кінооператор,cameraman,noun,B2
клієнтський,client,adjective,B2
книголюб,bookworm,noun,B2
ковбаска,sausage,noun,B2
ковзати,slide,verb,B2
коліщатко,trundle,noun,B2
коломийка,kolomyika,noun,B2
комора,granary,noun,B2
компакт-диск,compact,noun,B2
комфортабельний,comfortable,adjective,B2
кондиціонер,air,noun,B2
конкурентка,rival,noun,B2
контрпродуктивний,counterproductive,adjective,B2
кореляція,correlation,noun,B2
корівка,cow,noun,B2
кормити,feed,verb,B2
коротенький,short,adjective,B2
короткозорість,nearsightedness,noun,B2
крамольний,seditious,adjective,B2
крапелька,droplet,noun,B2
кривдити,offend,verb,B2
крига,floe,noun,B2
кристал,crystal,noun,B2
крихкий,fragile,adjective,B2
кришталь,crystal,noun,B2
кросівка,trainer,noun,B2
кубинський,cuban,adjective,B2
курець,smoker,noun,B2
курінь,bower,noun,B2
курка,chicken,noun,B2
куркуль,kulak,noun,B2
курочка,endearing,noun,B2
кусень,fragment,noun,B2
кухоль,stein,noun,B2
лазарет,lazaretto,noun,B2
лак,varnish,noun,B2
Лаос,laos,noun,B2
лапки,quote,noun,B2
Лейпциг,leipzig,noun,B2
Лисичанськ,lysychansk,noun,B2
лісничий,forester,noun,B2
лобі,group,noun,B2
льодовик,glacier,noun,B2
непритомний,unconscious,adjective,B2
любительський,amateurish,adjective,B2
магнетизм,magnetism,noun,B2
маклер,broker,noun,B2
макуха,oil,noun,B2
малесенький,small,adjective,A1
маляр,artist,noun,B2
малярія,malaria,noun,B2
манекен,mannequin,noun,B2
марево,ghost,noun,B2
марення,daydream,noun,B2
маркіз,marquess,noun,B2
маркувати,put,verb,B2
марнославство,vanity,noun,B2
мафіозі,mafioso,noun,B2
меридіан,meridian,noun,B2
меса,mass,noun,B2
метафізика,metaphysics,noun,B2
миша,mouse,noun,B2
мігрень,migraine,noun,B2
мікросхема,microchip,noun,B2
міль,moth,noun,B2
мітохондрія,mitochondrion,noun,B2
Мічиган,michigan,noun,B2
мобільник,mobile,noun,B2
могильник,gravedigger,noun,B2
модернізм,modernism,noun,B2
Мозамбік,mozambique,noun,B2
Молдавія,moldova,noun,B2
молоденький,small,adjective,A1
монетизація,monetization,noun,B2
мореплавство,navigation,noun,B2
морква,carrot,noun,B2
Моршин,morshyn,noun,B2
мощі,relic,noun,B2
мрець,corpse,noun,B2
наввипередки,racing,adverb,B2
навіжений,deranged,adjective,B2
нагрівання,verbal,noun,B2
нагрянути,to,verb,B2
надівати,put,verb,B2
надіятися,hope,verb,B2
надолужити,to,verb,B2
надування,inflation,noun,B2
наживка,bait,noun,B2
наповнитися,fill,verb,B2
напоготові,ready,adverb,B2
народознавство,ethnology,noun,B2
насильний,violent,adjective,B2
настінний,wall,adjective,B2
натрапляти,come,verb,A1
нахабність,insolence,noun,B2
нахилити,to,verb,B2
невимовний,ineffable,adjective,B2
невинність,innocence,noun,B2
неврівноважений,unbalanced,adjective,B2
недопустимість,inadmissibility,noun,B2
недостача,lack,noun,B2
неонацист,neo-nazi,noun,B2
неосвіченість,uneducatedness,noun,B2
неперевірений,unchecked,adjective,B2
неперервний,uninterrupted,adjective,B2
непостійний,fickle,adjective,B2
нетверезий,drunk,adjective,B2
нечестивий,profane,adjective,B2
нешкідливий,innocuous,adjective,B2
нікудишній,good-for-nothing,adjective,B2
Новоросійськ,novorossiysk,noun,B2
обивательський,common,adjective,B2
обідати,to,verb,B2
обновити,renew,verb,B2
обстежити,examine,verb,B2
однокурсник,coursemate,noun,B2
опціон,option,noun,B2
реферат,review,noun,B2
оливковий,olive,adjective,B2
онтологічний,ontological,adjective,B2
опалювати,heat,verb,B2
оплот,stronghold,noun,B2
оса,wasp,noun,B2
остерігатися,shun,verb,B2
охолоджуватися,cool,verb,B2
панікувати,to,verb,B2
папірус,papyrus,noun,B2
паротяг,steam,noun,B2
парус,sail,noun,B2
пасіка,apiary,noun,B2
пастор,pastor,noun,B2
педофілія,pedophilia,noun,B2
пекарня,bakery,noun,B2
передпокій,vestibule,noun,B2
передсмертний,dying,adjective,B2
перекладачка,translator,noun,B2
перемкнути,toggle,verb,B2
перехреститися,make,verb,A1
періодизація,periodization,noun,B2
печать,seal,noun,B2
пиха,pride,noun,B2
південноафриканський,south,adjective,B2
південнокорейський,south,adjective,B2
півонія,peony,noun,B2
півфінал,semifinal,noun,B2
підбадьорювати,encourage,verb,B2
піддана,subject,noun,B2
підмайстер,apprentice,noun,B2
підніжок,plinth,noun,B2
підробіток,moonlighting,noun,B2
підставка,stand,noun,B2
підсудна,defendant,noun,B2
піл,bunk,noun,B2
пішак,pawn,noun,B2
плавний,smooth,adjective,B2
плавний,buoyant,adjective,B2
плазун,reptile,noun,B2
пластмасовий,made,adjective,B2
плацебо,placebo,noun,B2
плинути,to,verb,B2
плінтус,skirting,noun,B2
плуг,plough,noun,B2
повільність,slowness,noun,B2
погоня,pursuit,noun,B2
погріб,vault,noun,B2
Познань,poznan,noun,B2
поклонятися,worship,verb,B2
покроковий,piecemeal,adjective,B2
поломка,failure,noun,B2
помагати,help,verb,B2
помолитися,pray,verb,B2
помпа,pump,noun,B2
поневолювач,oppressor,noun,B2
понеділковий,monday,adjective,B2
попереджувати,caution,verb,B2
пороти,to,verb,B2
поручень,handrail,noun,B2
поручитель,sponsor,noun,B2
поселенець,settler,noun,B2
посміховисько,laughing,noun,B2
правоздатність,capacity,noun,B2
практичність,practicality,noun,B2
пральня,laundry,noun,B2
працевлаштувати,employ,verb,B2
працелюбний,hard-working,adjective,B2
предтеча,precursor,noun,B2
приборкувати,harness,verb,B2
примор'я,seaside,noun,B2
приставка,console,noun,B2
приязний,friendly,adjective,B2
приятелька,friend,noun,A1
програмувати,code,verb,B2
прокладка,menstrual,noun,B2
прокремлівський,pro-kremlin,adjective,B2
промоутер,promoter,noun,B2
протез,prosthesis,noun,B2
протигаз,gas,noun,B2
протиповітряний,anti-aircraft,adjective,B2
прудкий,fast,adjective,B2
пуповина,umbilical,noun,B2
п'ятсот,five,numeral,B2
работоргівля,slave,noun,B2
рапс,colza,noun,B2
реакційний,reactionary,adjective,B2
регіт,laugh,noun,B2
регулювальник,regulator,noun,B2
реінтеграція,reintegration,noun,B2
реліз,release,noun,B2
рея,yard,noun,B2
рибалити,intransitive,verb,B2
ринг,ring,noun,B2
роботящий,hardworking,adjective,B2
розбурхувати,to,verb,B2
розгалуження,ramification,noun,B2
роздріб,retail,noun,B2
розіграш,prank,noun,B2
розміщати,situate,verb,B2
розпродавати,sell,verb,B2
розсміятися,to,verb,B2
розтанути,thaw,verb,B2
розфарбовувати,give,verb,A1
роковий,annual,adjective,B2
ромашка,camomile,noun,B2
служниця,servant,noun,B2
слуховий,aural,adjective,B2
рочок,year,noun,A1
русич,rusyn,noun,B2
саламандра,salamander,noun,B2
Салоніки,thessaloniki,noun,B2
самбірський,sambir,adjective,B2
самовідданість,selflessness,noun,B2
самовпевнений,presumptuous,adjective,B2
самовпевненість,confidence,noun,B2
самодержавний,autocratic,adjective,B2
самозакоханий,narcissistic,adjective,B2
сапер,sapper,noun,B2
сапсан,kestrel,noun,B2
свинка,mumps,noun,B2
світлиця,room,noun,A1
селянка,villager,noun,B2
симетрія,symmetry,noun,B2
Сілезія,silesia,noun,B2
сімферопольський,simferopol,adjective,B2
скалка,splinter,noun,B2
складка,crease,noun,B2
слина,spit,noun,B2
смикати,yank,verb,B2
смокінг,tuxedo,noun,B2
смугастий,striped,adjective,B2
Соломон,solomon,noun,B2
Сомалі,somalia,noun,B2
соцреалізм,socialist,noun,B2
спадкоємиця,heir,noun,B2
співрозмовниця,interlocutor,noun,B2
спізнюватися,be,verb,A1
спокусливий,seductive,adjective,B2
спрага,thirst,noun,B2
спустошити,devastate,verb,B2
старіший,senior,adjective,B2
стежина,trail,noun,B2
стисло,briefly,adverb,B2
столяр,joiner,noun,B2
схвилювати,thrill,verb,B2
сюїта,suite,noun,B2
сяючий,radiant,adjective,B2
тайм,half-time,noun,B2
тарган,cockroach,noun,B2
тевтонський,teutonic,adjective,B2
тека,folder,noun,B2
тероризувати,terrorize,verb,B2
терплячість,patience,noun,B2
тир,shooting,noun,B2
тля,aphid,noun,B2
токсикологічний,toxicological,adjective,B2
топовий,top,adjective,B2
топографічний,topographic,adjective,B2
травити,digest,verb,B2
трав'яний,grass,adjective,B2
транскрипція,transcription,noun,B2
труси,pants,noun,B2
Фелікс,felix,noun,B2
худнути,lose,verb,B2
тулитися,lean,verb,B2
удосвіта,at,adverb,B2
узвишшя,highland,noun,B2
укріплювати,secure,verb,B2
укус,bite,noun,B2
упокій,departure,noun,B2
уроджений,born,adjective,B2
устигати,make,verb,A1
утриманець,dependent,noun,B2
утроба,womb,noun,B2
утруднювати,to,verb,B2
фанатизм,fanaticism,noun,B2
фанатичний,fanatical,adjective,B2
фанфара,flourish,noun,B2
фіга,fig,noun,B2
Фома,thomas,noun,B2
Франкфурт,frankfurt-am-main,noun,B2
француженка,frenchwoman,noun,B2
фруктовий,fruit,adjective,B2
фураж,fodder,noun,B2
фут,foot,noun,B2
хвіртка,wicket,noun,B2
хвостик,ogonek,noun,B2
хибно,awry,adverb,B2
хна,henna,noun,B2
холуй,lackey,noun,B2
царювання,hegemony,noun,B2
централізувати,centralize,verb,B2
циліндр,cylinder,noun,B2
частування,treat,noun,B2
чати,watch,noun,B2
чвертьфінал,quarterfinal,noun,B2
чекання,waiting,noun,B2
червневий,june,adjective,B2
черниця,nun,noun,B2
чилійський,chilean,adjective,B2
чорногорець,montenegrin,noun,B2
чотиригодинний,four-hour,adjective,B2
шампунь,shampoo,noun,B2
шатро,tent,noun,B2
шафка,locker,noun,B2
шашлик,shashlik,noun,B2
швабра,mop,noun,B2
шейх,sheik,noun,B2
школярка,schoolgirl,noun,B2
шланг,hose,noun,B2
шпага,epee,noun,B2
штурвал,wheel,noun,B2
шумний,loud,adjective,B2
щелепа,bone,noun,B2
щогла,mast,noun,B2
Ямайка,jamaica,noun,B2
Ярослава,inflection,noun,B2
Ярославль,yaroslavl,noun,B2
авгіїв,augean,adjective,B2
авіатехніка,aerotechnics,noun,B2
авіатор,pilot,noun,B2
автовокзал,bus,noun,B2
автократ,autocrat,noun,B2
автократичний,autocratic,adjective,B2
адміралтейство,admiralty,noun,B2
адюльтер,adultery,noun,B2
ад'ютант,aide,noun,B2
аерозоль,aerosol,noun,B2
ажурний,openwork,adjective,B2
бритва,razor,noun,B2
амортизатор,shock,noun,B2
амстердамський,amsterdam,adjective,B2
амфібія,amphibian,noun,B2
анестезія,anesthesia,noun,B2
антиурядовий,antigovernment,adjective,B2
античність,antiquity,noun,B2
антрополог,anthropologist,noun,B2
арієць,aryan,noun,B2
асиметричний,asymmetric,adjective,B2
асиметрія,asymmetry,noun,B2
асинхронний,asynchronous,adjective,B2
астрологія,astrology,noun,B2
афроамериканець,african-american,noun,B2
бавовна,cotton,noun,B2
багатокілометровий,multikilometer,adjective,B2
багно,mud,noun,B2
бадмінтон,badminton,noun,B2
бальзам,ointment,noun,B2
банкомат,atm,noun,B2
батрак,cotter,noun,B2
бацила,bacillus,noun,B2
безграмотність,illiteracy,noun,B2
безжалісний,ruthless,adjective,B2
беззбройний,unarmed,adjective,B2
безкрайній,boundless,adjective,B2
безпардонний,unceremonious,adjective,B2
безперебійно,uninterruptedly,adverb,B2
безпечно,safely,adverb,B2
безпомилковий,infallible,adjective,B2
безпомічний,helpless,adjective,B2
безсонний,sleepless,adjective,B2
безтурботність,unconcern,noun,B2
бейсбол,baseball,noun,B2
бел,bel,noun,B2
Бенілюкс,benelux,noun,B2
Бетховен,beethoven,noun,B2
білль,bill,noun,B2
Білосніжка,character,noun,B2
білосніжний,snow-white,adjective,B2
бінокль,binoculars,noun,B2
біохімія,biochemistry,noun,B2
благочестивий,pious,adjective,B2
блискітка,sequin,noun,B2
блищати,shine,verb,B2
блоха,flea,noun,B2
блузка,blouse,noun,B2
божевільня,bedlam,noun,B2
божественність,divinity,noun,B2
Болівія,bolivia,noun,B2
бомбування,bombing,noun,B2
бровар,brewery,noun,B2
бронетанковий,armored,adjective,B2
бронхіт,bronchitis,noun,B2
брюнетка,female,noun,B2
будування,construction,noun,B2
бузковий,lilac,adjective,B2
бук,beech,noun,B2
бунтар,insurgent,noun,B2
бунтівник,insurgent,noun,B2
бутерброд,sandwich,noun,B2
вапно,lime,noun,B2
ваучер,coupon,noun,B2
ввічливість,politeness,noun,B2
вгорі,upstairs,adverb,B2
вдих,inhalation,noun,B2
вегетаріанський,relating,adjective,B2
велосипедист,cyclist,noun,B2
вельмишановний,dear,adjective,B2
верблюд,camel,noun,B2
вереск,yell,noun,B2
веснянка,freckle,noun,B2
ветеринар,veterinarian,noun,B2
вечеряти,dine,verb,B2
виверження,eruption,noun,B2
вигнанець,exile,noun,B2
вимальовувати,to,verb,B2
вимирати,die,verb,B2
винність,guilt,noun,B2
випаровуватися,evaporate,verb,B2
випічка,pastry,noun,B2
вирахування,credit,noun,B2
височина,height,noun,B2
волосина,hair,noun,B2
вистрілити,shoot,verb,B2
вищість,supremacy,noun,B2
відеофільм,video,noun,B2
відказати,bequeath,verb,B2
відставити,belay,verb,B2
відхиляти,to,verb,B2
віжка,rein,noun,B2
вікторина,quiz,noun,B2
вільнюський,vilnian,adjective,B2
внучка,granddaughter,noun,B2
вогнегасник,fire,noun,B2
вогненний,fiery,adjective,B2
впевнитися,make,verb,A1
вправність,craft,noun,B2
вушко,eye,noun,B2
гагауз,gagauz,noun,B2
Газа,gaza,noun,B2
гаснути,to,verb,B2
гвоздика,clove,noun,B2
гель,gel,noun,B2
герметичний,airtight,adjective,B2
гидкий,disgusting,adjective,B2
гільза,shell,noun,B2
гіпертонія,hypertension,noun,B2
глаукома,glaucoma,noun,B2
глек,ewer,noun,B2
глинозем,alumina,noun,B2
глупота,stupidity,noun,B2
гнітити,oppress,verb,B2
гном,dwarf,noun,B2
голити,shave,verb,B2
гопак,hopak,noun,B2
гординя,pride,noun,B2
гордовитий,arrogant,adjective,B2
горлянка,bugle,noun,B2
городина,vegetables,noun,B2
городництво,horticulture,noun,B2
готування,preparation,noun,B2
графа,column,noun,B2
графіт,graphite,noun,B2
гребти,row,verb,B2
гривна,torque,noun,B2
гріховний,sinful,adjective,B2
гроно,bunch,noun,B2
гума,rubber,noun,B2
гумка,eraser,noun,B2
гучномовець,loudspeaker,noun,B2
далекоглядність,farsightedness,noun,B2
датський,danish,adjective,B2
дебелий,carrying,adjective,B2
дегустація,tasting,noun,B2
дезертирство,desertion,noun,B2
дезінфекція,disinfection,noun,B2
задумливо,pensively,adverb,B2
заселяти,populate,verb,B2
засівати,to,verb,B2
дзюдо,judo,noun,B2
дилетантський,dilettantish,adjective,B2
динаміт,dynamite,noun,B2
динар,dinar,noun,B2
диня,melon,noun,B2
діалектний,dialectal,adjective,B2
доброчесний,virtuous,adjective,B2
доброякісний,good-quality,adjective,B2
дозувати,to,verb,B2
документувати,to,verb,B2
домкрат,jack,noun,B2
досяжність,availability,noun,B2
дотеп,joke,noun,B2
доторк,touch,noun,B2
дощовик,raincoat,noun,B2
дражнити,tantalize,verb,B2
дрібненький,tiny,adjective,B2
дуалістичний,dualistic,adjective,B2
дубити,tan,verb,B2
дупло,cavity,noun,B2
дядя,uncle,noun,B2
егоцентризм,egocentrism,noun,B2
екстаз,ecstasy,noun,B2
ендокринний,endocrine,adjective,B2
епічний,epic,adjective,B2
ескадрилья,squadron,noun,B2
етнологія,ethnology,noun,B2
жар,fever,noun,B2
жовто-блакитний,yellow,adjective,B2
журба,grief,noun,B2
забрало,visor,noun,B2
завалювати,overwhelm,verb,B2
завзятість,zeal,noun,B2
загрузнути,steep,verb,B2
займенник,pronoun,noun,B2
залицяння,courtship,noun,B2
залога,guard,noun,B2
замерзати,freeze,verb,B2
заміжжя,marriage,noun,B2
заморожувати,freeze,verb,B2
занедбати,neglect,verb,B2
запорошений,dusty,adjective,B2
запрограмувати,to,verb,B2
запроданець,sellout,noun,B2
зарезервувати,book,verb,A1
заряджатися,charge,verb,B2
засекретити,classify,verb,B2
заспокоюватися,calm,verb,B2
захворілий,queer,adjective,B2
заяложений,corny,adjective,B2
зворушувати,touch,verb,B2
здогад,guess,noun,B2
землеробський,agricultural,adjective,B2
з'єднуватися,join,verb,B2
зичити,wish,verb,B2
зігнорувати,ignore,verb,B2
злидар,poor,noun,B2
змішати,mix,verb,B2
знайомий,acquaintance,noun,B2
знайомитися,get,verb,A1
знепритомніти,to,verb,B2
знешкоджувати,defuse,verb,B2
знешкодити,defuse,verb,B2
зозуля,cuckoo,noun,B2
зрушитися,budge,verb,B2
зчинитися,happen,verb,B2
Іванків,ivankiv,noun,B2
ізгой,outcast,noun,B2
ізюм,raisins,noun,B2
іменини,birthday,noun,B2
імперіалістичний,imperialist,adjective,B2
імунодефіцит,immunodeficiency,noun,B2
інопланетний,extraterrestrial,adjective,B2
ісламізм,islamism,noun,B2
кавалерія,cavalry,noun,B2
каганат,khaganate,noun,B2
казочка,fable,noun,B2
казуїстичний,casuistic,adjective,B2
каліграфія,calligraphy,noun,B2
калій,potassium,noun,B2
калоша,galosh,noun,B2
камікадзе,kamikaze,noun,B2
канава,trench,noun,B2
канапа,sofa,noun,B2
каністра,jerrycan,noun,B2
караван,caravan,noun,B2
кварц,quartz,noun,B2
кенгуру,kangaroo,noun,B2
кентавр,centaur,noun,B2
кишіти,swarm,verb,B2
кілометровий,one-kilometre-long,adjective,B2
кількарічний,pluriannual,adjective,B2
кіннота,cavalry,noun,B2
кістковий,osseous,adjective,B2
кіч,kitsch,noun,B2
кіш,basket,noun,B2
Клим,clement,noun,B2
клірик,cleric,noun,B2
клювати,peck,verb,B2
ковадло,anvil,noun,B2
ковбой,man,noun,A1
Ковель,kovel,noun,B2
Ковентрі,coventry,noun,B2
Колима,kolyma,noun,B2
колонка,column,noun,B2
комар,mosquito,noun,B2
Конотоп,konotop,noun,B2
конус,cone,noun,B2
коптити,to,verb,B2
Коростень,korosten,noun,B2
косяк,joint,noun,B2
коханець,lover,noun,B2
коханок,lover,noun,B2
крашанка,egg,noun,B2
кривити,twist,verb,B2
кріль,rabbit,noun,B2
кровопролитний,bloody,adjective,B2
купання,bathe,noun,B2
курча,chicken,noun,B2
курятина,chicken,noun,B2
кусок,piece,noun,B2
куштувати,taste,verb,B2
лаванда,lavender,noun,B2
лайливий,abusive,adjective,B2
лакей,lackey,noun,B2
латиський,pertaining,adjective,B2
левиця,lioness,noun,B2
лестити,flatter,verb,B2
летальний,lethal,adjective,B2
лисячий,vulpine,adjective,B2
лицемірний,hypocritical,adjective,B2
лібералізувати,liberalize,verb,B2
лука,meadow,noun,B2
Непал,nepal,noun,B2
непритомніти,swoon,verb,B2
несмачний,unpalatable,adjective,B2
лють,rage,noun,B2
Мавританія,mauritania,noun,B2
Майкрософт,microsoft,noun,B2
майструвати,craft,verb,B2
макіяж,makeup,noun,B2
манити,beckon,verb,B2
мансарда,attic,noun,B2
марихуана,marijuana,noun,B2
масний,unctuous,adjective,B2
матуся,mother,noun,A1
метеорит,meteorite,noun,B2
милозвучний,soft-sounding,adjective,B2
миття,process,noun,B2
мікроб,microbe,noun,B2
мікроскопія,microscopy,noun,B2
місткий,capacious,adjective,B2
множинний,plural,adjective,B2
монтажник,installer,noun,B2
мстити,avenge,verb,B2
мультиплікація,animation,noun,B2
муляр,mason,noun,B2
мушля,shell,noun,B2
М'янма,myanmar,noun,B2
набридливий,irksome,adjective,B2
навар,steep,noun,B2
нагайка,whip,noun,B2
нагрівати,heat,verb,B2
надягати,don,verb,B2
накликати,to,verb,B2
натішитися,enjoy,verb,B2
начальниця,boss,noun,B2
небіжчик,deceased,noun,B2
невдаха,misfit,noun,B2
невимушений,unforced,adjective,B2
недооцінити,underestimate,verb,B2
недопалок,butt,noun,B2
недорозвинений,underdeveloped,adjective,B2
некролог,obituary,noun,B2
нелюд,beast,noun,B2
неміч,disease,noun,B2
необ'єктивний,biased,adjective,B2
неписьменний,illiterate,adjective,B2
несхожий,dissimilar,adjective,B2
німа,female,noun,B2
носилки,litter,noun,B2
носоріг,rhinoceros,noun,B2
нюхати,smell,verb,B2
обдирати,to,verb,B2
обітований,promised,adjective,B2
обнародування,publication,noun,B2
обстежувати,examine,verb,B2
обстріляти,attack,verb,B2
обшукувати,frisk,verb,B2
оволодівати,acquire,verb,B2
огульний,wholesale,adjective,B2
однострій,uniform,noun,B2
одужувати,recover,verb,B2
оздоблювати,beset,verb,B2
округа,neighborhood,noun,B2
правдоподібний,probable,adjective,B2
омана,fallacy,noun,B2
он,yonder,adverb,B2
онтологія,ontology,noun,B2
опал,fuel,noun,B2
опал,opal,noun,B2
описовий,descriptive,adjective,B2
оподаткувати,assess,verb,B2
ополченець,militiaman,noun,B2
опосередковувати,mediate,verb,B2
орля,eaglet,noun,B2
ортодоксальний,orthodox,adjective,B2
орфографічний,orthographic,adjective,B2
острога,spur,noun,B2
осудити,condemn,verb,B2
отруїти,to,verb,B2
охолоджувати,cool,verb,B2
охолодити,cool,verb,B2
ошелешений,stunned,adjective,B2
ощадливість,economy,noun,B2
палка,stick,noun,B2
панна,maiden,noun,B2
парча,brocade,noun,B2
пастель,pastel,noun,B2
пацифізм,pacifism,noun,B2
паша,fodder,noun,B2
паша,pasha,noun,B2
педіатрія,pediatrics,noun,B2
пельмень,pelmeni,noun,B2
перебивати,to,verb,B2
передплачувати,subscribe,verb,B2
переливання,transfusion,noun,B2
переосмислювати,rethink,verb,B2
переповнювати,overwhelm,verb,B2
переселяти,resettle,verb,B2
перестрілка,skirmish,noun,B2
персоніфікувати,to,verb,B2
печаль,sorrow,noun,B2
печений,baked,adjective,B2
писок,snout,noun,B2
піаністка,pianist,noun,B2
півмісяць,crescent,noun,B2
підборіддя,chin,noun,B2
підбурювання,incitement,noun,B2
піддатися,give,verb,A1
підкреслення,underscore,noun,B2
підкуповувати,to,verb,B2
підмурок,plinth,noun,B2
підпалювати,set,verb,B2
підрядний,subordinate,adjective,B2
піймати,catch,verb,B2
піка,spade,noun,B2
пісочниця,sandbox,noun,B2
Піфагор,pythagoras,noun,B2
пластмаса,synthetic,noun,B2
плаття,dress,noun,B2
плеєр,player,noun,B2
плестися,crawl,verb,B2
побіжний,shallow,adjective,B2
побожний,pious,adjective,B2
повісти,to,verb,B2
поводок,leash,noun,B2
поздоровляти,congratulate,verb,B2
покірність,humility,noun,B2
полікарбонат,polycarbonate,noun,B2
політика,policy,noun,B2
поліційний,police,adjective,B2
полохливий,shy,adjective,B2
полька,pole,noun,B2
попечитель,guardian,noun,B2
пором,ferry,noun,B2
портативний,portable,adjective,B2
посаг,dowry,noun,B2
посилка,parcel,noun,B2
послатися,refer,verb,B2
постаріти,age,verb,B2
потомство,issue,noun,B2
поцілувати,kiss,verb,B2
праска,iron,noun,B2
прем'єрка,prime,noun,B2
приголомшувати,stun,verb,B2
призвичаїтися,get,verb,A1
приземлитися,land,verb,B2
прикметник,adjective,noun,B2
примхливий,capricious,adjective,B2
принадний,attractive,adjective,B2
приручити,to,verb,B2
пристосовувати,adapt,verb,B2
приступ,fit,noun,B2
причіп,trailer,noun,B2
пробуджуватися,wake,verb,B2
провидіння,providence,noun,B2
Прометей,prometheus,noun,B2
проспати,oversleep,verb,B2
протизаконний,crooked,adjective,B2
протипоказання,contraindication,noun,B2
прохати,request,verb,B2
псевдонауковий,pseudoscientific,adjective,B2
пунктуальний,prompt,adjective,B2
радіоактивність,radioactivity,noun,B2
ребус,rebus,noun,B2
реваншистський,revanchist,adjective,B2
ревнивий,jealous,adjective,B2
регресивний,regressive,adjective,B2
Рейн,rhine,noun,B2
респектабельність,respectability,noun,B2
респіратор,respirator,noun,B2
рештки,remainder,noun,B2
ридати,sob,verb,B2
ризький,rigan,adjective,B2
рівнина,plain,noun,B2
родзинки,raisin,noun,B2
розбещений,spoiled,adjective,B2
розгардіяш,disorder,noun,B2
роздягатися,disrobe,verb,B2
розмивати,wash,verb,B2
розмити,wash,verb,B2
розорений,broke,adjective,B2
розорити,ravage,verb,B2
розставатися,part,verb,B2
розтин,autopsy,noun,B2
розчулити,to,verb,B2
Ромни,romny,noun,B2
рябий,speckled,adjective,B2
січення,section,noun,B2
сказ,rabies,noun,B2
слоник,weevil,noun,B2
рукавиця,glove,noun,B2
рулетка,roulette,noun,B2
русалка,mermaid,noun,B2
саботажник,saboteur,noun,B2
Сальвадор,el,noun,B2
саме,just,adverb,B2
самоскид,dump,noun,B2
Сахалін,sakhalin,noun,B2
сват,matchmaker,noun,B2
светр,jersey,noun,B2
свинарник,pigsty,noun,B2
свист,whistle,noun,B2
свояк,relative,noun,B2
сегрегація,segregation,noun,B2
сенсорний,sensory,adjective,B2
середмістя,downtown,noun,B2
серцебиття,heartbeat,noun,B2
сецесія,secession,noun,B2
синдикат,syndicate,noun,B2
синхронізація,synchronization,noun,B2
синхронізувати,synchronize,verb,B2
сищик,detective,noun,B2
Сідней,sydney,noun,B2
сімдесятий,seventieth,adjective,B2
сканувати,create,verb,B2
скелястий,rocky,adjective,B2
скиглити,to,verb,B2
сковорідка,frying,noun,B2
скоромовка,tongue-twister,noun,B2
скривдити,offend,verb,B2
скрупульозний,scrupulous,adjective,B2
сліпота,blindness,noun,B2
смакота,taste,noun,B2
смерека,spruce,noun,B2
смертник,kamikaze,noun,B2
снідати,breakfast,verb,B2
солянка,solyanka,noun,B2
сором'язливий,shy,adjective,B2
софа,sofa,noun,B2
спеція,spice,noun,B2
співмешканець,flatmate,noun,B2
спотикатися,stumble,verb,B2
спустошувати,waste,verb,B2
стадний,gregarious,adjective,B2
стійло,stall,noun,B2
страж,guardian,noun,B2
страчувати,execute,verb,B2
стрільбище,shooting,noun,B2
строїти,to,verb,B2
струмочок,rill,noun,B2
супроводити,accompany,verb,B2
сурма,antimony,noun,B2
суспільствознавство,sociology,noun,B2
сухожилля,tendon,noun,B2
сушарка,dryer,noun,B2
схоплювати,grab,verb,B2
табун,herd,noun,B2
тайванський,taiwanese,adjective,B2
твердиня,fortress,noun,B2
тенісний,tennis,adjective,B2
теолог,divine,noun,B2
теплоелектростанція,short,noun,B2
теплоносій,coolant,noun,B2
термодинамічний,thermodynamic,adjective,B2
технократичний,technocratic,adjective,B2
тик,teak,noun,B2
тикати,thou,verb,B2
томити,to,verb,B2
топонім,toponym,noun,B2
торпеда,torpedo,noun,B2
траса,route,noun,B2
тратити,spend,verb,B2
трафарет,pattern,noun,B2
трейлер,trailer,noun,B2
тремтіння,quiver,noun,B2
тривожитися,worry,verb,B2
трикутний,triangular,adjective,B2
трос,cable,noun,B2
Тростянець,trostianets,noun,B2
трудність,difficulty,noun,B2
туз,ace,noun,B2
турнікет,turnstile,noun,B2
тямущий,smart,adjective,B2
уголос,out,adverb,B2
українізуватися,ukrainianize,verb,B2
умиротворення,appeasement,noun,B2
умовивід,conclusion,noun,B2
урядник,officer,noun,B2
успадковувати,inherit,verb,B2
утікати,flee,verb,B2
утома,fatigue,noun,B2
фальш,unnaturalness,noun,B2
фантасмагорія,phantasmagoria,noun,B2
фара,headlight,noun,B2
фітнес,fitness,noun,B2
фотон,photon,noun,B2
Фукусіма,fukushima,noun,B2
футуристичний,futurist,adjective,B2
фюзеляж,fuselage,noun,B2
хазяйка,host,noun,B2
халіф,caliph,noun,B2
халіфат,caliphate,noun,B2
хлів,stable,noun,B2
хлопчисько,little,noun,B2
холоп,kholop,noun,B2
Хома,thomas,noun,B2
хрестоносець,crusader,noun,B2
хризантема,chrysanthemum,noun,B2
хробак,insect,noun,B2
цезій,caesium,noun,B2
центрифуга,centrifuge,noun,B2
цинк,zinc,noun,B2
цитрина,lemon,noun,B2
циферблат,clock,noun,B2
цицька,booby,noun,B2
чаклунство,magic,noun,B2
чари,spell,noun,B2
чашечка,calyx,noun,B2
черепашка,turtle,noun,B2
черкеський,of,adjective,B2
черпак,ladle,noun,B2
Чигирин,chyhyryn,noun,B2
чорнити,blacken,verb,B2
чортів,bloody,adjective,B2
чотирнадцятий,fourteenth,adjective,B2
Чугуїв,chuhuiv,noun,B2
чуткий,sensitive,adjective,B2
чухати,scratch,verb,B2
швидкодія,performance,noun,B2
ширяти,hover,verb,B2
шістдесятий,sixtieth,adjective,B2
шістнадцятий,sixteenth,adjective,B2
шнурок,shoelace,noun,B2
шовк,silk,noun,B2
шопінг,shopping,noun,B2
шпиль,spire,noun,B2
штандарт,standard,noun,B2
шукання,quest,noun,B2
юдей,jew,noun,B2
ява,reality,noun,B2
ялина,spruce,noun,B2
Яніна,ioannina,noun,B2
ярд,yard,noun,B2
ясновидець,clairvoyant,noun,B2
авіакатастрофа,plane,noun,B2
автобаза,motor-service,noun,B2
автобан,motorway,noun,B2
автовиробник,automaker,noun,B2
автократія,autocracy,noun,B2
аеродинамічний,aerodynamic,adjective,B2
Анатоль,anatoli,noun,B2
анатомічний,anatomical,adjective,B2
борсатися,flounder,verb,B2
активація,activation,noun,B2
Алтай,altai,noun,B2
ампутувати,amputate,verb,B2
Андорра,andorra,noun,B2
антикомуніст,anticommunist,noun,B2
антисемітський,anti-semitic,adjective,B2
аристократка,aristocrat,noun,B2
Арктика,arctic,noun,B2
арктичний,arctic,adjective,B2
артикуляція,articulation,noun,B2
атеїстичний,atheistic,adjective,B2
атрофований,atrophied,adjective,B2
бактеріальний,bacterial,adjective,B2
балалайка,balalaika,noun,B2
Бангладеш,bangladesh,noun,B2
безалкогольний,alcohol-free,adjective,B2
безбожник,atheist,noun,B2
беззубий,toothless,adjective,B2
безособовий,impersonal,adjective,B2
безсторонність,detachment,noun,B2
безчестя,ignominy,noun,B2
бельгійка,belgian,noun,B2
бенкетувати,revel,verb,B2
билина,bylina,noun,B2
бистрий,fast,adjective,B2
біатлон,biathlon,noun,B2
бібліофіл,bookworm,noun,B2
бідак,beggar,noun,B2
бідолаха,poor,noun,B2
білінгвізм,bilingualism,noun,B2
білка,squirrel,noun,B2
біполярний,bipolar,adjective,B2
Бішкек,bishkek,noun,B2
благородство,nobility,noun,B2
блокадний,besieged,adjective,B2
бляха,tin,noun,B2
бляшанка,tin,noun,B2
бобер,beaver,noun,B2
болгарка,bulgarian,noun,B2
Ботсвана,botswana,noun,B2
бра,sconce,noun,B2
браття,brethren,noun,B2
брід,ford,noun,B2
Брно,brno,noun,B2
бронежилет,bulletproof,noun,B2
бронепоїзд,armoured,noun,B2
бублик,bagel,noun,B2
бубна,diamonds,noun,B2
будьонівка,budyonovka,noun,B2
булка,bun,noun,B2
буревій,vortex,noun,B2
бурулька,icicle,noun,B2
вандал,vandal,noun,B2
вантажник,loader,noun,B2
ватага,gang,noun,B2
вахта,watch,noun,B2
вгамовувати,quench,verb,B2
вдягти,to,verb,B2
велет,giant,noun,B2
вельможа,lord,noun,B2
вендета,vendetta,noun,B2
вензель,cipher,noun,B2
веранда,porch,noun,B2
веслування,rowing,noun,B2
весляр,rower,noun,B2
вестибюль,vestibule,noun,B2
вештатися,gad,verb,B2
вибоїна,pothole,noun,B2
виделка,fork,noun,B2
видіння,vision,noun,B2
видужати,recover,verb,B2
видумувати,make,verb,A1
вимисел,fiction,noun,B2
вимити,to,verb,B2
винищувати,exterminate,verb,B2
винуватити,place,verb,B2
випорожнення,feces,noun,B2
висміяти,ridicule,verb,B2
виснажити,spend,verb,B2
високість,height,noun,B2
волоцюга,rogue,noun,B2
горішній,on,adjective,B2
дезорганізувати,disorganise,verb,B2
вистоювати,to,verb,B2
висушити,to,verb,B2
витязь,knight,noun,B2
вихор,vortex,noun,B2
вищати,shriek,verb,B2
відвар,broth,noun,B2
від'їхати,leave,verb,A1
відмовчуватися,to,verb,B2
відразливий,disgusting,adjective,B2
відслідкувати,to,verb,B2
відшукувати,to,verb,B2
візуалізація,visualization,noun,B2
він,personal,pronoun,B2
вісімдесятий,eightieth,adjective,B2
вітка,branch,noun,B2
вічнозелений,evergreen,adjective,B2
Влад,genitive,noun,B2
влучання,hit,noun,B2
влучення,hit,noun,B2
вовченя,wolf,noun,B2
водиця,water,noun,A1
водоймище,body,noun,B2
вожак,ringleader,noun,B2
войовничість,bellicism,noun,B2
Волгоград,volgograd,noun,B2
воскресити,resurrect,verb,B2
врівноважити,alternative,verb,B2
врода,beauty,noun,B2
все,all,adverb,B2
всезнаючий,omniscient,adjective,B2
вуж,grass,noun,B2
в'язати,knit,verb,B2
гавкати,bark,verb,B2
гавкнути,bark,verb,B2
гад,reptile,noun,B2
газований,gassy,adjective,B2
газоподібний,gaseous,adjective,B2
галактичний,galactic,adjective,B2
галька,pebble,noun,B2
гамак,hammock,noun,B2
ганити,scold,verb,B2
ганчір'я,threads,noun,B2
гвардієць,guardsman,noun,B2
Генасамблея,assembly,noun,B2
Геракл,heracles,noun,B2
Геракліт,heraclitus,noun,B2
геральдика,heraldry,noun,B2
германій,germanium,noun,B2
герметично,hermetically,adverb,B2
герц,hertz,noun,B2
гірчиця,mustard,noun,B2
гітлеризм,hitlerism,noun,B2
глобалізм,globalism,noun,B2
глухонімий,deaf-mute,adjective,B2
глушити,deafen,verb,B2
гнилість,dampness,noun,B2
гоїти,heal,verb,B2
голосний,vowel,noun,B2
голубець,dove,noun,B2
гомосексуальний,homosexual,adjective,B2
гонг,gong,noun,B2
горнило,furnace,noun,B2
горянин,highlander,noun,B2
гравітація,gravity,noun,B2
графство,county,noun,B2
грибок,fungus,noun,B2
грим,makeup,noun,B2
гробниця,tomb,noun,B2
гудіти,buzz,verb,B2
гультяй,lazybones,noun,B2
ґуля,knot,noun,B2
далебі,frankly,adverb,B2
Дарданелли,dardanelles,noun,B2
датувати,date,verb,B2
двійко,two,numeral,A1
двополюсний,bipolar,adjective,B2
дебіл,moron,noun,B2
дев'ятнадцятий,nineteenth,adjective,B2
дезінфікувати,disinfect,verb,B2
екватор,equator,noun,B2
задумувати,conceive,verb,B2
дендрарій,arboretum,noun,B2
депутатка,deputy,noun,B2
дерусифікація,derussification,noun,B2
дзвінок,doorbell,noun,B2
дзвоник,bell,noun,B2
диявольський,devilish,adjective,B2
диякон,deacon,noun,B2
дієтичний,dietary,adjective,B2
днище,bottom,noun,B2
добродійник,benefactor,noun,B2
довір'я,trust,noun,B2
доглянути,mind,verb,B2
додзвонитися,get,verb,A1
доїжджати,arrive,verb,B2
док,dock,noun,B2
доторкатися,touch,verb,B2
доход,income,noun,B2
дроблення,comminution,noun,B2
дурник,fool,noun,B2
евфемізм,euphemism,noun,B2
експансіонізм,expansionism,noun,B2
екстраполювати,extrapolate,verb,B2
електромонтер,electrician,noun,B2
Ельбрус,elbrus,noun,B2
емансипація,emancipation,noun,B2
ембріон,germ,noun,B2
емісар,emissary,noun,B2
Еней,aeneas,noun,B2
євангеліст,evangelist,noun,B2
євро,euro,noun,B2
єна,yen,noun,B2
жартівник,joker,noun,B2
жерти,gobble,verb,B2
жіночний,feminine,adjective,B2
жменя,handful,noun,B2
жниво,harvest,noun,B2
жонглювання,juggling,noun,B2
жорно,millstone,noun,B2
забарвлений,coloured,adjective,B2
забруднити,pollute,verb,B2
завагітніти,conceive,verb,B2
завити,coil,verb,B2
завірити,certify,verb,B2
завірюха,snowstorm,noun,B2
завіряти,certify,verb,B2
загартований,hardened,adjective,B2
загорожа,barrier,noun,B2
задзеркалля,looking-glass,noun,B2
задихнутися,choke,verb,B2
заздрощі,jealousy,noun,B2
закопати,to,verb,B2
закопувати,to,verb,B2
закривавити,bloody,verb,B2
замалий,too,adjective,B2
замочити,steep,verb,B2
западати,sink,verb,B2
заприятелювати,make,verb,A1
запрягти,to,verb,B2
засліплювати,make,verb,A1
засмучений,sorry,adjective,B2
засновниця,founder,noun,B2
заступатися,intercede,verb,B2
затиснути,clutch,verb,B2
затоплювати,to,verb,B2
заячий,leporine,adjective,B2
збентеження,embarrassment,noun,B2
збоченець,sexually,noun,B2
кіл,stake,noun,B2
лоскотати,tickle,verb,B2
лотос,lotus,noun,B2
звіря,mammal,noun,B2
згинути,die,verb,B2
згоджуватися,consent,verb,B2
згорток,bundle,noun,B2
зимувати,hibernate,verb,B2
злив,sink,noun,B2
зміщувати,to,verb,B2
зодіак,zodiac,noun,B2
зола,ash,noun,B2
Золочів,zolochiv,noun,B2
зорати,use,verb,A1
зостатися,remain,verb,B2
зчеплення,engagement,noun,B2
ізюмський,izium,adjective,B2
ікло,fang,noun,B2
імла,fog,noun,B2
імунологічний,immunological,adjective,B2
Інд,indus,noun,B2
індексувати,to,verb,B2
Індіана,indiana,noun,B2
Індокитай,indochina,noun,B2
інтелектуалізація,intellectualization,noun,B2
інтриган,plotter,noun,B2
інфрачервоний,infrared,adjective,B2
іподром,down,noun,B2
Ісламабад,islamabad,noun,B2
іспаномовний,hispanophone,adjective,B2
Кабул,kabul,noun,B2
Кагарлик,kaharlyk,noun,B2
каїрський,cairene,adjective,B2
кал,dung,noun,B2
каліка,cripple,noun,B2
карат,karat,noun,B2
карате,karate,noun,B2
караул,watch,noun,B2
карел,kareli,noun,B2
кар'єра,career,noun,B2
карий,dark-chestnut-colored,noun,B2
картати,scold,verb,B2
касетний,cassette,adjective,B2
каскадер,stuntman,noun,B2
катаракта,cataract,noun,B2
катехізис,catechism,noun,B2
Каунас,kaunas,noun,B2
кашляти,cough,verb,B2
киргиз,kyrgyz,noun,B2
кислотність,acidity,noun,B2
Кіото,kyoto,noun,B2
клавіша,button,noun,B2
клен,maple,noun,B2
клюнути,peck,verb,B2
ковток,draft,noun,B2
ковчег,ark,noun,B2
кокаїн,cocaine,noun,B2
колабораціоніст,collaborator,noun,B2
колгоспниця,kolkhoznik,noun,B2
Колорадо,colorado,noun,B2
колорадський,from,adjective,B2
колючка,burr,noun,B2
колядування,carolling,noun,B2
комір,collar,noun,B2
компактність,compactness,noun,B2
комплектувати,complete,verb,B2
комп'ютеризувати,computerize,verb,B2
Коннектикут,connecticut,noun,B2
копа,sixty,noun,B2
кораблебудування,shipbuilding,noun,B2
кореспондентка,journalist,noun,B2
користатися,put,verb,B2
коровай,korovai,noun,B2
коров'ячий,bovine,adjective,B2
косметика,cosmetics,noun,B2
космологія,cosmology,noun,B2
космополітизм,cosmopolitanism,noun,B2
кохатися,love,verb,A1
краянин,compatriot,noun,B2
кредиторка,creditor,noun,B2
крематорій,crematorium,noun,B2
криївка,dugout,noun,B2
критик,critic,noun,B2
кріт,mole,noun,B2
купати,bathe,verb,B2
куплет,line,noun,B2
купон,coupon,noun,B2
курява,dust,noun,B2
кучерявий,curly,adjective,B2
кучугура,hump,noun,B2
латвієць,latvian,noun,B2
латинь,latin,noun,B2
легковірний,gullible,adjective,B2
лекало,pattern,noun,B2
летовище,airfield,noun,B2
лиходій,malefactor,noun,B2
ліванський,lebanese,adjective,B2
лігво,den,noun,B2
лісовик,leshy,noun,B2
літературознавство,literary,noun,B2
логопед,speech,noun,B2
лупити,thrash,verb,B2
лупцювати,trounce,verb,B2
міланський,milanese,adjective,B2
мілина,beach,noun,B2
неофіт,novice,noun,B2
неохайний,sloppy,adjective,B2
неохочий,reluctant,adjective,B2
льодовиковий,glacial,adjective,B2
людиноподібний,anthropoid,adjective,B2
Людовик,louis,noun,B2
лютеранський,pertaining,adjective,B2
мавпувати,parrot,verb,B2
маєтність,possession,noun,B2
малиновий,raspberry,adjective,B2
Маньчжурія,manchuria,noun,B2
марнославний,vain,adjective,B2
мастило,cream,noun,B2
матюкатися,swear,verb,B2
мегават,megawatt,noun,B2
межиріччя,interfluve,noun,B2
менгір,menhir,noun,B2
меншовик,menshevik,noun,B2
мерехтіти,gutter,verb,B2
мерзнути,to,verb,B2
мерзотник,scoundrel,noun,B2
мерти,to,verb,B2
Мефістофель,mephistopheles,noun,B2
миргородський,myrhorod,adjective,B2
мишеня,mousekin,noun,B2
місяцехід,lunokhod,noun,B2
мітка,mark,noun,B2
мішаний,mixed,adjective,B2
множення,multiplication,noun,B2
могилів-подільський,mohyliv-podilskyi,adjective,B2
моджахед,mujahid,noun,B2
мол,jetty,noun,B2
молодиця,young,noun,B2
молоти,grind,verb,B2
молотити,thresh,verb,B2
морг,morgue,noun,B2
мордувати,to,verb,B2
мультимільйонер,multimillionaire,noun,B2
мураха,ant,noun,B2
навантажувати,to,verb,B2
нагріти,heat,verb,B2
надвір,out,adverb,B2
надводний,above-water,adjective,B2
надзвуковий,supersonic,adjective,B2
надіти,wear,verb,B2
надміру,excessively,adverb,B2
налаштування,setting,noun,B2
налити,pour,verb,B2
Намібія,namibia,noun,B2
напівзабутий,half-forgotten,adjective,B2
наректи,to,verb,B2
натягнутий,tense,adjective,B2
нафтодолар,petrodollar,noun,B2
нахилений,oblique,adjective,B2
наяву,in,adverb,B2
небокрай,horizon,noun,B2
Нева,neva,noun,B2
невдячність,ingratitude,noun,B2
неквапливо,deliberately,adverb,B2
неконструктивний,unconstructive,adjective,B2
ненависник,hater,noun,B2
ненажерливий,ravenous,adjective,B2
непосвячений,profane,adjective,B2
нерішучість,irresolution,noun,B2
нерозбірливий,illegible,adjective,B2
несамостійний,dependent,adjective,B2
несерйозний,unserious,adjective,B2
нещирий,insincere,adjective,B2
нівечити,maim,verb,B2
Нігер,niger,noun,B2
Ніжин,nizhyn,noun,B2
нокаутувати,knock,verb,B2
нора,earth,noun,B2
нудьга,boredom,noun,B2
няня,nurse,noun,B2
обачний,cautious,adjective,B2
оберемок,armful,noun,B2
обібрати,peel,verb,B2
обігрівати,heat,verb,B2
обійматися,hug,verb,B2
обійми,hug,noun,B2
обмірковувати,consider,verb,B2
обняти,hug,verb,B2
оборонятися,to,verb,B2
обрізання,circumcision,noun,B2
обшукати,frisk,verb,B2
овечий,ovine,adjective,B2
одежа,dress,noun,B2
одиночний,single,adjective,B2
однина,singular,noun,B2
одномовність,monolingualism,noun,B2
одноокий,one-eyed,adjective,B2
односельчанин,synonym,noun,B2
одягтися,dress,verb,B2
Океанія,oceania,noun,B2
оранжерея,greenhouse,noun,B2
пензлик,paintbrush,noun,B2
первинність,primacy,noun,B2
перегороджувати,to,verb,B2
Олександрія,oleksandriia,noun,B2
онколог,oncologist,noun,B2
описання,account,noun,B2
опозиціонерка,oppositionist,noun,B2
орфографія,orthography,noun,B2
осадка,precipitation,noun,B2
осердя,core,noun,B2
осиротіти,to,verb,B2
осілий,sedentary,adjective,B2
Остер,oster,noun,B2
паліатив,palliative,noun,B2
паліативний,palliative,adjective,B2
панство,gentlefolk,noun,B2
панчоха,stocking,noun,B2
парадоксальність,paradoxicality,noun,B2
паранджа,burka,noun,B2
парашутист,paratrooper,noun,B2
парижанин,parisian,noun,B2
пастир,shepherd,noun,B2
Пасха,easter,noun,B2
педаль,pedal,noun,B2
пелена,diaper,noun,B2
переборювати,to,verb,B2
перевантаженість,overloadedness,noun,B2
передвісник,harbinger,noun,B2
перекур,smoko,noun,B2
перенос,hyphenation,noun,B2
пересвідчуватися,make,verb,A1
пересідати,change,verb,B2
перечити,to,verb,B2
перука,wig,noun,B2
печінковий,hepatic,adjective,B2
пилосос,vacuum,noun,B2
писемний,written,adjective,B2
письменництво,literature,noun,B2
пихатий,arrogant,adjective,B2
пихатість,arrogance,noun,B2
пишність,splendor,noun,B2
підвіконня,windowsill,noun,B2
підворіття,gap,noun,B2
підмітати,sweep,verb,B2
підмостки,stage,noun,B2
підстаркуватий,old,adjective,B2
пінгвін,penguin,noun,B2
пічка,stove,noun,B2
плацкарта,seat,noun,B2
плетіння,wickerwork,noun,B2
плювок,instance,noun,B2
поборниця,apologist,noun,B2
поверховість,superficiality,noun,B2
повнити,to,verb,B2
повсякчасний,constant,adjective,B2
погнати,chase,verb,B2
подать,tribute,noun,B2
поетка,poet,noun,B2
позашлюбний,extramarital,adjective,B2
поздоровити,congratulate,verb,B2
поїти,to,verb,B2
поліфонія,polyphony,noun,B2
поло,polo,noun,B2
половець,member,noun,B2
половецький,of,adjective,B2
полонізація,polonization,noun,B2
помаранча,orange,noun,B2
помахати,to,verb,B2
помилувати,to,verb,B2
попелиця,aphid,noun,B2
порядковий,ordinal,adjective,B2
постскриптум,postscript,noun,B2
потвора,monster,noun,B2
потоп,flood,noun,B2
почет,retinue,noun,B2
правовірний,orthodox,adjective,B2
прасувати,to,verb,B2
прем'єра,premiere,noun,B2
Приазов'я,lands,noun,B2
прибавка,raise,noun,B2
пригостити,treat,verb,B2
приземлення,touchdown,noun,B2
приліт,arrival,noun,B2
прилітати,to,verb,B2
принтер,printer,noun,B2
приправа,spice,noun,B2
присуд,verdict,noun,B2
прифронтовий,frontline,adjective,B2
причинний,causal,adjective,B2
пробачення,apology,noun,B2
проводир,chief,noun,B2
прогадати,lose,verb,B2
прогін,flight,noun,B2
прозелітизм,proselytism,noun,B2
прокрутити,scroll,verb,B2
прокручувати,scroll,verb,B2
прорахуватися,miscalculate,verb,B2
простирадло,bedsheet,noun,B2
проститутка,prostitute,noun,B2
противний,disgusting,adjective,B2
проща,pilgrimage,noun,B2
прямокутник,rectangle,noun,B2
психоз,psychosis,noun,B2
психосоматичний,psychosomatic,adjective,B2
пташеня,chick,noun,B2
пунктуальність,punctuality,noun,B2
Путивль,putyvl,noun,B2
п'явка,leech,noun,B2
п'ятиповерховий,five-storey,adjective,B2
райдуга,rainbow,noun,B2
реваншист,revanchist,noun,B2
ревіти,roar,verb,B2
ревність,jealousy,noun,B2
регулярність,regularity,noun,B2
резервування,reservation,noun,B2
Рейк'явік,reykjav,noun,B2
релаксація,relaxation,noun,B2
речниця,spokeswoman,noun,B2
рило,snout,noun,B2
рись,lynx,noun,B2
рівномірно,evenly,adverb,B2
рівня,match,noun,B2
різка,birch,noun,B2
різня,massacre,noun,B2
різьбяр,cutter,noun,B2
ровесниця,peer,noun,B2
розвеселити,to,verb,B2
розвідати,scout,verb,B2
розгніваний,mad,adjective,B2
роздільність,resolution,noun,B2
роздратувати,to,verb,B2
розетка,socket,noun,B2
розкладачка,camp,noun,B2
розливати,spill,verb,B2
розмін,exchange,noun,B2
розпачливий,heartbreaking,adjective,B2
розплата,retribution,noun,B2
розпродати,sell,verb,B2
розпусний,lewd,adjective,B2
розсіювати,dispel,verb,B2
розслаблений,relaxed,adjective,B2
ром,rum,noun,B2
сережка,earring,noun,B2
серенада,serenade,noun,B2
слухняність,obedience,noun,B2
ротор,rotor,noun,B2
Руанда,rwanda,noun,B2
русизм,russianism,noun,B2
русофоб,russophobe,noun,B2
русофобія,russophobia,noun,B2
садизм,sadism,noun,B2
сажа,soot,noun,B2
саксонський,of,adjective,B2
Самійло,samuel,noun,B2
самовар,samovar,noun,B2
самодержець,autocrat,noun,B2
самодисципліна,self-discipline,noun,B2
самолікування,self-medication,noun,B2
самообслуговування,self-service,noun,B2
саморегульований,self-regulated,adjective,B2
самоспалення,self-immolation,noun,B2
самоук,autodidact,noun,B2
Сана,sanaa,noun,B2
саркастично,sarcastically,adverb,B2
сатанинський,devilish,adjective,B2
сватати,matchmake,verb,B2
свербіти,itch,verb,B2
свистіти,whistle,verb,B2
свобідний,free,adjective,B2
селюк,barbarian,noun,B2
семантика,semantics,noun,B2
Сена,seine,noun,B2
Синельникове,synelnykove,noun,B2
синопсис,synopsis,noun,B2
сінний,hay,adjective,B2
сканер,scanner,noun,B2
скельце,glass,noun,B2
скотар,cattleman,noun,B2
скрижаль,tablet,noun,B2
слідчий,investigator,noun,B2
словенський,slovene,adjective,B2
смачненький,delicious,adjective,B2
смола,tar,noun,B2
солов'їний,nightingale,adjective,B2
сопілка,pipe,noun,B2
соціалістка,socialist,noun,B2
союзниця,person,noun,B2
спальня,chamber,noun,B2
спинний,dorsal,adjective,B2
співвіднести,correlate,verb,B2
співпереживання,empathy,noun,B2
ставний,well-built,adjective,B2
сталініст,stalinist,noun,B2
старомодний,old-fashioned,adjective,B2
статечний,middle-aged,adjective,B2
статистка,walk-on,noun,B2
стерно,handlebar,noun,B2
стертий,worn,adjective,B2
стигнути,to,verb,B2
стрімголов,head,adverb,B2
стукнути,knock,verb,B2
субконтинент,subcontinent,noun,B2
Суматра,sumatra,noun,B2
сумнівність,doubtfulness,noun,B2
сфокусувати,focus,verb,B2
схованка,nut,noun,B2
схуднення,weight,noun,B2
табурет,stool,noun,B2
Таганрог,taganrog,noun,B2
тайга,taiga,noun,B2
Таллінн,tallinn,noun,B2
талліннський,tallinner,adjective,B2
танкіст,tanker,noun,B2
Татарстан,tatarstan,noun,B2
Татри,tatra,noun,B2
тахікардія,tachycardia,noun,B2
тверезість,sobriety,noun,B2
тезка,namesake,noun,B2
темношкірий,dark-skinned,adjective,B2
тік,threshing,noun,B2
тістечко,cake,noun,B2
тривкий,of,adjective,B2
триденний,triduan,adjective,B2
трійко,three,numeral,A1
тротил,tnt,noun,B2
трубадур,troubadour,noun,B2
трудяга,workaholic,noun,B2
фельдмаршал,field,noun,B2
тужливий,depressing,adjective,B2
Тячів,tiachiv,noun,B2
угадати,guess,verb,B2
удова,widow,noun,B2
упакування,wrapper,noun,B2
упустити,down,verb,B2
Уругвай,uruguay,noun,B2
устриця,oyster,noun,B2
уступити,cede,verb,B2
утеча,flight,noun,B2
утікач,fugitive,noun,B2
факел,torch,noun,B2
фальсифікування,verbal,noun,B2
фанатик,zealot,noun,B2
Фастів,fastiv,noun,B2
філантропічний,philanthropic,adjective,B2
філіжанка,coffee,noun,B2
флакон,flask,noun,B2
формуляр,form,noun,B2
фразеологія,phraseology,noun,B2
фрахт,freight,noun,B2
хамелеон,chameleon,noun,B2
хвацький,determined,adjective,B2
хвилеподібний,undulant,adjective,B2
хисткий,wobbly,adjective,B2
хмаринка,cloudlet,noun,B2
хмиз,brushwood,noun,B2
хом'як,hamster,noun,B2
хоровод,khorovod,noun,B2
Хуст,khust,noun,B2
царевич,prince,noun,B2
церебральний,cerebral,adjective,B2
циліндричний,cylindrical,adjective,B2
цнота,virginity,noun,B2
чарувати,fascinate,verb,B2
чемпіонський,champion,adjective,B2
череда,flock,noun,B2
числовий,numerical,adjective,B2
Чоп,chop,noun,B2
чорниця,bilberry,noun,B2
чужоземець,alien,noun,B2
чужоземний,alien,adjective,B2
чхати,sneeze,verb,B2
шафран,saffron,noun,B2
шахіст,chess,noun,B2
шерсть,wool,noun,B2
шестиденний,six-day,adjective,B2
шийний,cervical,adjective,B2
шишка,cone,noun,B2
шматувати,to,verb,B2
шовковиця,mulberry,noun,B2
щебінь,rubble,noun,B2
щорічник,yearbook,noun,B2
ювелір,jeweler,noun,B2
яблучко,apple,noun,B2
як-небудь,somehow,adverb,B2
янкі,yankee,noun,B2
ящірка,lizard,noun,B2
абажур,lampshade,noun,B2
абсентеїзм,absenteeism,noun,B2
авансувати,advance,verb,B2
аверс,obverse,noun,B2
авіапідприємство,aviation,noun,B2
авіарейс,air,noun,B2
австріяк,austrian,noun,B2
автостанція,bus,noun,B2
автохтон,aboriginal,noun,B2
агава,agave,noun,B2
агат,agate,noun,B2
агітпроп,agitprop,noun,B2
азбука,alphabet,noun,B2
британка,briton,noun,B2
алгебра,study,noun,B2
алжирський,algerian,adjective,B2
аліменти,alimony,noun,B2
амазонка,amazon,noun,B2
ампер,ampere,noun,B2
амулет,amulet,noun,B2
анальгетик,painkiller,noun,B2
ананас,pineapple,noun,B2
Анапа,anapa,noun,B2
англосакс,anglo-saxon,noun,B2
андеграунд,underground,noun,B2
Андрійко,andrew,noun,B2
анімалістичний,animalistic,adjective,B2
Антверпен,antwerp,noun,B2
антиамериканський,anti-american,adjective,B2
антинауковий,antiscience,adjective,B2
антисанітарія,lack,noun,B2
антифашистський,antifascist,adjective,B2
антихрист,antichrist,noun,B2
арбалет,crossbow,noun,B2
артикль,article,noun,B2
Арциз,artsyz,noun,B2
асиметричність,asymmetricality,noun,B2
асистентка,assistant,noun,B2
аскет,ascetic,noun,B2
аскетизм,asceticism,noun,B2
астронавт,astronaut,noun,B2
атрофія,atrophy,noun,B2
африканець,african,noun,B2
ацетон,acetone,noun,B2
аятола,ayatollah,noun,B2
бабак,marmot,noun,B2
багатоголосся,polyphony,noun,B2
багатокомпонентний,multicomponent,adjective,B2
багатошаровість,multilayeredness,noun,B2
Базель,basel,noun,B2
байдужність,apathy,noun,B2
байрак,ravine,noun,B2
байстрюк,bastard,noun,B2
баклажан,eggplant,noun,B2
балерина,ballerina,noun,B2
бамбук,bamboo,noun,B2
банка,jar,noun,B2
баранчик,lamb,noun,B2
барвінок,periwinkle,noun,B2
Башкирія,bashkortostan,noun,B2
бджільництво,beekeeping,noun,B2
бджоляр,beekeeper,noun,B2
безбожний,godless,adjective,B2
бездітність,childlessness,noun,B2
безкраїй,boundless,adjective,B2
безмірний,immeasurable,adjective,B2
безпліддя,infertility,noun,B2
безстрашний,fearless,adjective,B2
безумець,madman,noun,B2
бензовоз,tanker,noun,B2
бензопила,chainsaw,noun,B2
бердичівський,berdychiv,adjective,B2
Бердянськ,berdiansk,noun,B2
Бессарабія,bessarabia,noun,B2
бізон,buffalo,noun,B2
білгород-дністровський,bilhorod-dnistrovskyi,adjective,B2
білорус,person,noun,B2
Білосток,bia,noun,B2
бінарний,binary,adjective,B2
бісик,imp,noun,B2
бітник,beatnik,noun,B2
блакитноокий,blue-eyed,adjective,B2
Болград,bolhrad,noun,B2
бомбосховище,air-raid,noun,B2
бор,boron,noun,B2
бордовий,burgundy,adjective,B2
бородавка,wart,noun,B2
бородатий,bearded,adjective,B2
босоногий,barefoot,adjective,B2
ботаніка,botany,noun,B2
боулінг,bowling,noun,B2
боягузтво,cowardice,noun,B2
Боярка,boyarka,noun,B2
браконьєр,poacher,noun,B2
бранденбурзький,brandenburg,adjective,B2
бронювати,book,verb,A1
Бруней,brunei,noun,B2
буддист,buddhist,noun,B2
будильник,alarm,noun,B2
будяк,thistle,noun,B2
букініст,bookseller,noun,B2
булавка,pin,noun,B2
бурчати,mutter,verb,B2
ваги,scales,noun,B2
важкість,burden,noun,B2
ваніль,vanilla,noun,B2
Варвара,barbara,noun,B2
вдаряти,beat,verb,B2
вдоволений,content,adjective,B2
великодушність,magnanimity,noun,B2
великомучениця,great,noun,B2
вентиль,valve,noun,B2
вервечка,string,noun,B2
верещати,shriek,verb,B2
вертіти,to,verb,B2
веслувати,row,verb,B2
в'єтнамець,vietnamese,noun,B2
в'єтнамський,vietnamese,adjective,B2
вигнутий,curved,adjective,B2
видихнути,exhale,verb,B2
видумати,make,verb,A1
викопувати,get,verb,A1
викрадач,abductor,noun,B2
вимерлий,extinct,adjective,B2
винищування,destruction,noun,B2
винуватиця,debtor,noun,B2
випаровування,evaporation,noun,B2
випас,pasture,noun,B2
вирізувати,to,verb,B2
висиджувати,brood,verb,B2
волос,hair,noun,B2
витлумачувати,interpret,verb,B2
віадук,viaduct,noun,B2
відвідувачка,visitor,noun,B2
відгадати,guess,verb,B2
відеогра,video,noun,B2
відзначитися,distinguish,verb,B2
відновитися,to,verb,B2
відписати,bequeath,verb,B2
відступник,apostate,noun,B2
відступництво,apostasy,noun,B2
вільнодумець,freethinker,noun,B2
Вінніпег,winnipeg,noun,B2
віроломний,perfidious,adjective,B2
віскі,whiskey,noun,B2
віспа,smallpox,noun,B2
віч-на-віч,head-to-head,adverb,B2
віяло,fan,noun,B2
вказівний,demonstrative,adjective,B2
вказівник,pointer,noun,B2
вкривати,cover,verb,B2
вовна,wool,noun,B2
вогкий,damp,adjective,B2
водевіль,vaudeville,noun,B2
водограй,fountain,noun,B2
водолаз,diver,noun,B2
воїнство,soldiery,noun,B2
волейбольний,volleyball,adjective,B2
володарювання,hegemony,noun,B2
вольний,free,adjective,B2
вп'яте,for,adverb,B2
врівноважувати,alternative,verb,B2
всеєвропейський,pan-european,adjective,B2
Габсбург,habsburg,noun,B2
Гавана,havana,noun,B2
гаданий,putative,adjective,B2
ґанок,porch,noun,B2
гарем,harem,noun,B2
гарнір,garnish,noun,B2
гарячка,fever,noun,B2
гарячковий,feverish,adjective,B2
гастарбайтер,guest,noun,B2
гашиш,hashish,noun,B2
Гейне,heine,noun,B2
гелій,helium,noun,B2
гемоглобін,hemoglobin,noun,B2
геморой,haemorrhoids,noun,B2
генотип,genotype,noun,B2
географ,geographer,noun,B2
Гера,hera,noun,B2
Геркулес,hercules,noun,B2
геройство,heroism,noun,B2
герцогство,duchy,noun,B2
гігієнічний,hygienic,adjective,B2
гілля,side,noun,B2
гімнастичний,pertaining,adjective,B2
гіпертензія,hypertension,noun,B2
глазур,glaze,noun,B2
глупий,stupid,adjective,B2
голіруч,barehanded,adverb,B2
головпоштамт,short,noun,B2
голодовка,hunger,noun,B2
гомосексуалізм,homosexuality,noun,B2
горбата,female,noun,B2
Гостомель,hostomel,noun,B2
грабар,digger,noun,B2
границя,line,noun,B2
графин,carafe,noun,B2
грець,player,noun,B2
гріш,money,noun,B2
грубість,rudeness,noun,B2
гумореска,humoresque,noun,B2
густина,density,noun,B2
густота,density,noun,B2
дайвінг,diving,noun,B2
дбайливість,diligence,noun,B2
двадцятиріччя,twenty-year,noun,B2
двохтисячний,two-thousandth,adjective,B2
девіантний,deviant,adjective,B2
дезертир,deserter,noun,B2
держпозика,state,noun,B2
дисгармонія,dissonance,noun,B2
денацифікація,denazification,noun,B2
Детройт,detroit,noun,B2
джоуль,joule,noun,B2
дзвеніти,ring,verb,B2
дзьоб,bill,noun,B2
дивертисмент,divertimento,noun,B2
дикторка,narrator,noun,B2
дикун,barbarian,noun,B2
дикція,diction,noun,B2
димар,chimney,noun,B2
дискримінувати,discriminate,verb,B2
дихотомія,dichotomy,noun,B2
дітовбивство,infanticide,noun,B2
дно,ground,noun,B2
добродушний,good-natured,adjective,B2
доброчинець,benefactor,noun,B2
довгочасний,permanent,adjective,B2
додолу,sentence,adverb,B2
домен,domain,noun,B2
домініканський,dominican,adjective,B2
домовик,domovoy,noun,B2
домовина,coffin,noun,B2
допізна,until,adverb,B2
дорадянський,pre-soviet,adjective,B2
дощик,shower,noun,B2
драга,dredger,noun,B2
дугоподібний,arclike,adjective,B2
душевнохворий,insane,adjective,B2
екліптика,ecliptic,noun,B2
еластичний,elastic,adjective,B2
електрод,electrode,noun,B2
ель,ale,noun,B2
емір,emir,noun,B2
Енеїда,aeneid,noun,B2
Енергодар,enerhodar,noun,B2
епідеміологія,epidemiology,noun,B2
есеїст,essayist,noun,B2
ескадрон,squadron,noun,B2
етимологічний,etymological,adjective,B2
Етна,etna,noun,B2
етнолог,ethnologist,noun,B2
ешафот,scaffold,noun,B2
європейка,european,noun,B2
єзуїт,jesuit,noun,B2
Єкатеринбург,yekaterinburg,noun,B2
Єльський,yale,adjective,B2
жандармерія,gendarmerie,noun,B2
жасмин,jasmine,noun,B2
женити,marry,verb,B2
жених,bridegroom,noun,B2
жеребець,stallion,noun,B2
жилет,vest,noun,B2
житіє,life,noun,B2
жнець,reaper,noun,B2
заболочений,swampy,adjective,B2
заварити,steep,verb,B2
завербувати,recruit,verb,B2
завищувати,to,verb,B2
зав'язувати,tie,verb,B2
загоряння,ignition,noun,B2
задихатися,choke,verb,B2
задишка,shortness,noun,B2
заказ,order,noun,B2
закуска,snack,noun,B2
залагоджувати,to,verb,B2
залицятися,court,verb,B2
занедбаність,desertion,noun,B2
запозичати,borrow,verb,B2
запрягати,hitch,verb,B2
затінок,shadow,noun,B2
зачаток,germ,noun,B2
Зборів,zboriv,noun,B2
Земфіра,zemfira,noun,B2
конюшня,stable,noun,B2
звеличувати,to,verb,B2
звитяжний,heroic,adjective,B2
згин,wimple,noun,B2
згустити,condense,verb,B2
згущувати,condense,verb,B2
здирство,extortion,noun,B2
Здолбунів,zdolbuniv,noun,B2
з'єднатися,join,verb,B2
зжерти,gobble,verb,B2
ззаду,aback,adverb,B2
зиґзаґ,zigzag,noun,B2
зимний,cold,adjective,B2
зіниця,pupil,noun,B2
зітхання,act,noun,B2
зловтішатися,to,verb,B2
злодійкуватий,thievish,adjective,B2
зморшка,crease,noun,B2
знахар,witch,noun,B2
знезараження,decontamination,noun,B2
зношуватися,wear,verb,B2
зубок,clove,noun,B2
ідентифікатор,identifier,noun,B2
Ізяслав,iziaslav,noun,B2
іменник,noun,noun,B2
іменник,jeweller,noun,B2
інде,in,adverb,B2
індонезійський,indonesian,adjective,B2
інкорпорувати,incorporate,verb,B2
інтерв'юер,interviewer,noun,B2
Іршава,irshava,noun,B2
іспанка,spaniard,noun,B2
ішемія,ischemia,noun,B2
їжачок,hedgehog,noun,B2
кабак,bar,noun,B2
кабаре,cabaret,noun,B2
каблук,heel,noun,B2
кавалок,piece,noun,B2
кадмій,cadmium,noun,B2
какао,cocoa,noun,B2
калорія,calorie,noun,B2
каменюка,rock,noun,B2
Камерун,cameroon,noun,B2
камізелька,waistcoat,noun,B2
капюшон,hood,noun,B2
каратель,punisher,noun,B2
кардіологічний,cardiological,adjective,B2
картопелька,potato,noun,B2
карцер,hole,noun,B2
кастет,brass,noun,B2
категоризація,categorization,noun,B2
квапити,rush,verb,B2
кембриджський,cambridge,adjective,B2
кицька,kitty,noun,B2
кіноплівка,cinefilm,noun,B2
кінчати,finish,verb,B2
Кіров,kirov,noun,B2
кліматологія,climatology,noun,B2
клондайк,gold,noun,B2
книгозбірня,library,noun,B2
кобальт,cobalt,noun,B2
Козятин,koziatyn,noun,B2
комбатант,combatant,noun,B2
комбінувати,combine,verb,B2
комі,komi,noun,B2
конати,to,verb,B2
конвалія,convallaria,noun,B2
коноплі,hemp,noun,B2
конотація,connotation,noun,B2
контратака,counter-attack,noun,B2
контрибуція,tribute,noun,B2
контрреволюціонер,counterrevolutionary,noun,B2
контррозвідник,counterintelligence,noun,B2
корзина,basket,noun,B2
корисливість,self-interestedness,noun,B2
коритися,obey,verb,B2
коричневий,having,adjective,B2
корозія,corrosion,noun,B2
королевич,prince,noun,B2
кофе,coffee,noun,B2
кочегар,stoker,noun,B2
кратер,crater,noun,B2
кремній,silicon,noun,B2
крихкість,fragility,noun,B2
кровопивець,bloodsucker,noun,B2
кров'яний,hematic,adjective,B2
кропива,nettle,noun,B2
крос,cross,noun,B2
крупинка,grain,noun,B2
куртизанка,courtesan,noun,B2
кусати,bite,verb,B2
лакуза,lackey,noun,B2
лама,lama,noun,B2
лат,lat,noun,B2
латиниця,latin,noun,B2
легкоатлет,athlete,noun,B2
ледарство,sloth,noun,B2
лексема,lexeme,noun,B2
лен,fief,noun,B2
ленінізм,leninism,noun,B2
Леонард,leonard,noun,B2
леопард,leopard,noun,B2
лижник,skier,noun,B2
листоноша,mailman,noun,B2
лишок,remainder,noun,B2
лівиця,left,noun,B2
лікарка,leech,noun,B2
лілея,lily,noun,B2
лімфостаз,lymphedema,noun,B2
ліпка,sculpture,noun,B2
ліфчик,brassiere,noun,B2
ліхтарик,flashlight,noun,B2
логос,logos,noun,B2
лондонець,londoner,noun,B2
луна,echo,noun,B2
лункий,voiced,adjective,B2
непарний,odd,adjective,B2
ноші,stretcher,noun,B2
льох,vault,noun,B2
любий,dote,noun,B2
люди,people,noun,B2
людиноненависницький,misanthropic,adjective,B2
Маврикій,mauritius,noun,B2
Магадан,magadan,noun,B2
магній,magnesium,noun,B2
мадярський,hungarian,adjective,B2
македонець,macedonian,noun,B2
малина,raspberry,noun,B2
малоросіянин,little,noun,B2
мальтійський,maltese,adjective,B2
малюсінький,tiny,adjective,B2
маргарин,margarine,noun,B2
марсіанин,martian,noun,B2
мартин,gull,noun,B2
маскарад,masquerade,noun,B2
масляний,unctuous,adjective,B2
медіанний,having,adjective,B2
медуза,jellyfish,noun,C1
мелодрама,melodrama,noun,C1
мережка,lace,noun,C1
месіанізм,messianism,noun,C1
метамова,metalanguage,noun,C1
механістичний,mechanistic,adjective,C1
мимо,past,adverb,C1
миска,dish,noun,C1
мисливство,hunting,noun,C1
мисль,thought,noun,C1
мишачий,mousy,adjective,C1
міжрелігійний,interfaith,adjective,C1
мінералка,mineral,noun,C1
місити,knead,verb,C1
місцеперебування,residence,noun,C1
мітити,mark,verb,C1
міхур,bladder,noun,C1
мішковина,sackcloth,noun,C1
міщанство,bourgeois,noun,C1
молдаванка,moldovan,noun,C1
молитовник,prayer,noun,C1
моргнути,blink,verb,C1
мореплавець,sailor,noun,C1
мох,moss,noun,C1
мстивість,vengefulness,noun,C1
мусульманство,islam,noun,C1
мучитель,torturer,noun,C1
наближуватися,draw,verb,C1
набряк,edema,noun,C1
навантажити,to,verb,C1
нагота,nudity,noun,C1
надсекретний,supersecret,adjective,C1
наймит,hireling,noun,C1
напружити,make,verb,A1
Нарва,narva,noun,C1
нарочито,deliberately,adverb,C1
наручний,wrist,adjective,C1
насінина,seed,noun,C1
науково-фантастичний,science-fiction,adjective,C1
небилиця,fable,noun,C1
невербальний,non-verbal,adjective,C1
невикорінний,ineradicable,adjective,C1
невмілий,inept,adjective,C1
невроз,neurosis,noun,C1
неврологічний,neurological,adjective,C1
невротичний,neurotic,adjective,C1
негарний,ugly,adjective,C1
недосвідченість,inexperience,noun,C1
нежилий,uninhabitable,adjective,C1
незамінність,irreplaceability,noun,C1
незборимий,insurmountable,adjective,C1
незворушність,equanimity,noun,C1
незламність,unbreakability,noun,C1
некрасивий,ugly,adjective,C1
нелінійний,nonlinear,adjective,C1
немилосердний,pitiless,adjective,C1
немислимо,unthinkably,adverb,C1
ненавмисний,unintentional,adjective,C1
ненадійність,unreliability,noun,C1
ненажерливість,greed,noun,C1
ненормальність,anomaly,noun,C1
необачний,reckless,adjective,C1
неодружений,celibate,adjective,C1
неослабний,indefatigable,adjective,C1
непереможність,invincibility,noun,C1
непохитність,unwaveringness,noun,C1
нервозність,nervousness,noun,C1
нервуватися,to,verb,C1
нерішучий,vacillating,adjective,C1
нероба,lazybones,noun,C1
нещирість,insincerity,noun,C1
нирковий,renal,adjective,C1
новачка,beginner,noun,C1
новотвір,neologism,noun,C1
носовий,nasal,adjective,C1
нутро,inside,noun,C1
обдумувати,consider,verb,C1
обеліск,obelisk,noun,C1
обітниця,pledge,noun,C1
облагородити,ennoble,verb,C1
образ,picture,noun,C1
обчислити,calculate,verb,C1
овес,oat,noun,C1
однопалатний,unicameral,adjective,C1
одружити,marry,verb,C1
ожеледиця,black,noun,C1
оксамит,velvet,noun,C1
октава,ottava,noun,C1
окультний,related,adjective,C1
опухлий,swollen,adjective,C1
патетичний,pathetic,adjective,C1
патогенний,pathogenic,adjective,C1
пеніцилін,penicillin,noun,C1
перегородити,to,verb,C1
правдоподібність,probability,noun,C1
олександрійський,oleksandriia,adjective,C1
олива,olive,noun,C1
олігополія,oligopoly,noun,C1
олово,tin,noun,C1
онучка,granddaughter,noun,C1
оплески,applause,noun,C1
оповідати,to,verb,C1
опонентка,opponent,noun,C1
оправдувати,justify,verb,C1
опричнина,oprichnina,noun,C1
освіжати,refresh,verb,C1
осібний,individual,adjective,C1
отруйник,poisoner,noun,C1
Оттава,ottawa,noun,C1
офіціантка,waiter,noun,C1
охайно,neatly,adverb,C1
охлократія,ochlocracy,noun,C1
охоронник,watchman,noun,C1
падаючий,incident,adjective,C1
падчерка,stepdaughter,noun,C1
паладій,palladium,noun,C1
паління,smoking,noun,C1
панамський,panamanian,adjective,C1
панкреатит,pancreatitis,noun,C1
папороть,fern,noun,C1
папуга,parrot,noun,C1
параноя,paranoia,noun,C1
парія,pariah,noun,C1
пасинок,stepson,noun,C1
паска,paska,noun,C1
пастернак,parsnip,noun,C1
патріотка,patriot,noun,C1
пекінський,beijing,adjective,C1
Пелопоннес,peloponnese,noun,C1
Пенза,penza,noun,C1
Первомайськ,pervomaisk,noun,C1
перевалювати,to,verb,C1
перевидати,republish,verb,C1
переїдання,overeating,noun,C1
переміститися,to,verb,C1
переночувати,stay,verb,C1
переодягнутися,change,verb,C1
перестаратися,go,verb,A1
перетравлювати,digest,verb,C1
перпендикулярний,perpendicular,adjective,C1
персидський,persian,adjective,C1
Персія,persia,noun,C1
П'ємонт,piedmont,noun,C1
писанкарство,the,noun,C1
півколо,semicircle,noun,C1
півторамісячний,one-and-a-half-month,adjective,C1
підбадьорливий,encouraging,adjective,C1
підбурювач,instigator,noun,C1
підданець,subject,noun,C1
підмести,sweep,verb,C1
підморгувати,wink,verb,C1
підніжка,footboard,noun,C1
піднос,tray,noun,C1
підривник,detonator,noun,C1
підстраховувати,belay,verb,C1
підхожий,right,adjective,C1
підшипник,bearing,noun,C1
пілігрим,pilgrim,noun,C1
піранья,piranha,noun,C1
пітон,python,noun,C1
піца,pizza,noun,C1
планктон,plankton,noun,C1
планшет,tablet,noun,C1
пластівці,breakfast,noun,C1
плаха,scaffold,noun,C1
плахта,decorative,noun,C1
плиткий,shallow,adjective,C1
пліснява,mildew,noun,C1
пліткувати,gossip,verb,C1
пліч-о-пліч,side,adverb,C1
пломба,seal,noun,C1
плутократія,plutocracy,noun,C1
пляжний,beach,adjective,C1
поблажливість,leniency,noun,C1
поважаний,honorable,adjective,C1
повіка,eyelid,noun,C1
повір'я,myth,noun,C1
повітроплавання,aviation,noun,C1
повставати,rebel,verb,C1
поганяти,chase,verb,C1
погонич,driver,noun,C1
подертий,ragged,adjective,C1
позбуватися,to,verb,C1
познущатися,to,verb,C1
покалічити,maim,verb,C1
покер,poker,noun,C1
покірливість,humility,noun,C1
покривало,cover,noun,C1
покруч,hybrid,noun,C1
полин,wormwood,noun,C1
поліглот,polyglot,noun,C1
полова,chaff,noun,C1
полонянка,captive,noun,C1
полоса,band,noun,C1
поляна,glade,noun,C1
поплавати,swim,verb,C1
породілля,new,noun,A1
посвяткувати,celebrate,verb,C1
посланник,messenger,noun,C1
поснідати,breakfast,verb,C1
поспівати,make,verb,A1
похмілля,hangover,noun,C1
похоронити,bury,verb,C1
почервоніти,color,verb,C1
правець,tetanus,noun,C1
правиця,right,noun,C1
пражанин,praguer,noun,C1
прайм-тайм,prime,noun,C1
прання,laundry,noun,C1
працевлаштовувати,employ,verb,C1
прем'єр-міністр,prime,noun,C1
претендентка,pretender,noun,C1
привселюдний,public,adjective,C1
пригноблення,oppression,noun,C1
приголосний,consonantal,adjective,C1
придане,dowry,noun,C1
призвичаюватися,get,verb,A1
приземлятися,land,verb,C1
прикидатися,feign,verb,C1
прикордоння,borderland,noun,C1
примірювати,try,verb,A1
примножуватися,multiply,verb,C1
присмерк,twilight,noun,C1
присоромити,abash,verb,C1
приспів,chorus,noun,C1
притягальний,attractive,adjective,C1
пришвидшувати,speed,verb,C1
пробіг,mileage,noun,C1
пробіл,space,noun,C1
пробудитися,wake,verb,C1
прогулювати,bunk,verb,C1
продумувати,think,verb,A1
прокидатися,wake,verb,C1
Прокопій,procopius,noun,C1
простуда,cold,noun,C1
протизапальний,anti-inflammatory,adjective,C1
протиотрута,antidote,noun,C1
прочанин,pilgrim,noun,C1
психотерапевтичний,psychotherapeutic,adjective,C1
птаха,bird,noun,C1
пузатий,potbellied,adjective,C1
пустоцвіт,barren,noun,C1
путчист,putschist,noun,C1
пух,down,noun,C1
пухкий,friable,adjective,C1
пушок,down,noun,C1
пшоно,millet,noun,C1
п'яниця,drunkard,noun,C1
п'ятнадцятий,fifteenth,adjective,C1
раба,female,noun,C1
рамадан,ramadan,noun,C1
рахівниця,abacus,noun,C1
рахівський,rakhiv,adjective,C1
ревізіоністський,revisionist,adjective,C1
ревінь,rhubarb,noun,C1
регент,regent,noun,C1
редакторка,editor,noun,C1
ремонтник,repairer,noun,C1
реп'ях,burr,noun,C1
риб'ячий,piscine,adjective,C1
ридання,sob,noun,C1
Рієка,rijeka,noun,C1
різнити,to,verb,C1
різнорідний,heterogeneous,adjective,C1
ріпка,turnip,noun,C1
робітниця,employee,noun,C1
розвити,develop,verb,C1
розвіювати,dispel,verb,C1
розголосити,to,verb,C1
роздягнутися,disrobe,verb,C1
роздягти,disrobe,verb,C1
роздягтися,disrobe,verb,C1
розквітлий,full-blown,adjective,C1
розкошування,delight,noun,C1
розмножитися,multiply,verb,C1
розпещений,spoiled,adjective,C1
розпізнавання,verbal,noun,C1
розпродувати,sell,verb,C1
розслаблення,relaxation,noun,C1
розташовувати,locate,verb,C1
рушати,stir,verb,C1
саксофон,saxophone,noun,C1
самбо,sambo,noun,C1
самець,male,noun,C1
самка,female,noun,C1
самовдоволений,complacent,adjective,C1
самовладання,equanimity,noun,C1
самогубець,suicide,noun,C1
самообман,self-deception,noun,C1
сарафан,sarafan,noun,C1
сатрап,satrap,noun,C1
святотатство,sacrilege,noun,C1
сербсько-хорватський,pertaining,adjective,C1
сердечно,cordially,adverb,C1
сестринський,sororal,adjective,C1
сеча,urine,noun,C1
сигара,cigar,noun,C1
симетрично,symmetrically,adverb,C1
симулювати,simulate,verb,C1
синагога,synagogue,noun,C1
синиця,chickadee,noun,C1
синівський,filial,adjective,C1
синьо-зелений,blue,adjective,C1
сипучий,friable,adjective,C1
сироп,syrup,noun,C1
Сицилія,sicily,noun,C1
сич,owl,noun,C1
сідниця,buttock,noun,C1
сізіфів,sisyphean,adjective,C1
сікти,hack,verb,C1
сімнадцятий,seventeenth,adjective,C1
скалічити,to,verb,C1
скарбник,treasurer,noun,C1
скинення,overthrow,noun,C1
скін,skinhead,noun,C1
скінхед,member,noun,C1
скорий,quick,adjective,C1
скорпіон,scorpion,noun,C1
слабий,weak,adjective,C1
слабість,weakness,noun,C1
словенець,slovene,noun,C1
Слов'янськ,sloviansk,noun,C1
смерековий,spruce,adjective,C1
смикатися,to,verb,C1
смиренність,humility,noun,C1
смутний,sad,adjective,C1
солярка,diesel,noun,C1
соня,sleepyhead,noun,C1
сорокатисячний,forty-thousandth,adjective,C1
сором'язливість,shyness,noun,C1
соціолінгвістика,sociolinguistics,noun,C1
спереду,down,adverb,C1
співвітчизниця,compatriot,noun,C1
співпереживати,empathize,verb,C1
спішити,to,verb,C1
спішити,rush,verb,C1
сповільнення,deceleration,noun,C1
сповільнити,decelerate,verb,C1
споряджати,accouter,verb,C1
ссати,suck,verb,C1
стакан,glass,noun,C1
сталевар,steelworker,noun,C1
статистично,statistically,adverb,C1
стебло,stem,noun,C1
стерегтися,beware,verb,C1
стінний,wall,adjective,C1
стодола,barn,noun,C1
стоматологія,dentistry,noun,C1
стомливий,tiring,adjective,C1
страхати,frighten,verb,C1
страшити,frighten,verb,C1
стукатися,collide,verb,C1
ступня,foot,noun,C1
субтитр,subtitle,noun,C1
суніт,follower,noun,C1
суфлер,teleprompter,noun,C1
сухість,aridities,noun,C1
тавтологічний,tautological,adjective,C1
таксі,taxi,noun,C1
талія,waist,noun,C1
тезис,thesis,noun,C1
телепень,fool,noun,C1
телиця,heifer,noun,C1
теліпатися,dangle,verb,C1
телятина,veal,noun,C1
терзати,anguish,verb,C1
термометр,thermometer,noun,C1
терція,third,noun,C1
тигриця,tigress,noun,C1
ткати,weave,verb,C1
товкти,pound,verb,C1
товмач,interpreter,noun,C1
токар,turner,noun,C1
Токмак,tokmak,noun,C1
токсикологія,toxicology,noun,C1
топка,furnace,noun,C1
торбинка,purse,noun,C1
торкати,touch,verb,C1
торкнути,touch,verb,C1
торс,torso,noun,C1
торф,peat,noun,C1
традиціоналізм,traditionalism,noun,C1
тракторист,tractor,noun,C1
трибуна,stand,noun,C1
тригодинний,three-hour,adjective,C1
трилисник,trefoil,noun,C1
тритон,newt,noun,C1
трійчастий,triple,adjective,C1
троцькіст,trotskyite,noun,C1
трусики,panties,noun,C1
худорлявий,scrawny,adjective,C1
тулити,to,verb,C1
тульський,tula,adjective,C1
Туркменія,turkmenistan,noun,C1
тьотя,aunt,noun,C1
тячівський,tiachiv,adjective,C1
увертюра,overture,noun,C1
ув'язнювати,imprison,verb,C1
удобрювати,fertilize,verb,C1
українізувати,ukrainianize,verb,C1
ультразвук,ultrasound,noun,C1
ультрафіолетовий,ultraviolet,adjective,C1
умирати,die,verb,C1
упакувати,pack,verb,C1
утіха,entertainment,noun,C1
утомлений,tired,adjective,C1
утопити,drown,verb,C1
файно,well,adverb,C1
фарш,mince,noun,C1
фетишизація,fetishization,noun,C1
фіалка,violet,noun,C1
фіолетовий,purple,adjective,C1
фокусник,magician,noun,C1
фокусувати,focus,verb,C1
фунікулер,funicular,noun,C1
фургон,van,noun,C1
хазяйновитий,diligent,adjective,C1
Харцизьк,khartsyzk,noun,C1
хімчистка,dry,noun,C1
хокей,hockey,noun,C1
холонути,cool,verb,C1
хормейстер,choirmaster,noun,C1
Хорол,khorol,noun,C1
хоронити,bury,verb,C1
християнізація,christianization,noun,C1
хрін,horseradish,noun,C1
хром,chromium,noun,C1
хронометраж,timing,noun,C1
хусточка,handkerchief,noun,C1
хустський,khust,adjective,C1
церемоніальний,ceremonial,adjective,C1
цимбали,tsymbaly,noun,C1
цирконій,zirconium,noun,C1
цінитель,judge,noun,C1
цоколь,plinth,noun,C1
чартер,charter,noun,C1
чванство,pride,noun,C1
черешня,cherry,noun,C1
черствість,staleness,noun,C1
чесати,comb,verb,C1
честолюбний,ambitious,adjective,C1
чистенький,diminutive,adjective,C1
чистилище,purgatory,noun,C1
чорнобривець,marigold,noun,C1
шабаш,coven,noun,C1
шал,distress,noun,C1
шаман,shaman,noun,C1
шампанське,champagne,noun,C1
шарманка,barrel,noun,C1
швачка,seamstress,noun,C1
шеврон,chevron,noun,C1
шепіт,whisper,noun,C1
шиба,windowpane,noun,C1
шимпанзе,chimpanzee,noun,C1
шістсот,six,numeral,C1
шкаралупа,shell,noun,C1
шкірка,leather,noun,C1
шльондра,whore,noun,C1
шмагати,trounce,verb,C1
шмаття,threads,noun,C1
шоколадка,chocolate,noun,C1
шори,blinker,noun,C1
шорти,shorts,noun,C1
шотландець,scotsman,noun,C1
шоу,show,noun,C1
шпетити,scold,verb,C1
штора,blind,noun,C1
штормовий,storm,adjective,C1
штурмовий,assault,adjective,C1
щебетати,to,verb,C1
щезати,to,verb,C1
щипці,pliers,noun,C1
щоночі,nightly,adverb,C1
щопонеділка,mondays,adverb,C1
щосекунди,every,adverb,C1
явір,sycamore,noun,C1
ягня,lamb,noun,C1
ясна,gum,noun,C1
абдомінальний,abdominal,adjective,C1
аберація,aberration,noun,C1
абищо,anything,pronoun,C1
абордаж,boarding,noun,C1
абрис,contour,noun,C1
абсент,absinthe,noun,C1
Авель,abel,noun,C1
авіалайнер,airliner,noun,C1
авіапереліт,air,noun,C1
авіасалон,aviation,noun,C1
аврал,all,noun,C1
автобіографічність,autobiographicalness,noun,C1
автовідповідач,voicemail,noun,C1
автоколона,convoy,noun,C1
автопілот,autopilot,noun,C1
агрономія,agronomy,noun,C1
аґрус,gooseberry,noun,C1
аеродинаміка,aerodynamics,noun,C1
ажур,openwork,noun,C1
азбучний,of,adjective,C1
айва,quince,noun,C1
акання,akanye,noun,C1
акваланг,aqualung,noun,C1
ангажемент,engagement,noun,C1
борозна,furrow,noun,C1
бризкати,splash,verb,C1
бринза,bryndza,noun,C1
акордеоніст,accordionist,noun,C1
акр,acre,noun,C1
активістський,activist,adjective,C1
активувати,enable,verb,C1
акупунктура,acupuncture,noun,C1
акушер,obstetrician,noun,C1
Алабама,alabama,noun,C1
алжирець,algerian,noun,C1
алхімія,alchemy,noun,C1
альбатрос,albatross,noun,C1
альков,alcove,noun,C1
аметист,amethyst,noun,C1
ампула,ampoule,noun,C1
ампутація,amputation,noun,C1
анальний,anal,adjective,C1
англійка,english,noun,C1
англіцизм,anglicism,noun,C1
анемічний,anemic,adjective,C1
Антарктида,antarctica,noun,C1
аорта,aorta,noun,C1
Аполлон,apollo,noun,C1
апологетика,apologetics,noun,C1
арамейський,aramaic,adjective,C1
арахіс,peanut,noun,C1
Артеміда,artemis,noun,C1
архаїзм,archaism,noun,C1
Архімед,archimedes,noun,C1
аспірація,aspiration,noun,C1
ассирійський,assyrian,adjective,C1
Атлантида,atlantis,noun,C1
аудієнція,audience,noun,C1
Афродіта,aphrodite,noun,C1
бавити,entertain,verb,C1
багамський,bahamian,adjective,C1
багатобічний,multilateral,adjective,C1
багатоденний,multiday,adjective,C1
багатоженство,polygamy,noun,C1
багатокутник,polygon,noun,C1
багатомовність,multilingualism,noun,C1
багатообіцяльний,promising,adjective,C1
багачка,rich,noun,C1
базікання,verbal,noun,C1
байбак,marmot,noun,C1
бампер,bumper,noun,C1
банкротство,bankruptcy,noun,C1
баняк,cauldron,noun,C1
бараболя,potato,noun,C1
баранина,mutton,noun,C1
баранячий,sheepskin,adjective,C1
батон,loaf,noun,C1
батут,trampoline,noun,C1
батьки,parent,noun,C1
батько,parent,noun,C1
Башкортостан,bashkortostan,noun,C1
бегемот,behemoth,noun,C1
безбарвний,colourless,adjective,C1
безбережний,shoreless,adjective,C1
безголов'я,misfortune,noun,C1
безнадійність,hopelessness,noun,C1
безпощадний,ruthless,adjective,C1
безпроцентний,interest-free,adjective,C1
безрозсудний,reckless,adjective,C1
безсердечний,heartless,adjective,C1
бентежний,embarrassing,adjective,C1
березовий,birch,adjective,C1
берізка,convolvulus,noun,C1
Бермуди,bermuda,noun,C1
Берн,bern,noun,C1
Бєлгород,belgorod,noun,C1
бинт,bandage,noun,C1
біб,bean,noun,C1
бідон,canteen,noun,C1
бієнале,biennale,noun,C1
білоруска,person,noun,C1
білошкірий,white-skinned,adjective,C1
більярд,billiards,noun,C1
бірюзовий,turquoise,adjective,C1
бісів,bloody,adjective,C1
бісквіт,sponge,noun,C1
біснуватий,demoniac,adjective,C1
блискавковідвід,lightning,noun,C1
бліднути,to,verb,C1
блондин,male,noun,C1
блуза,blouse,noun,C1
блювати,vomit,verb,C1
блюдечко,saucer,noun,C1
блюдце,saucer,noun,C1
блюзнірський,profane,adjective,C1
бовдур,chimney,noun,C1
богослужбовий,liturgical,adjective,C1
Богота,bogot,noun,C1
боготворити,adore,verb,C1
богохульство,blasphemy,noun,C1
бойня,abattoir,noun,C1
болградський,bolhrad,adjective,C1
босняк,bosnian,noun,C1
бот,bot,noun,C1
боягузливий,cowardly,adjective,C1
бравада,bravado,noun,C1
бразилійка,brazilian,noun,C1
брандспойт,water,noun,A1
братовбивчий,fratricidal,adjective,C1
бройлер,broiler,noun,C1
брошка,brooch,noun,C1
бубон,tambourine,noun,C1
бугай,bull,noun,C1
буддистський,buddhist,adjective,C1
будуар,bower,noun,C1
булочка,bun,noun,C1
бульйон,broth,noun,C1
булькати,gluck,verb,C1
бундючний,arrogant,adjective,C1
бурлак,burlak,noun,C1
бурт,clamp,noun,C1
бухгалтерка,bookkeeper,noun,C1
вагінальний,vaginal,adjective,C1
вагітніти,fall,verb,C1
вазон,flowerpot,noun,C1
варшав'янин,varsovian,noun,C1
ватник,vatnik,noun,C1
ввіз,practice,noun,C1
вдвоє,twice,adverb,C1
вегетаріанець,vegetarian,noun,C1
ведмедик,bear,noun,C1
великодушний,generous,adjective,C1
Веніамін,benjamin,noun,C1
вепр,wild,noun,C1
вербний,willow,adjective,C1
верес,heather,noun,C1
верзти,to,verb,C1
вернутися,return,verb,C1
вестерн,western,noun,C1
ветхий,decrepit,adjective,C1
вигін,pasture,noun,C1
видиво,vision,noun,C1
виз,bastard,noun,C1
викрутка,screwdriver,noun,C1
вилиця,cheekbone,noun,C1
вилка,fork,noun,C1
Вилкове,vylkove,noun,C1
вилупитися,hatch,verb,C1
вимотувати,do,verb,A1
випадіння,falling,noun,C1
виплата,verbal,noun,C1
виправдувати,justify,verb,C1
випрати,launder,verb,C1
випростати,to,verb,C1
вирити,get,verb,A1
виродитися,degenerate,verb,C1
височінь,height,noun,C1
волость,volost,noun,C1
волох,person,noun,C1
гористий,mountainous,adjective,C1
Горки,horki,noun,C1
грядка,bed,noun,A1
декаданс,decadence,noun,C1
декадентський,decadent,adjective,C1
висушувати,drain,verb,C1
витребенька,trinket,noun,C1
вихідний,holiday,noun,C1
вівчарка,sheepdog,noun,C1
відбивач,reflector,noun,C1
відв'язувати,untie,verb,C1
відеокасета,videocassette,noun,C1
відказувати,bequeath,verb,C1
відкопати,to,verb,C1
відкопувати,to,verb,C1
відлив,tide,noun,C1
відмінок,case,noun,C1
відноситися,apply,verb,C1
відрижка,burp,noun,C1
відшмагати,to,verb,C1
вінегрет,vinaigrette,noun,C1
віншування,congratulation,noun,C1
Вітебськ,vitebsk,noun,C1
вітерець,breeze,noun,C1
вішалка,coat,noun,C1
Влас,blasius,noun,C1
внутрішньоклітинний,intracellular,adjective,C1
вогкість,moisture,noun,C1
вогнедишний,fire-breathing,adjective,C1
водомет,water,noun,A1
водостік,gutter,noun,C1
вознесіння,ascension,noun,C1
ворогувати,to,verb,C1
восьмигодинний,eight-hour,adjective,C1
воша,louse,noun,C1
всадити,sink,verb,C1
всеїдний,omnivorous,adjective,C1
вуглеводний,carbohydrate,adjective,C1
вугор,pimple,noun,C1
вчителювання,verbal,noun,C1
в'янути,wither,verb,C1
гадюка,viper,noun,C1
газонокосарка,lawnmower,noun,C1
Галич,halych,noun,C1
галушка,dumpling,noun,C1
галюцинація,hallucination,noun,C1
гауптвахта,stockade,noun,C1
гедоністичний,hedonistic,adjective,C1
гейзер,geyser,noun,C1
геофізика,geophysics,noun,C1
гербарій,herbarium,noun,C1
героїзувати,heroize,verb,C1
герцогиня,duchess,noun,C1
гиря,kettlebell,noun,C1
гичка,mane,noun,C1
гін,chasing,noun,C1
гіперболізований,exaggerated,adjective,C1
гіперзвуковий,hypersonic,adjective,C1
гіпс,cast,noun,C1
гістологія,histology,noun,C1
гладіаторський,gladiatorial,adjective,C1
глід,hawthorn,noun,C1
глупство,stupidity,noun,C1
глухар,capercaillie,noun,C1
глядачка,viewer,noun,C1
гниль,rottenness,noun,C1
гнобитель,oppressor,noun,C1
голкіпер,goalkeeper,noun,C1
головешка,brand,noun,C1
головиха,chairwoman,noun,C1
головоломний,brain-bending,adjective,C1
Гольфстрім,gulf,noun,C1
Гомель,gomel,noun,C1
гомілка,shin,noun,C1
гони,ancient,noun,C1
гонити,chivvy,verb,C1
гонористий,arrogant,adjective,C1
гонщик,racer,noun,C1
горн,clarion,noun,C1
горнятко,endearing,noun,C1
градусник,thermometer,noun,C1
Гренландія,greenland,noun,C1
гречаник,bread,noun,C1
гречанка,person,noun,C1
грива,mane,noun,C1
гріховність,sinfulness,noun,C1
грозити,to,verb,C1
громило,thug,noun,C1
громовиця,lightning,noun,C1
гросмейстер,grandmaster,noun,C1
грошевий,pecuniary,adjective,C1
грузовик,truck,noun,C1
губний,labial,adjective,C1
гудок,horn,noun,C1
гурманство,gourmandism,noun,C1
гусениця,caterpillar,noun,C1
гучність,volume,noun,C1
Дагестан,dagestan,noun,C1
дамка,king,noun,C1
двократний,two-time,adjective,C1
двоногий,bipedal,adjective,C1
Дебальцеве,debaltseve,noun,C1
дев'ятсот,nine,numeral,C1
деколонізація,decolonization,noun,C1
декомунізація,decommunization,noun,C1
Делі,delhi,noun,C1
дельтаплан,hang,noun,C1
демонологія,demonology,noun,C1
демпінг,dumping,noun,C1
дирижабль,dirigible,noun,C1
екзистенціалізм,existentialism,noun,C1
задумливий,pensive,adjective,C1
держак,hilt,noun,C1
дерматит,dermatitis,noun,C1
джем,jam,noun,C1
джерельце,fontanelle,noun,C1
джокер,joker,noun,C1
дизентерія,dysentery,noun,C1
дикунський,barbarian,adjective,C1
димохід,chimney,noun,C1
дитятко,baby,noun,C1
дібратися,to,verb,C1
дівча,girl,noun,A1
дівчачий,girlish,adjective,C1
дідівщина,dedovshchina,noun,C1
ділення,division,noun,C1
довгота,longitude,noun,C1
догматизм,dogmatism,noun,C1
доданок,addend,noun,C1
доконати,to,verb,C1
домовласник,landlord,noun,C1
Дортмунд,dortmund,noun,C1
досада,annoyance,noun,C1
дослівний,verbatim,adjective,C1
дотична,tangent,noun,C1
дошкільник,preschooler,noun,C1
дощити,of,verb,C1
дрібка,grain,noun,C1
Дубай,dubai,noun,C1
дубець,bludgeon,noun,C1
дубинка,club,noun,C1
дука,rich,noun,C1
духівниця,testament,noun,C1
духмяний,fragrant,adjective,C1
дяка,will,noun,C1
Еверест,mount,noun,C1
егалітаризм,egalitarianism,noun,C1
егалітарний,egalitarian,adjective,C1
Езоп,aesop,noun,C1
економістка,economist,noun,C1
екстракт,extract,noun,C1
електромагніт,electromagnet,noun,C1
Елізабет,elizabeth,noun,C1
емблематичний,emblematic,adjective,C1
енцикліка,encyclical,noun,C1
еполет,epaulette,noun,C1
Еритрея,eritrea,noun,C1
ескімос,member,noun,C1
ескорт,convoy,noun,C1
естонка,estonian,noun,C1
етіологія,aetiology,noun,C1
єврейка,jewess,noun,C1
жалість,pity,noun,C1
жалоба,complaint,noun,C1
жалоба,mourning,noun,C1
жалощі,grief,noun,C1
Жашків,zhashkiv,noun,C1
жереб,lot,noun,C1
жерсть,tin,noun,C1
жертвопринесення,sacrifice,noun,C1
жертвоприношення,immolation,noun,C1
жилетка,waistcoat,noun,C1
Жмеринка,zhmerynka,noun,C1
жмут,bunch,noun,C1
Жуль,jules,noun,C1
журний,down,adjective,C1
забавний,entertaining,adjective,C1
заварювати,steep,verb,C1
завищити,to,verb,C1
заволодівати,to,verb,C1
загарбати,conquer,verb,C1
загостритися,escalate,verb,C1
заземлювати,connect,verb,C1
закреслювати,strike,verb,C1
закривавлений,bloody,adjective,C1
закрутка,scroll,noun,C1
залізобетон,ferroconcrete,noun,C1
заметіль,snowstorm,noun,C1
занос,skidding,noun,C1
запалювальний,incendiary,adjective,C1
запечений,baked,adjective,C1
запліднення,impregnation,noun,C1
заправити,to,verb,C1
зарити,bury,verb,C1
заробітчанський,relating,adjective,C1
зарядити,charge,verb,C1
засекречувати,classify,verb,C1
засмага,tan,noun,C1
заспаний,sleepy,adjective,C1
застудити,to,verb,C1
застудитися,catch,verb,C1
засувка,bolt,noun,C1
затвор,bolt,noun,C1
затиск,clamp,noun,C1
затор,gridlock,noun,C1
зафарбовувати,color,verb,C1
захворювати,fall,verb,C1
захриплий,hoarse,adjective,C1
збіднювати,to,verb,C1
збліднути,to,verb,C1
збруя,harness,noun,C1
кібератака,cyberattack,noun,C1
кікбоксинг,kickboxing,noun,C1
конюшина,clover,noun,C1
лоскотання,tickle,noun,C1
лосось,salmon,noun,C1
звечора,since,adverb,C1
звузитися,to,verb,C1
згарище,conflagration,noun,C1
згодитися,consent,verb,C1
здалека,from,adverb,C1
здирник,scammer,noun,C1
здравиця,toast,noun,C1
зебра,zebra,noun,C1
зернинка,grain,noun,C1
зерносховище,granary,noun,C1
зірниця,sunrise,noun,C1
зловтіха,schadenfreude,noun,C1
Зміїв,zmiiv,noun,C1
змійка,zip,noun,C1
зморшок,morel,noun,C1
знаючий,aware,adjective,C1
знезаражувати,disinfect,verb,C1
знівечити,maim,verb,C1
зоомагазин,pet,noun,C1
Зоряна,inflection,noun,C1
зосередженість,mind,noun,C1
зрозуміння,understanding,noun,C1
зухвальство,insolence,noun,C1
зчіпка,shackle,noun,C1
Іванко,johnny,noun,C1
ідальго,hidalgo,noun,C1
ідіом,idiom,noun,C1
ідіома,idiom,noun,C1
ідолопоклонство,idolatry,noun,C1
ієрархічно,hierarchically,adverb,C1
ізоляціоніст,isolationist,noun,C1
Іллінойс,illinois,noun,C1
інвазія,invasion,noun,C1
індивідуалістичний,individualistic,adjective,C1
індичка,turkey,noun,C1
індіанка,indian,noun,C1
індонезієць,indonesian,noun,C1
інсайдер,insider,noun,C1
інтеграл,integral,noun,C1
інцест,incest,noun,C1
їдиш,yiddish,noun,C1
Йорк,city,noun,A1
кавалерист,horseman,noun,C1
казання,sermon,noun,C1
кайзер,kaiser,noun,C1
калитка,scrotum,noun,C1
калуський,kalush,adjective,C1
канапка,sofa,noun,C1
канатоходець,tightrope,noun,C1
Канберра,canberra,noun,C1
канібалізм,cannibalism,noun,C1
канонік,canon,noun,C1
капіляр,capillary,noun,C1
капітель,capital,noun,C1
капусняк,shchi,noun,C1
карабін,carabiner,noun,C1
Карл,charles,noun,C1
Карфаген,carthage,noun,C1
каяття,repentance,noun,C1
квазар,quasar,noun,C1
кварк,quark,noun,C1
Кембридж,cambridge,noun,C1
Кентуккі,kentucky,noun,C1
кибитка,kibitka,noun,C1
кип'ятити,to,verb,C1
киця,kitty,noun,C1
кишенька,diminutive,noun,C1
кінозірка,movie,noun,C1
кінозйомка,filming,noun,C1
Климентій,clement,noun,C1
клиноподібний,cuneiform,adjective,C1
кляп,gag,noun,C1
книш,knish,noun,C1
ковельський,kovel,adjective,C1
ковтнути,to,verb,C1
ковтун,knot,noun,C1
козачок,boy,noun,A1
козиний,hircine,adjective,C1
козирок,awning,noun,C1
кокарда,cockade,noun,C1
кокетувати,flaunt,verb,C1
кокон,bottom,noun,C1
колабораціонізм,collaboration,noun,C1
колінний,genual,adjective,C1
коловорот,vortex,noun,C1
колонізувати,colonize,verb,C1
компіляція,compilation,noun,C1
Комсомольськ,komsomolsk,noun,C1
комутатор,switch,noun,C1
конденсуватися,condense,verb,C1
контраргумент,counterargument,noun,C1
контрацептив,contraceptive,noun,C1
копиця,haystack,noun,C1
корабел,shipbuilder,noun,C1
кораблик,nautilus,noun,C1
кореспондувати,correspond,verb,C1
кориця,cinnamon,noun,C1
корок,top,noun,C1
короп,carp,noun,C1
Корсика,corsica,noun,C1
корч,snag,noun,C1
Костянтинівка,kostiantynivka,noun,C1
коток,kitty,noun,C1
котячий,feline,adjective,C1
кошара,stable,noun,C1
Кравчук,taylor,noun,C1
краля,beauty,noun,C1
Краснодар,krasnodar,noun,C1
красномовність,rhetoric,noun,C1
кредитоспроможність,one,noun,A1
Кременець,kremenets,noun,C1
кремінь,flint,noun,C1
кремнієвий,silicon,adjective,C1
крижина,floe,noun,C1
криси,brim,noun,C1
кровожерність,bloodthirst,noun,C1
кровопускання,bloodletting,noun,C1
кровотеча,bleeding,noun,C1
кролячий,leporine,adjective,C1
крякати,caw,verb,C1
ксенофоб,xenophobe,noun,C1
купальний,bathing,adjective,C1
курс,year,noun,A1
курсор,cursor,noun,C1
Курськ,kursk,noun,C1
курфюрст,elector,noun,C1
куховарити,cook,verb,C1
лазер,laser,noun,C1
ламкий,fragile,adjective,C1
лань,fallow,noun,C1
лата,patch,noun,C1
латаття,water,noun,A1
латинізація,latinization,noun,C1
латунь,brass,noun,C1
лейкемія,leukemia,noun,C1
Лена,lena,noun,C1
лесбіянка,homosexual,noun,C1
Лесото,lesotho,noun,C1
лизати,lick,verb,C1
лико,bast,noun,C1
липнути,stick,verb,C1
литий,made,adjective,C1
литка,calf,noun,C1
литовка,lithuanian,noun,C1
лікер,liqueur,noun,C1
Ліон,lyon,noun,C1
ліс,wood,noun,C1
ліщина,hazel,noun,C1
лляний,related,adjective,C1
Лодзь,lodz,noun,C1
локон,ringlet,noun,C1
лопух,burdock,noun,C1
Луїзіана,louisiana,noun,C1
Лук'ян,lucian,noun,C1
лупа,magnifying,noun,C1
лупа,dandruff,noun,C1
ночви,kneading,noun,C1
Любляна,ljubljana,noun,C1
лялечка,pupa,noun,C1
лящ,slap,noun,C1
мабуть,perhaps,adverb,C1
мабуть,apparently,adverb,C1
мавпячий,simian,adjective,C1
мазати,anoint,verb,C1
макітра,hollow,noun,C1
малайський,of,adjective,C1
малодушний,craven,adjective,C1
малодушність,cowardice,noun,C1
малоруський,little,adjective,C1
мальва,hollyhock,noun,C1
Мальдіви,maldives,noun,C1
мамка,wet,noun,C1
манірний,prissy,adjective,C1
маргіналізувати,marginalize,verb,C1
маринований,marinated,adjective,C1
марновірство,superstition,noun,C1
мастильний,grease,adjective,C1
математик,mathematician,noun,C1
матка,womb,noun,C1
матріархат,matriarchy,noun,C1
Махачкала,makhachkala,noun,C1
махлювати,cheat,verb,C1
машинерія,machinery,noun,C1
мегабайт,megabyte,noun,C1
мегалітичний,megalithic,adjective,C1
меланхолік,melancholic,noun,C1
мерзенний,sordid,adjective,C1
метаболізм,metabolism,noun,C1
метаболічний,metabolic,adjective,C1
мешкання,habitation,noun,C1
Миронівка,myronivka,noun,C1
мізинець,little,noun,C1
мікропроцесор,microprocessor,noun,C1
мікросекунда,microsecond,noun,C1
мінарет,minaret,noun,C1
мінералогія,mineralogy,noun,C1
Мінерва,minerva,noun,C1
мінування,mining,noun,C1
мінувати,to,verb,C1
мірошник,miller,noun,C1
Міссісіпі,mississippi,noun,C1
міх,bellows,noun,C1
Мічурін,michurin,noun,C1
мішок,bag,noun,C1
мовець,speaker,noun,C1
мокрота,phlegm,noun,C1
монахиня,nun,noun,C1
моногамія,monogamy,noun,C1
монограма,monogram,noun,C1
монохромний,monochrome,adjective,C1
Моравія,moravia,noun,C1
морена,moraine,noun,C1
морфологічний,morphological,adjective,C1
Моссад,mossad,noun,C1
мряка,drizzle,noun,C1
музикознавство,musicology,noun,C1
мулла,mullah,noun,C1
мурашник,anthill,noun,C1
мускат,nutmeg,noun,C1
м'ясник,butcher,noun,C1
м'ята,mint,noun,C1
наволоч,scoundrel,noun,C1
наврочити,jinx,verb,C1
надвірний,outer,adjective,C1
надземний,superterrestrial,adjective,C1
надокучливий,irksome,adjective,C1
назавше,forever,adverb,C1
наїдатися,eat,verb,C1
наказовий,imperative,adjective,C1
Нальчик,nalchik,noun,C1
намаз,salat,noun,C1
намордник,muzzle,noun,C1
напалм,napalm,noun,C1
наплавний,floating,adjective,C1
наплічник,backpack,noun,C1
напружитися,become,verb,C1
наріст,growth,noun,C1
наріччя,dialect,noun,C1
насильник,rapist,noun,C1
натирати,grate,verb,C1
натівський,nato,adjective,C1
нахлинути,rush,verb,C1
нашийник,collar,noun,C1
наяда,mermaid,noun,C1
неандертальський,neanderthal,adjective,C1
невагомість,weightlessness,noun,C1
Невада,nevada,noun,C1
невимогливий,lenient,adjective,C1
невихований,ill-bred,adjective,C1
невідступний,unyielding,adjective,C1
неголений,unshaven,adjective,C1
неграмотний,illiterate,adjective,C1
недовірливий,distrustful,adjective,C1
незадоволеність,frustration,noun,C1
незвичайність,sight,noun,C1
незграбність,clumsiness,noun,C1
нездоров'я,disease,noun,C1
некрополь,necropolis,noun,C1
нелюдяний,inhuman,adjective,C1
Немирів,nemyriv,noun,C1
неписьменність,illiteracy,noun,C1
непитущий,nondrinking,adjective,C1
неплатоспроможність,insolvency,noun,C1
непоєднуваний,incompatible,adjective,C1
непокірність,disobedience,noun,C1
непорочність,chastity,noun,C1
непривітний,unfriendly,adjective,C1
непростимий,unforgivable,adjective,C1
Нептун,neptune,noun,C1
неробство,idleness,noun,C1
нерозлучний,inseparable,adjective,C1
несамохіть,inadvertently,adverb,C1
несказанний,indescribable,adjective,C1
нестися,tear,verb,C1
неуважний,careless,adjective,C1
нечутливий,insensitive,adjective,C1
неясність,ambiguity,noun,C1
нижник,bottom,noun,C1
ніздря,nostril,noun,C1
нікель,nickel,noun,C1
нікчема,schmuck,noun,C1
німота,germans,noun,C1
німота,muteness,noun,C1
нірвана,nirvana,noun,C1
Новомосковськ,novomoskovsk,noun,C1
нокаут,knockout,noun,C1
норка,mink,noun,C1
ньюйорківець,new,noun,A1
обдумати,think,verb,A1
обжерливість,gluttony,noun,C1
обігрівач,heater,noun,C1
обліковець,counter,noun,C1
обмінник,bureau,noun,C1
обопільно,mutually,adverb,C1
оброблення,verbal,noun,C1
обслужити,cater,verb,C1
обтічник,cowling,noun,C1
обчислювач,calculator,noun,C1
однодумний,unanimous,adjective,C1
однокурсниця,coursemate,noun,C1
однолітній,one-year-old,adjective,C1
одномовний,monolingual,adjective,C1
ожина,blackberry,noun,C1
озброювати,to,verb,C1
озброюватися,to,verb,C1
оздоба,ornament,noun,C1
окіст,ham,noun,C1
окраєць,heel,noun,C1
окрик,exclamation,noun,C1
оральний,oral,adjective,C1
патефон,gramophone,noun,C1
перегрупуватися,regroup,verb,C1
оленя,fawn,noun,C1
омолодити,rejuvenate,verb,C1
опалювач,stoker,noun,C1
опертя,something,noun,C1
опівдні,at,adverb,C1
опікунка,guardian,noun,C1
опіум,drug,noun,C1
оповістити,notify,verb,C1
опора,prop,noun,C1
опосередкувати,mediate,verb,C1
оптимістка,female,noun,C1
оргазм,orgasm,noun,C1
орлиний,aquiline,adjective,C1
орнітологія,ornithology,noun,C1
Осака,osaka,noun,C1
осанка,posture,noun,C1
осел,donkey,noun,C1
оселитися,settle,verb,C1
ослінчик,stool,noun,C1
оснащувати,to,verb,C1
особо,separately,adverb,C1
осоромити,shame,verb,C1
оспівати,to,verb,C1
Остін,austin,noun,C1
осудження,sentence,noun,C1
ощадність,thrift,noun,C1
ощасливлювати,to,verb,C1
паб,tavern,noun,C1
памфлет,pamphlet,noun,C1
пандус,ramp,noun,C1
панікер,scaremonger,noun,C1
панцир,armor,noun,C1
Парагвай,paraguay,noun,C1
парижанка,parisian,noun,C1
пасербиця,stepdaughter,noun,C1
пасочка,paska,noun,C1
пах,smell,noun,C1
паяльник,soldering,noun,C1
переборщити,gild,verb,C1
переважувати,to,verb,C1
перевозка,transit,noun,C1
переддень,eve,noun,C1
переінакшити,misrepresent,verb,C1
переїдати,overeat,verb,C1
перейменовувати,rename,verb,C1
перекотиполе,tumbleweed,noun,C1
переливати,decant,verb,C1
перелити,to,verb,C1
перемішати,mix,verb,C1
переполох,the,noun,C1
переслідувач,shadow,noun,C1
переслідувачка,shadow,noun,C1
перефарбовувати,repaint,verb,C1
Переяслав,pereiaslav,noun,C1
перила,handrail,noun,C1
перитоніт,peritonitis,noun,C1
перс,persian,noun,C1
персик,peach,noun,C1
перун,lightning,noun,C1
петлюрівець,petliurite,noun,C1
пилка,saw,noun,C1
питво,drink,noun,C1
пияк,drunk,noun,C1
півзахисник,midfielder,noun,C1
підвісити,suspend,verb,C1
підгузок,diaper,noun,C1
підошва,sole,noun,C1
підроблювати,feign,verb,C1
підсолоджувати,sweeten,verb,C1
пінг-понг,table,noun,A1
пінопласт,foam,noun,C1
пінцет,tweezers,noun,C1
пірс,dock,noun,C1
піщаник,sandstone,noun,C1
пластина,plate,noun,C1
платина,platinum,noun,C1
платтячко,diminutive,noun,C1
плац,square,noun,C1
плинний,temporary,adjective,C1
Плутон,pluto,noun,C1
плюндрувати,ravage,verb,C1
побрехенька,lie,noun,C1
повечеряти,dine,verb,C1
повитуха,midwife,noun,C1
повновладний,all-powerful,adjective,C1
поголос,rumor,noun,C1
погрішність,error,noun,C1
подавитися,choke,verb,C1
подобрішати,to,verb,C1
пожадливість,lust,noun,C1
пожвавлений,animated,adjective,C1
позаземний,extraterrestrial,adjective,C1
позвати,call,verb,A1
позір,look,noun,A1
позіхати,yawn,verb,C1
покій,silence,noun,C1
покій,room,noun,A1
покірливий,acquiescent,adjective,C1
Полінезія,polynesia,noun,C1
полоній,polonium,noun,C1
полохати,intimidate,verb,C1
полудень,noon,noun,C1
поминання,memorial,noun,C1
помститися,avenge,verb,C1
поневолити,subjugate,verb,C1
поневолювати,enthrall,verb,C1
попадя,priestess,noun,C1
порнограф,pornographer,noun,C1
порозмовляти,to,verb,C1
порошковий,powder,adjective,C1
портмоне,purse,noun,C1
послабляти,relax,verb,C1
посоромити,shame,verb,C1
постарілий,dated,adjective,C1
потайний,secret,adjective,C1
потворити,to,verb,C1
похіть,lust,noun,C1
похода,gait,noun,C1
пошкоджувати,damage,verb,C1
правнучка,great-granddaughter,noun,C1
презентабельний,presentable,adjective,C1
презирливий,scornful,adjective,C1
прерія,prairie,noun,C1
преферанс,preferans,noun,C1
прибічниця,female,noun,C1
приборкувач,tamer,noun,C1
придих,aspiration,noun,C1
прикінчити,do,verb,A1
приклеювати,stick,verb,C1
прилуцький,pryluky,adjective,C1
прилюдний,public,adjective,C1
примірити,try,verb,A1
природознавець,naturalist,noun,C1
притомність,consciousness,noun,C1
причаровувати,beguile,verb,C1
пришвидшення,verbal,noun,C1
прищ,pimple,noun,C1
провідниця,conductor,noun,C1
програвач,player,noun,C1
продезінфікувати,disinfect,verb,C1
продовгуватий,elongated,adjective,C1
проінспектувати,inspect,verb,C1
пропасниця,ague,noun,C1
просіювати,to,verb,C1
протизаплідний,contraceptive,adjective,C1
процідити,strain,verb,C1
прядка,spinning,noun,C1
прямовисний,right,adjective,C1
психопатія,psychopathy,noun,C1
птах,bird,noun,C1
пудра,powder,noun,C1
пуп,navel,noun,C1
пурпуровий,purple,adjective,C1
пюре,puree,noun,C1
п'янка,binge,noun,C1
П'ятихатки,piatykhatky,noun,C1
рабовласник,slaveowner,noun,C1
радіолокатор,radar,noun,C1
радіопередавач,radio,noun,C1
радуватися,rejoice,verb,C1
рака,shrine,noun,C1
раковина,sink,noun,C1
расист,racist,noun,C1
Рахів,rakhiv,noun,C1
ревіння,sob,noun,C1
революціонерка,revolutionary,noun,C1
революціонізувати,revolutionize,verb,C1
регресувати,regress,verb,C1
Реймс,reims,noun,C1
реквієм,requiem,noun,C1
рекогносцирування,reconnaissance,noun,C1
рекрут,recruit,noun,C1
рема,rheme,noun,C1
ремінець,wristlet,noun,C1
ремісія,remission,noun,C1
ремісництво,hackwork,noun,C1
репарація,reparation,noun,C1
реструктурувати,restructure,verb,C1
решітка,grid,noun,C1
риніт,rhinitis,noun,C1
рихтувати,prepare,verb,C1
рицар,knight,noun,C1
риштування,structure,noun,C1
ріжок,shoehorn,noun,C1
різець,cutter,noun,C1
рільничий,agricultural,adjective,C1
робітня,workshop,noun,C1
робототехніка,robotics,noun,C1
роботяга,workaholic,noun,C1
розбомбити,attack,verb,C1
розбурхати,to,verb,C1
розвіватися,wave,verb,C1
розвіддані,intelligence,noun,C1
роздягальня,cloakroom,noun,C1
роздягнути,disrobe,verb,C1
розквартирування,accommodation,noun,C1
розлучати,divorce,verb,C1
розмінування,mine-clearing,noun,C1
розмінувати,demine,verb,C1
розмножити,to,verb,C1
рознос,delivery,noun,C1
розоряти,ravage,verb,C1
розплавитися,gutter,verb,C1
розсіяти,to,verb,C1
розстатися,part,verb,C1
розстрочка,installment,noun,C1
розтягтися,stretch,verb,C1
розтягування,act,noun,C1
розчинник,solvent,noun,C1
розчиняти,dissolve,verb,C1
рок-група,rock,noun,C1
ропа,brine,noun,C1
рота,company,noun,C1
ряжанка,sour,noun,C1
секретарка,secretary,noun,C1
січка,chaff,noun,C1
Скадовськ,skadovsk,noun,C1
Славута,slavuta,noun,C1
ртуть,mercury,noun,C1
русофільський,russophilic,adjective,C1
русофобський,russophobic,adjective,C1
рутеній,ruthenium,noun,C1
сакс,member,noun,C1
самоаналіз,self-analysis,noun,C1
самовбивчий,suicidal,adjective,C1
самогубний,suicidal,adjective,C1
самокат,scooter,noun,C1
самоочевидний,self-evident,adjective,C1
самостріл,crossbow,noun,C1
сани,sledge,noun,C1
Сантьяго,santiago,noun,C1
сарделька,sardine,noun,C1
Сардинія,sardinia,noun,C1
сарматський,sarmatian,adjective,C1
Свалява,svaliava,noun,C1
свастика,swastika,noun,C1
свекор,father-in-law,noun,C1
свинарка,swineherd,noun,C1
священство,priesthood,noun,C1
сексуально,sexually,adverb,C1
Сенегал,senegal,noun,C1
сердитий,angry,adjective,C1
сердитися,to,verb,C1
серпантин,switchback,noun,C1
серцево-легеневий,cardiopulmonary,adjective,C1
сечогінний,diuretic,adjective,C1
симбіотичний,symbiotic,adjective,C1
синіти,to,verb,C1
синтоїзм,shinto,noun,C1
синьоокий,blue-eyed,adjective,C1
синяк,bruise,noun,C1
сирійський,of,adjective,C1
сітчастий,reticulated,adjective,C1
скакати,ride,verb,C1
Сквира,skvyra,noun,C1
скомпонувати,compose,verb,C1
скороспілий,precocious,adjective,C1
скувати,shackle,verb,C1
слабина,hole,noun,C1
слабоумство,dementia,noun,C1
слідити,follow,verb,C1
сліпити,make,verb,A1
сліпучий,blinding,adjective,C1
словоблуддя,rhetoric,noun,C1
смаглявий,dark,adjective,C1
смалець,lard,noun,C1
смарагдовий,emerald,adjective,C1
сміттєпровід,garbage,noun,C1
сміхота,kick,noun,C1
сніжка,snowball,noun,C1
снодійний,somniferous,adjective,C1
собачка,trigger,noun,C1
соловейко,nightingale,noun,C1
солод,malt,noun,C1
сонько,sleepyhead,noun,C1
сороковий,fortieth,adjective,C1
сортування,sorting,noun,C1
спакувати,pack,verb,C1
Спарта,sparta,noun,C1
спелеолог,speleologist,noun,C1
спина,back,noun,C1
співучасть,coparticipation,noun,C1
спіральний,spiral,adjective,C1
спішний,urgent,adjective,C1
сплюндрувати,ravage,verb,C1
сповільнитися,decelerate,verb,C1
сповільнювати,decelerate,verb,C1
споживачка,user,noun,C1
спора,spore,noun,C1
спотіти,to,verb,C1
спрут,octopus,noun,C1
ставатися,happen,verb,C1
стажер,trainee,noun,C1
стажист,intern,noun,C1
стандартизувати,standardise,verb,C1
стерилізувати,fix,verb,C1
стойка,counter,noun,C1
стотисячний,hundred-thousandth,adjective,C1
стронцій,strontium,noun,C1
структурованість,structuredness,noun,C1
стук,knock,noun,C1
стулити,to,verb,C1
ступа,mortar,noun,C1
стюард,flight,noun,C1
стюардеса,stewardess,noun,C1
сувій,scroll,noun,C1
суджений,bridegroom,noun,C1
суднобудівник,shipbuilder,noun,C1
суперничати,rival,verb,C1
суровий,severe,adjective,C1
сутенер,pimp,noun,C1
суцвіття,inflorescence,noun,C1
сучасниця,contemporary,noun,C1
сферичний,spherical,adjective,C1
сходознавство,oriental,noun,C1
Таймир,taimyr,noun,C1
таланити,to,verb,C1
тамада,tamada,noun,C1
Тараща,tarashcha,noun,C1
татарка,tatar,noun,C1
таця,tray,noun,C1
телекс,telex,noun,C1
тельбух,tripe,noun,C1
тепленький,warm,adjective,C1
терем,tower,noun,C1
терористка,terrorist,noun,C1
тесло,adze,noun,C1
тесляр,carpenter,noun,C1
тет-а-тет,head-to-head,adverb,C1
тиранозавр,tyrannosaur,noun,C1
тирс,thyrsus,noun,C1
тирса,sawdust,noun,C1
тіара,tiara,noun,C1
тім'я,crown,noun,C1
тліти,smolder,verb,C1
товаришка,comrade,noun,C1
тогорічний,last,adjective,C1
токійський,tokyoite,adjective,C1
томагавк,tomahawk,noun,C1
тоннаж,tonnage,noun,C1
топографія,topography,noun,C1
тореадор,toreador,noun,C1
торій,thorium,noun,C1
траур,mourning,noun,C1
трикратний,triple,adjective,C1
триместр,trimester,noun,C1
триніжка,tripod,noun,C1
тріска,chip,noun,C1
тріска,cod,noun,C1
трудний,difficult,adjective,C1
труп,corpse,noun,C1
фекалії,feces,noun,C1
фемінізм,feminism,noun,C1
феміністичний,feminist,adjective,C1
тубільний,aboriginal,adjective,C1
Тувалу,tuvalu,noun,C1
туманність,nebula,noun,C1
туркмен,person,noun,C1
тюхтій,klutz,noun,C1
убозтво,poverty,noun,C1
увічнювати,perpetuate,verb,C1
угорка,hungarian,noun,C1
удав,boa,noun,C1
ударник,piston,noun,C1
узір,pattern,noun,C1
узлісся,border,noun,C1
українофобія,ukrainophobia,noun,C1
умиротворити,appease,verb,C1
упертість,obstinacy,noun,C1
уподібнення,assimilation,noun,C1
урізноманітнювати,diversify,verb,C1
урядувати,rule,verb,C1
уставати,get,verb,A1
устя,estuary,noun,C1
утихомирення,pacification,noun,C1
утихомирювати,appease,verb,C1
утомленість,fatigue,noun,C1
ущипнути,pinch,verb,C1
фабрикувати,to,verb,C1
фанера,veneer,noun,C1
Феодосія,feodosia,noun,C1
фільтрація,filtration,noun,C1
фіміам,incense,noun,C1
фінік,date,noun,C1
фінляндський,finnish,adjective,C1
флагшток,flagpole,noun,C1
флегматичний,phlegmatic,adjective,C1
флорентійський,florentine,adjective,C1
Фракія,thrace,noun,C1
франкфуртський,frankfurt,adjective,C1
Франциск,francis,noun,C1
фтор,fluorine,noun,C1
хадж,hajj,noun,C1
хакі,khaki,noun,C1
халва,halva,noun,C1
харків'янка,kharkivite,noun,C1
хауса,hausa,noun,C1
хачапурі,khachapuri,noun,C1
хвилька,moment,noun,C1
хвилястий,wavy,adjective,C1
хилити,to,verb,C1
хлоп'я,boy,noun,A1
ходуля,stilt,noun,C1
холодець,aspic,noun,C1
холостяк,bachelor,noun,C1
хомут,shackle,noun,C1
хоронитися,hide,verb,C1
хребетний,vertebrate,adjective,C1
хрящ,cartilage,noun,C1
хуртовина,snowstorm,noun,C1
царьок,kinglet,noun,C1
цвіль,mildew,noun,C1
цивілізувати,civilise,verb,C1
циганка,gypsy,noun,C1
цинамон,cinnamon,noun,C1
цілитися,aim,verb,C1
ціпок,chainlet,noun,C1
цупити,to,verb,C1
чайові,gratuity,noun,C1
чан,tub,noun,C1
частівка,chastushka,noun,C1
чаювати,to,verb,C1
Челябінськ,chelyabinsk,noun,C1
чемодан,suitcase,noun,C1
чепурний,neat,adjective,C1
червінець,chervonets,noun,C1
черевний,abdominal,adjective,C1
черкеска,circassian,noun,C1
чинитися,happen,verb,C1
чисельник,numerator,noun,C1
читачка,reader,noun,C1
чорногорка,montenegrin,noun,C1
чорногуз,stork,noun,C1
чорнослив,prune,noun,C1
чорнушка,nigella,noun,C1
Чортків,chortkiv,noun,C1
чота,platoon,noun,C1
Чукотка,chukotka,noun,C1
чулий,sensitive,adjective,C1
чхання,sneeze,noun,C1
шакал,jackal,noun,C1
шаманство,shamanism,noun,C1
шарж,cartoon,noun,C1
шахраювати,cheat,verb,C1
шваб,fritz,noun,C1
швейцар,porter,noun,C1
шестигодинний,six-hour,adjective,C1
шинка,ham,noun,C1
широкоплечий,broad-shouldered,adjective,C1
шкірний,cutaneous,adjective,C1
шлам,slime,noun,C1
шлягер,hit,noun,C1
шнапс,schnapps,noun,C1
шпигунка,spy,noun,C1
шпилька,pin,noun,C1
шпіонаж,espionage,noun,C1
Шпола,shpola,noun,C1
штатський,civil,adjective,C1
штемпель,device,noun,C1
штепсель,plug,noun,C1
штрейкбрехер,strikebreaker,noun,C1
шульга,mistletoe,noun,C1
шуруп,screw,noun,C1
щетина,bristle,noun,C1
щитоподібний,referring,adjective,C1
щодобовий,daily,adjective,C1
язичок,uvula,noun,C1
яловець,juniper,noun,C1
ямб,iamb,noun,C1
ямка,dent,noun,C1
яничар,janissary,noun,C1
ятаган,yataghan,noun,C1
абикуди,anywhere,adverb,C1
аболіціонізм,abolitionism,noun,C1
абортувати,to,verb,C1
абразія,abrasion,noun,C1
абрикос,apricot,noun,C1
абстракціоніст,abstractionist,noun,C1
абсурдист,absurdist,noun,C1
авангардист,avant-gardist,noun,C1
авангардистський,avant-garde,adjective,C1
авантюрність,adventurousness,noun,C1
авар,avar,noun,C1
авдиторія,audience,noun,C1
авеню,avenue,noun,C1
авіабудівник,aircraft,noun,C1
авіаквиток,air,noun,C1
авіапасажир,air,noun,C1
авіаперевезення,air,noun,C1
авіатехнік,aircraft,noun,C1
авітаміноз,avitaminosis,noun,C1
австралопітек,australopith,noun,C1
австрійка,austrian,noun,C1
автаркія,autarchy,noun,C1
авторизація,authorization,noun,C1
авторучка,fountain,noun,C1
агнець,lamb,noun,C1
Аделаїда,adelaide,noun,C1
аджарець,adjaran,noun,C1
адміністраторка,administrator,noun,C1
адресант,sender,noun,C1
азіат,asian,noun,C1
аквамарин,aquamarine,noun,C1
амеба,amoeba,noun,C1
американізм,americanism,noun,C1
американізований,americanized,adjective,C1
борсук,badger,noun,C1
бриль,broadbrimmed,noun,C1
брівка,kerb,noun,C1
взаємозамінний,interchangeable,adjective,C1
взаємозамінність,interchangeability,noun,C1
висівки,bran,noun,C1
актуарій,actuary,noun,C1
акушерка,midwife,noun,C1
Алмати,almaty,noun,C1
Алчевськ,alchevsk,noun,C1
альт,alto,noun,C1
анаконда,anaconda,noun,C1
аналітик,analyst,noun,C1
Андріан,adrian,noun,C1
анексувати,annex,verb,C1
анод,anode,noun,C1
антидот,antidote,noun,C1
антиколоніальний,anticolonial,adjective,C1
антисеміт,antisemite,noun,C1
антонім,antonym,noun,C1
антресоль,entresol,noun,C1
антропоморфний,anthropomorphic,adjective,C1
аншлюс,annexation,noun,C1
апокриф,apocrypha,noun,C1
аргентинець,argentine,noun,C1
ароматичний,aromatic,adjective,C1
Артемівськ,artemivsk,noun,C1
арфа,harp,noun,C1
архаїзація,archaization,noun,C1
Архангельськ,arkhangelsk,noun,C1
архіваріус,archivist,noun,C1
архонт,archon,noun,C1
аскетично,ascetically,adverb,C1
асорті,assortment,noun,C1
Астрахань,astrakhan,noun,C1
афінянин,athenian,noun,C1
Ашхабад,ashgabat,noun,C1
баварець,person,noun,C1
багатокультурний,multicultural,adjective,C1
багатоскладовий,polysyllabic,adjective,C1
багатослівний,wordy,adjective,C1
багатослівність,rhetoric,noun,C1
багнистий,boggy,adjective,C1
багор,purple,noun,C1
багор,boathook,noun,C1
баддя,large,noun,C1
базальт,basalt,noun,C1
байка,fable,noun,C1
Байкал,baikal,noun,C1
бакалія,grocery,noun,C1
баклан,cormorant,noun,C1
Баку,baku,noun,C1
балакун,chatterbox,noun,C1
балик,smoked,noun,C1
балканізація,balkanization,noun,C1
балюстрада,balustrade,noun,C1
Бангкок,bangkok,noun,C1
барліг,den,noun,C1
Барнаул,barnaul,noun,C1
бархан,dune,noun,C1
баский,high-spirited,adjective,C1
батончик,candy,noun,C1
Бахмач,bakhmach,noun,C1
бахрома,fringe,noun,C1
бедринець,pimpernel,noun,C1
бедуїн,bedouin,noun,C1
бежевий,beige,adjective,C1
безбородий,beardless,adjective,C1
безвладний,powerless,adjective,C1
бездіяльний,supine,adjective,C1
безжурний,carefree,adjective,C1
безладно,haphazardly,adverb,C1
безлюддя,absence,noun,C1
безмозкий,brainless,adjective,C1
безпомильний,errorfree,adjective,C1
безпристрасний,dispassionate,adjective,C1
безсердечність,cruelty,noun,C1
безхребетний,invertebrate,adjective,C1
безцеремонний,brusque,adjective,C1
безшумний,noiseless,adjective,C1
бекас,snipe,noun,C1
бельведер,belvedere,noun,C1
бензобак,gas,noun,C1
бензоколонка,bowser,noun,C1
бережливий,thrifty,adjective,C1
бережливість,economy,noun,C1
берло,sceptre,noun,C1
Бершадь,bershad,noun,C1
бестіарій,bestiary,noun,C1
бета,beta,noun,C1
бетономішалка,cement,noun,C1
бетховенський,beethovenian,adjective,C1
Бихов,bykhaw,noun,C1
бібліотекарка,librarian,noun,C1
бігання,running,noun,C1
бідняка,poor,noun,C1
біженка,refugee,noun,C1
бікіні,bikini,noun,C1
білборд,billboard,noun,C1
Білгород,belgorod,noun,C1
біленький,white,adjective,C1
білокрів'я,leukemia,noun,C1
більшовизація,bolshevization,noun,C1
більшовичка,bolshevik,noun,C1
біомеханіка,biomechanics,noun,C1
бір,pinewood,noun,C1
біфштекс,steak,noun,C1
блакить,blue,noun,C1
блефувати,to,verb,C1
близня,twin,noun,C1
бліндаж,dugout,noun,C1
блювота,vomit,noun,C1
блякнути,to,verb,C1
Богемія,bohemia,noun,C1
богобоязкий,god-fearing,adjective,C1
Богодухів,bohodukhiv,noun,C1
богомол,mantis,noun,C1
богоподібний,divine,adjective,C1
богослов'я,theology,noun,C1
божок,god,noun,C1
бойовисько,fight,noun,C1
болотистий,swampy,adjective,C1
бомбовий,bomb,adjective,C1
бомж,tramp,noun,C1
бордюр,kerb,noun,C1
ботулізм,botulism,noun,C1
боягузливість,cowardliness,noun,C1
братан,fraternal,noun,C1
братовбивця,person,noun,C1
Брацлав,bratslav,noun,C1
брехуха,liar,noun,C1
Броди,brody,noun,C1
бром,bromine,noun,C1
бронебійний,antiarmor,adjective,C1
броненосець,armadillo,noun,C1
Броніслава,inflection,noun,C1
брукувати,lay,verb,C1
брусок,bar,noun,C1
брюнет,male,noun,C1
брязкальце,rattle,noun,C1
буддистка,buddhist,noun,C1
будівельниця,builder,noun,C1
будівниця,construction,noun,C1
будучий,future,adjective,C1
бурелом,windthrow,noun,C1
буркотіти,babble,verb,C1
бурмотати,babble,verb,C1
бурмотіти,mutter,verb,C1
Бурунді,burundi,noun,C1
бурундук,chipmunk,noun,C1
бурчак,brook,noun,C1
бушлат,pea,noun,C1
бюстгальтер,brassiere,noun,C1
важкуватий,rather,adjective,C1
вайло,klutz,noun,C1
вакації,vacation,noun,C1
Валенсія,capital,noun,C1
валентність,valence,noun,C1
валеріана,valerian,noun,C1
валізка,suitcase,noun,C1
валок,rolling,noun,C1
ванадій,vanadium,noun,C1
Вануату,vanuatu,noun,C1
вапняковий,limestone,adjective,C1
вас,you,pronoun,A1
Васильків,vasylkiv,noun,C1
вата,cotton,noun,C1
вафля,waffle,noun,C1
вболівальниця,fan,noun,C1
вдиратися,invade,verb,C1
вдихання,inhalation,noun,C1
вдівець,widower,noun,C1
вдовиця,widow,noun,C1
вегетаріанство,vegetarianism,noun,C1
верблюжий,camel,adjective,C1
веретено,spindle,noun,C1
вермішель,vermicelli,noun,C1
Версаль,versailles,noun,C1
вертітися,spin,verb,C1
верховодка,bleak,noun,C1
веселитися,enjoy,verb,C1
вивергати,ejaculate,verb,C1
вивергатися,erupt,verb,C1
вивергнути,ejaculate,verb,C1
виводок,litter,noun,C1
вигадка,fable,noun,C1
виглянути,look,verb,A1
видихати,exhale,verb,C1
видноколо,horizon,noun,C1
видовисько,spectacle,noun,C1
видошукач,viewfinder,noun,C1
видумка,fable,noun,C1
визначання,appointment,noun,C1
визначник,determiner,noun,C1
виїмковий,special,adjective,C1
викопування,exhumation,noun,C1
викрадання,abduction,noun,C1
вилуплюватися,hatch,verb,C1
вимазати,to,verb,C1
вимірний,moderate,adjective,C1
вимірник,meter,noun,C1
вимотати,do,verb,A1
вимушувати,to,verb,C1
вим'я,udder,noun,C1
вино,wine,noun,C1
винокур,distiller,noun,C1
випивка,booze,noun,C1
виправка,correction,noun,C1
висвятити,consecrate,verb,C1
висвячувати,consecrate,verb,C1
висновувати,to,verb,C1
волокти,drag,verb,C1
волосінь,hair,noun,C1
волосок,balance,noun,C1
воротар,goalkeeper,noun,C1
Ворошиловград,voroshylovhrad,noun,C1
горлиця,turtle,noun,C1
гуаш,gouache,noun,C1
дезодорант,deodorant,noun,C1
вистежити,track,verb,C1
вистежувати,track,verb,C1
вистрілювати,shoot,verb,C1
витяжка,extract,noun,C1
вичислювати,calculate,verb,C1
вишукати,to,verb,C1
вівсяний,oatmeal,adjective,C1
вівсянка,bunting,noun,C1
вівчар,shepherd,noun,C1
відгороджувати,fence,verb,C1
відгул,leave,noun,A1
віддзеркалити,to,verb,C1
відділятися,separate,verb,C1
віденець,viennese,noun,C1
віджимання,push-up,noun,C1
відмовник,conscientious,noun,C1
віднімання,subtraction,noun,C1
відновляти,restore,verb,C1
відокремлюватися,separate,verb,C1
відписувати,bequeath,verb,C1
відросток,outgrowth,noun,C1
відсік,compartment,noun,C1
відьмак,wizard,noun,C1
віза,visa,noun,C1
візник,coach,noun,C1
віолончель,cello,noun,C1
вірменка,armenian,noun,C1
віровизнання,faith,noun,C1
вітрянка,chicken,noun,C1
вічко,eye,noun,C1
власноручний,personally,adjective,C1
влюбливий,amorous,adjective,C1
внутрішньовенний,intravenous,adjective,C1
внутрішньовидовий,intraspecific,adjective,C1
вовчиця,wolf,noun,C1
водонепроникний,watertight,adjective,C1
водопровідник,plumber,noun,C1
водянистий,aqueous,adjective,C1
возик,shopping,noun,C1
волан,shuttlecock,noun,C1
волейболіст,volleyballer,noun,C1
волинка,bagpipes,noun,C1
волноваський,volnovakha,adjective,C1
Волноваха,volnovakha,noun,C1
вольфрам,tungsten,noun,C1
воля,will,noun,C1
вони,they,pronoun,A1
воскрешати,resurrect,verb,C1
всезнання,omniscience,noun,C1
втім,otherwise,adverb,C1
вторгатися,intrude,verb,C1
вторгнутися,intrude,verb,C1
втрутитися,to,verb,C1
вуглина,charcoal,noun,C1
вудочка,fishing,noun,C1
вуздечка,bridle,noun,C1
вузьколобий,narrow-minded,adjective,C1
вусатий,moustachioed,adjective,C1
вусик,antenna,noun,C1
в'язничний,penitentiary,adjective,C1
габілітація,habilitation,noun,C1
Габон,gabon,noun,C1
гайдамака,hajduk,noun,C1
Гайсин,haisyn,noun,C1
гал,gaul,noun,C1
галій,gallium,noun,C1
галстук,necktie,noun,C1
галузка,twig,noun,C1
галюциногенний,hallucinogenic,adjective,C1
гамазея,granary,noun,C1
Ганг,ganges,noun,C1
гангрена,gangrene,noun,C1
гангстер,gangster,noun,C1
гандбол,handball,noun,C1
ґандж,defect,noun,C1
гарбузик,pumpkin,noun,C1
гарненький,cute,adjective,C1
гарпун,harpoon,noun,C1
гастроентерологія,gastroenterology,noun,C1
гаубиця,howitzer,noun,C1
гафній,hafnium,noun,C1
Гвадалахара,guadalajara,noun,C1
гедонізм,hedonism,noun,C1
гейша,geisha,noun,C1
геном,genome,noun,C1
гепард,cheetah,noun,C1
героїн,heroin,noun,C1
Ґете,goethe,noun,C1
гикання,gobble,noun,C1
гикати,gobble,verb,C1
гикати,to,verb,C1
гіацинт,hyacinth,noun,C1
гідроізоляція,waterproofing,noun,C1
гідрологія,hydrology,noun,C1
Гімалаї,himalayas,noun,C1
гіпербола,hyperbole,noun,C1
гірчичний,mustard,adjective,C1
гічка,gig,noun,C1
гнити,rot,verb,C1
гносеологія,gnosiology,noun,C1
ґнотовий,wick,adjective,C1
гобой,oboe,noun,C1
голландка,dutchwoman,noun,C1
головоломка,puzzle,noun,C1
головоріз,thug,noun,C1
голомшити,thrash,verb,C1
гомеостаз,homeostasis,noun,C1
гомосексуаліст,homosexual,noun,C1
гонець,messenger,noun,C1
гонорея,gonorrhea,noun,C1
горбкуватий,hilly,adjective,C1
горнути,to,verb,C1
горобчик,sparrow,noun,C1
гороховий,pea,adjective,C1
горщок,flowerpot,noun,C1
горянка,highlander,noun,C1
гостя,guest,noun,C1
готовість,readiness,noun,C1
градирня,cooling,noun,C1
грамофон,gramophone,noun,C1
гранатомет,launcher,noun,C1
гранульований,granular,adjective,C1
граф,graph,noun,C1
графік,timetable,noun,C1
грекиня,person,noun,C1
ґречний,correct,adjective,C1
гриль,barbecue,noun,C1
грілка,hot,noun,C1
грубка,furnace,noun,C1
груди,breast,noun,C1
грузинка,georgian,noun,C1
гусінь,caterpillar,noun,C1
гуска,goose,noun,C1
дайджест,digest,noun,C1
Даллас,dallas,noun,C1
Дамаск,damascus,noun,C1
данець,dane,noun,C1
дантист,dentist,noun,C1
дань,contribution,noun,C1
дарвінізм,darwinism,noun,C1
дванадцятигранник,dodecahedron,noun,C1
дверці,door,noun,A1
двобічний,two-sided,adjective,C1
двовимірний,two-dimensional,adjective,C1
двокрапка,colon,noun,C1
дворецький,butler,noun,C1
дворняжка,tyke,noun,C1
дворянка,noblewoman,noun,C1
двосічний,double-edged,adjective,C1
двохсотий,two-hundredth,adjective,C1
двошаровий,two-layer,adjective,C1
дебет,debit,noun,C1
дегуманізація,dehumanization,noun,C1
деескалація,de-escalation,noun,C1
делегатка,delegate,noun,C1
демілітаризований,demilitarized,adjective,C1
демілітаризувати,demilitarize,verb,C1
демократизувати,democratize,verb,C1
демократка,democrat,noun,C1
дисидентка,dissident,noun,C1
екзема,eczema,noun,C1
ефіопський,ethiopian,adjective,C1
ехінацея,echinacea,noun,C1
задум,design,noun,C1
дереза,wolfberry,noun,C1
дерун,thick,noun,C1
дециметр,decimetre,noun,C1
Джанкой,dzhankoi,noun,C1
джгут,tourniquet,noun,C1
Джибуті,djibouti,noun,C1
джміль,bumblebee,noun,C1
Джорджтаун,georgetown,noun,C1
дзиґар,clock,noun,C1
дзюрчати,purl,verb,C1
діагональний,diagonal,adjective,C1
дівер,brother-in-law,noun,C1
дівиця,maid,noun,C1
діти,children,noun,C1
дмухати,blow,verb,C1
добуток,product,noun,C1
довговічний,durable,adjective,C1
доки,how,adverb,C1
докладність,detail,noun,C1
долішній,bottom,adjective,C1
домішувати,to,verb,C1
домовласниця,landlady,noun,C1
донощик,informer,noun,C1
доня,daughter,noun,C1
досадний,unfortunate,adjective,C1
досита,untill,adverb,C1
дотеперішній,hitherto,adjective,C1
доторкання,act,noun,C1
дошлюбний,premarital,adjective,C1
драговина,marsh,noun,C1
драже,drag,noun,C1
драйвер,driver,noun,C1
дрізд,thrush,noun,C1
дровця,firewood,noun,C1
дрож,tremble,noun,C1
дротик,needle,noun,C1
дружелюбний,friendly,adjective,C1
друкарка,printer,noun,C1
дрючок,club,noun,C1
дубасити,thrash,verb,C1
дубняк,oakwood,noun,C1
дурисвіт,charlatan,noun,C1
дюйм,inch,noun,C1
дюна,dune,noun,C1
евкаліпт,eucalyptus,noun,C1
економність,economy,noun,C1
ексгібіціоніст,exhibitionist,noun,C1
ексгумувати,exhume,verb,C1
екслібрис,ex,noun,C1
електрик,electrician,noun,C1
електродинамічний,electrodynamic,adjective,C1
електроінструмент,power,noun,C1
електромотор,electric,noun,C1
електроприлад,electrical,noun,C1
електрошок,electroshock,noun,C1
емігрантка,emigrant,noun,C1
емпірично,empirically,adverb,C1
ендокринологія,endocrinology,noun,C1
ендоскоп,endoscope,noun,C1
ендоскопія,endoscopy,noun,C1
ендшпіль,endgame,noun,C1
ентомологічний,entomological,adjective,C1
енциклопедист,encyclopedist,noun,C1
есеїстка,essayist,noun,C1
есей,essay,noun,C1
есперанто,esperanto,noun,C1
есхатологія,eschatology,noun,C1
етилен,ethylene,noun,C1
євродолар,eurodollar,noun,C1
єдинобожжя,monotheism,noun,C1
єдинокровний,consanguineous,adjective,C1
єдиноріг,unicorn,noun,C1
Єлисей,elisha,noun,C1
єхидна,echidna,noun,C1
жадний,stingy,adjective,C1
жар-птиця,firebird,noun,C1
жартун,jester,noun,C1
женитися,marry,verb,C1
женихання,courtship,noun,C1
женоненависник,misogynist,noun,C1
жерех,fish,noun,C1
жертвування,verbal,noun,C1
живець,cutting,noun,C1
живчик,pulse,noun,C1
Жидачів,zhydachiv,noun,C1
жіночість,femininity,noun,C1
жмурки,hide,noun,C1
жнива,harvest,noun,C1
жовч,bile,noun,C1
жолоб,gutter,noun,C1
жонглер,juggler,noun,C1
жриця,priestess,noun,C1
журавлик,crane,noun,C1
забавляти,entertain,verb,C1
забіяка,bully,noun,C1
заблудити,get,verb,A1
завивати,coil,verb,C1
зав'язь,germ,noun,C1
загад,order,noun,C1
загарбувати,conquer,verb,C1
задіювати,engage,verb,C1
зажурений,down,adjective,C1
займання,combustion,noun,C1
закапувати,bury,verb,C1
закляття,spell,noun,C1
залповий,volley,adjective,C1
замінувати,to,verb,C1
занавіска,curtain,noun,C1
занедбувати,neglect,verb,C1
занедужувати,fall,verb,C1
заночувати,stay,verb,C1
запальник,linstock,noun,C1
запилювати,pollinate,verb,C1
запитальний,interrogative,adjective,C1
заплата,wage,noun,C1
заповняти,fill,verb,C1
заподіювати,to,verb,C1
запонка,cufflink,noun,C1
запопадливість,zeal,noun,C1
запор,constipation,noun,C1
зап'ястя,wrist,noun,C1
заривати,bury,verb,C1
зарок,pledge,noun,C1
застосовування,verbal,noun,C1
застрашування,intimidation,noun,C1
заступ,spade,noun,C1
затискач,clamp,noun,C1
затінений,shaded,adjective,C1
захмеліти,get,verb,A1
захоплювач,invader,noun,C1
защемити,stick,verb,C1
збіглий,who,adjective,C1
зблиск,flash,noun,C1
зброяр,weaponsmith,noun,C1
кіготь,claw,noun,C1
кон'юнктивіт,conjunctivitis,noun,C1
лоша,foal,noun,C1
лошак,hinny,noun,C1
луб,bast,noun,C1
зварник,welder,noun,C1
зварювати,weld,verb,C1
звеличити,to,verb,C1
звивина,gyrus,noun,C1
звіробій,st,noun,C1
зв'язковий,messenger,noun,C1
зв'язний,coherent,adjective,C1
згинати,bend,verb,C1
зговір,plot,noun,C1
згуба,loss,noun,C1
здороватися,greet,verb,C1
здоровенний,huge,adjective,C1
здригання,shudder,noun,C1
здружитися,make,verb,A1
зеленити,makegreen,verb,C1
зеленуватий,greenish,adjective,C1
землекоп,navvy,noun,C1
з'єднувальний,connecting,adjective,C1
зжирати,gobble,verb,C1
зимою,in,adverb,C1
зір,vision,noun,C1
зірвиголова,daredevil,noun,C1
зле,evil,noun,C1
злидні,misery,noun,C1
злобний,spiteful,adjective,C1
злодіяння,atrocity,noun,C1
зложити,to,verb,C1
злостивий,angry,adjective,C1
злочинниця,criminal,noun,C1
злягання,sexual,noun,C1
зміркувати,to,verb,C1
змішувач,mixer,noun,C1
зміщати,to,verb,C1
змочувати,wet,verb,C1
знеболювання,anesthesia,noun,C1
знезаражування,disinfection,noun,C1
зношування,wear,noun,C1
золотити,gild,verb,C1
Золотоноша,zolotonosha,noun,C1
зоофілія,zoophilia,noun,C1
зорювати,use,verb,A1
зоставатися,stay,verb,C1
зрадливий,perfidious,adjective,C1
зсунутися,budge,verb,C1
зубастий,toothy,adjective,C1
зубило,chisel,noun,C1
зубочистка,toothpick,noun,C1
зухвалець,an,noun,C1
зцілити,heal,verb,C1
зшиток,exercise,noun,C1
зябра,gill,noun,C1
Іваненко,johnson,noun,C1
ідеалістка,idealist,noun,C1
іжиця,izhitsa,noun,C1
Ізмір,izmir,noun,C1
ікебана,ikebana,noun,C1
імплікація,implication,noun,C1
імпровізаційний,improvisational,adjective,C1
імунобіологія,immunobiology,noun,C1
імунолог,immunologist,noun,C1
імунологія,immunology,noun,C1
ім'я,name,noun,A1
індик,turkey,noun,C1
індіанин,indian,noun,C1
індій,indium,noun,C1
індоєвропеєць,member,noun,C1
індустріалізувати,industrialize,verb,C1
інкунабула,incunabulum,noun,C1
іноземка,foreigner,noun,C1
інсценувати,to,verb,C1
інтелектуалка,intelligent,noun,C1
інтермецо,intermezzo,noun,C1
інфінітив,infinitive,noun,C1
інший,other,adjective,C1
ірокез,mohawk,noun,C1
іхтіологія,ichthyology,noun,C1
Ічня,ichnia,noun,C1
ішак,donkey,noun,C1
її,hers,pronoun,C1
йорданський,jordanian,adjective,C1
кабачок,squash,noun,C1
каблучка,ring,noun,C1
кавоварка,coffeemaker,noun,C1
казахстанець,male,noun,C1
казитися,to,verb,C1
кайло,pickaxe,noun,C1
кайман,caiman,noun,C1
календула,marigold,noun,C1
каліфорній,californium,noun,C1
Калмикія,kalmykia,noun,C1
кальвініст,calvinist,noun,C1
камергер,chamberlain,noun,C1
кам'янець-подільський,kamianets-podilskyi,adjective,C1
канделябр,candlestick,noun,C1
канібал,cannibal,noun,C1
каніфоль,rosin,noun,C1
канонерський,gun-,adjective,C1
капкан,trap,noun,C1
капость,filth,noun,C1
Каракас,caracas,noun,C1
карбюратор,carburetor,noun,C1
кардамон,cardamom,noun,C1
каріатида,caryatid,noun,C1
карієс,caries,noun,C1
каркати,caw,verb,C1
кароокий,brown-eyed,adjective,C1
картеч,grapeshot,noun,C1
картоплина,potato,noun,C1
картридж,cartridge,noun,C1
Касабланка,casablanca,noun,C1
каструвати,fix,verb,C1
каталіз,catalysis,noun,C1
каталонець,catalan,noun,C1
Каталонія,catalonia,noun,C1
каталонський,catalan,adjective,C1
катамаран,catamaran,noun,C1
катапульта,catapult,noun,C1
катарський,of,adjective,C1
катеринка,barrel,noun,C1
катетер,catheter,noun,C1
катюша,katyusha,noun,C1
кача,duckling,noun,C1
кашлянути,cough,verb,C1
каштановий,chestnut,adjective,C1
квас,pickle,noun,C1
квасити,pickle,verb,C1
кекс,cake,noun,C1
келія,cell,noun,C1
Кельн,cologne,noun,C1
кельнер,waiter,noun,C1
Кемерово,kemerovo,noun,C1
керівниця,head,noun,C1
керунок,direction,noun,C1
кетчуп,ketchup,noun,C1
кетяг,bunch,noun,C1
кефаль,fish,noun,C1
китаїст,sinologist,noun,C1
кіннотник,horseman,noun,C1
клавесин,harpsichord,noun,C1
кларнет,clarinet,noun,C1
клепало,doorknocker,noun,C1
клепсидра,water,noun,A1
клинописний,written,adjective,C1
клієнтка,client,noun,C1
клімакс,menopause,noun,C1
кліщі,pliers,noun,C1
клоччя,tow,noun,C1
клуня,barn,noun,C1
ключиця,clavicle,noun,C1
клятьба,oath,noun,C1
Кобеляки,kobeliaky,noun,C1
кобза,kobza,noun,C1
кобура,holster,noun,C1
ковзан,ice,noun,C1
кодувати,code,verb,C1
козар,goatherd,noun,C1
козеня,kid,noun,C1
козуля,roe,noun,C1
козячий,hircine,adjective,C1
койот,coyote,noun,C1
колезький,collegiate,adjective,C1
Колесник,an,noun,C1
коли,when,pronoun,C1
колінопреклоніння,genuflection,noun,C1
колісник,wheelwright,noun,C1
колісниця,chariot,noun,C1
коло,circle,noun,C1
Коломбо,colombo,noun,C1
колона,column,noun,C1
колумбарій,columbarium,noun,C1
комарик,mosquito,noun,C1
комбінезон,overall,noun,C1
комірчина,pantry,noun,C1
компаньйонка,associate,noun,C1
композиторка,composer,noun,C1
компостер,ticket,noun,C1
кондуктор,conductor,noun,C1
конічний,conical,adjective,C1
конкур,show,noun,C1
коноплянка,linnet,noun,C1
консьєрж,doorman,noun,C1
консьєржка,doorman,noun,C1
контамінація,contamination,noun,C1
контрацепція,contraception,noun,C1
контркультура,counterculture,noun,C1
контрольно-пропускний,check,adjective,C1
копил,bastard,noun,C1
копірайтер,copywriter,noun,C1
кораблебудівник,shipbuilder,noun,C1
корвалол,corvalol,noun,C1
кормило,helm,noun,C1
королівна,princess,noun,C1
корольок,kinglet,noun,C1
короста,scab,noun,C1
косинка,neckerchief,noun,C1
косинус,cosine,noun,C1
Косів,kosiv,noun,C1
космогонічний,cosmogonic,adjective,C1
космологічний,cosmological,adjective,C1
косоворотка,kosovorotka,noun,C1
костиль,crutch,noun,C1
костур,crutch,noun,C1
кофеїн,caffeine,noun,C1
кочівницький,nomadic,adjective,C1
кравчиня,tailor,noun,C1
Краматорськ,kramatorsk,noun,C1
Краснодон,krasnodon,noun,C1
Красноперекопськ,krasnoperekopsk,noun,C1
краснопис,calligraphy,noun,C1
креветка,prawn,noun,C1
кречет,gyrfalcon,noun,C1
кривлятися,mug,verb,C1
крикливий,clamorous,adjective,C1
крилас,kliros,noun,C1
криптографія,cryptography,noun,C1
Крит,crete,noun,C1
криця,steel,noun,C1
кріотерапія,cryotherapy,noun,C1
кріп,dill,noun,C1
кріпаччина,serfdom,noun,C1
кріпость,fortress,noun,C1
крововтрата,blood,noun,C1
кровосос,bloodsucker,noun,C1
кровохаркання,hemoptysis,noun,C1
кров'янка,blood,noun,C1
Кролевець,krolevets,noun,C1
Кропивницький,kropyvnytskyi,noun,C1
кропив'янка,wren,noun,C1
круговид,horizon,noun,C1
круїз,cruise,noun,C1
крупа,groat,noun,C1
Куба,cuba,noun,C1
кубізм,cubism,noun,C1
кукіль,corncockle,noun,C1
кульбаба,dandelion,noun,C1
куняти,to,verb,C1
купальня,building,noun,C1
куприк,coccyx,noun,C1
курага,dried,noun,C1
Курляндія,courland,noun,C1
курний,dusty,adjective,C1
курчатко,young,noun,C1
лавандовий,lavender,adjective,C1
Лада,lada,noun,C1
ладити,get,verb,A1
лайдак,lazybones,noun,C1
лакмус,litmus,noun,C1
ларьок,stand,noun,C1
ласт,flipper,noun,C1
лати,armor,noun,C1
латиноамериканець,latin,noun,C1
латка,patch,noun,C1
лауреатка,laureate,noun,C1
лахміття,rags,noun,C1
левеня,lion,noun,C1
лексикографічний,lexicographic,adjective,C1
ленд-ліз,lend-lease,noun,C1
леп,grime,noun,C1
лесбійський,lesbian,adjective,C1
лженаука,pseudoscience,noun,C1
лжесвідчення,perjury,noun,C1
либонь,apparently,adverb,C1
лижниця,skier,noun,C1
лимонний,lemon,adjective,C1
лин,tench,noun,C1
лист,letter,noun,C1
лихварство,usury,noun,C1
лихослів'я,slander,noun,C1
лишайник,lichen,noun,C1
ліана,liana,noun,C1
лівак,leftard,noun,C1
лігвище,den,noun,C1
лійка,funnel,noun,C1
лікарняний,sick,noun,C1
ліки,medicine,noun,C1
лісопилка,sawmill,noun,C1
лісоруб,lumberjack,noun,C1
літ,flying,noun,C1
літера,letter,noun,C1
літераторка,woman,noun,A1
літій,lithium,noun,C1
літо,summer,noun,C1
ловелас,womanizer,noun,C1
ложа,box,noun,C1
лозина,birch,noun,C1
ломака,bat,noun,C1
лубенський,lubny,adjective,C1
Лубни,lubny,noun,C1
лужок,lawn,noun,C1
лучити,hit,verb,C1
лучити,mingle,verb,C1
напівкруглий,semicircular,adjective,C1
напівмертвий,halfdead,adjective,C1
незнайомка,stranger,noun,C1
незносний,intolerable,adjective,C1
неофашизм,neofascism,noun,C1
нескромний,immodest,adjective,C1
несмертельний,non-lethal,adjective,C1
нотатник,notebook,noun,C1
льодяний,icy,adjective,C1
льотчиця,pilot,noun,C1
льоха,sow,noun,C1
любителька,amateur,noun,C1
люб'язний,kind,adjective,C1
люб'язність,compliment,noun,C1
людина,person,noun,C1
людожерство,cannibalism,noun,C1
Магомет,muhammad,noun,C1
магометанський,islamic,adjective,C1
мажордом,butler,noun,C1
майонез,mayonnaise,noun,C1
маковий,poppy,adjective,C1
Малаві,malawi,noun,C1
малайзійський,malaysian,adjective,C1
Малі,mali,noun,C1
мангал,brazier,noun,C1
манікюр,manicure,noun,C1
Манітоба,manitoba,noun,C1
манускрипт,manuscript,noun,C1
маоїзм,maoism,noun,C1
мара,ghost,noun,C1
маринувати,marinate,verb,C1
марсіанський,martian,adjective,C1
марсохід,mars,noun,C1
маскований,masked,adjective,C1
маслянистий,buttery,adjective,C1
мас-медіа,media,noun,C1
мастихін,palette,noun,C1
мастурбація,masturbation,noun,C1
материнка,origanum,noun,C1
матерній,maternal,adjective,C1
мачете,machete,noun,C1
мексиканка,female,noun,C1
Меланія,melanie,noun,C1
мелений,ground,adjective,C1
менестрель,minstrel,noun,C1
менопауза,menopause,noun,C1
менструація,menstruation,noun,C1
мерин,gelding,noun,C1
мертвечина,carcass,noun,C1
месіанський,messianic,adjective,C1
Месопотамія,mesopotamia,noun,C1
метафізик,metaphysician,noun,C1
механізувати,mechanize,verb,C1
механік,mechanic,noun,C1
мигдалик,palatine,noun,C1
мигдаль,almond,noun,C1
мигнути,blink,verb,C1
мило,nicely,adverb,C1
мимрити,mumble,verb,C1
Мир,mir,noun,C1
миритися,to,verb,C1
мислений,mental,adjective,C1
мисткиня,artist,noun,C1
міжзоряний,interstellar,adjective,C1
міжряддя,aisle,noun,C1
міксер,blender,noun,C1
мільйонерка,millionaire,noun,C1
мінімалізм,minimalism,noun,C1
мінотавр,minotaur,noun,C1
мінчанин,minsker,noun,C1
місто,city,noun,A1
мішати,stir,verb,C1
міщанка,bourgeois,noun,C1
мліти,swoon,verb,C1
модем,modem,noun,C1
молитовня,oratory,noun,C1
молодесенький,small,adjective,A1
молотьба,threshing,noun,C1
молочник,milkman,noun,C1
молюск,mollusc,noun,C1
монашка,nun,noun,C1
моногамний,monogamous,adjective,C1
монотеїзм,monotheism,noun,C1
Монровія,monrovia,noun,C1
моршинський,morshyn,adjective,C1
морщити,knot,verb,C1
москвичка,muscovite,noun,C1
мотика,hoe,noun,C1
моторолер,scooter,noun,C1
мрійниця,dreamer,noun,C1
мружити,squint,verb,C1
мститися,avenge,verb,C1
мукати,moo,verb,C1
Мумбай,mumbai,noun,C1
мур,wall,noun,C1
Мурманськ,murmansk,noun,C1
мускулястий,muscular,adjective,C1
мускус,musk,noun,C1
мусульманка,muslim,noun,C1
мутаген,mutagen,noun,C1
муфта,muff,noun,C1
мучеництво,martyrdom,noun,C1
мучениця,martyr,noun,C1
м'язистий,muscular,adjective,C1
набожність,piety,noun,C1
навзаєм,mutually,adverb,C1
навзаєм,likewise,adverb,C1
наглий,sudden,adjective,C1
нагнутися,stoop,verb,C1
надлюдський,superhuman,adjective,C1
наждак,emery,noun,C1
найманка,mercenary,noun,C1
найменувати,to,verb,C1
наймичка,worker,noun,C1
Найробі,nairobi,noun,C1
наконечник,tip,noun,C1
наливка,nastoyka,noun,C1
намітка,wimple,noun,C1
намотувати,coil,verb,C1
нанос,drift,noun,C1
напиватися,get,verb,A1
напитися,get,verb,A1
напівживий,half-alive,adjective,C1
наповняти,fill,verb,C1
напроти,opposite,adverb,C1
нарив,abscess,noun,C1
наркологія,narcology,noun,C1
нас,us,pronoun,C1
насолодитися,enjoy,verb,C1
наспів,melody,noun,C1
настійливий,persistent,adjective,C1
наступниця,successor,noun,C1
насупитися,to,verb,C1
Науру,nauru,noun,C1
нахвалювати,tout,verb,C1
нахилятися,lean,verb,C1
націоналістка,nationalist,noun,C1
начиння,tool,noun,C1
небіж,fraternal,noun,C1
небога,fraternal,noun,C1
невдоволеність,dissatisfaction,noun,C1
невибачний,unforgivable,adjective,C1
невигідність,inconvenience,noun,C1
невихованість,rudeness,noun,C1
невияснений,unexplained,adjective,C1
невралгічний,neuralgic,adjective,C1
неврологія,neurology,noun,C1
негідниця,rogue,noun,C1
негритянський,black,adjective,C1
негуманний,inhuman,adjective,C1
недовір'я,distrust,noun,C1
нежданий,unexpected,adjective,C1
незайманість,virginity,noun,C1
незаселений,uninhabited,adjective,C1
незацікавлений,uninterested,adjective,C1
незграба,klutz,noun,C1
неістота,inanimate,noun,C1
неїстівний,inedible,adjective,C1
нейлон,nylon,noun,C1
нейрон,neuron,noun,C1
некорисний,useless,adjective,C1
некультурний,uncultured,adjective,C1
нелад,disorder,noun,C1
ненаголошений,unstressed,adjective,C1
ненасичений,thin,adjective,C1
неня,mother,noun,A1
неописаний,indescribable,adjective,C1
непоборний,insurmountable,adjective,C1
неповнолітній,minor,noun,C1
неправдоподібний,improbable,adjective,C1
непримиримий,intransigent,adjective,C1
непрощенний,unforgivable,adjective,C1
нерегулярність,irregularity,noun,C1
нерозпізнаний,unrecognized,adjective,C1
нерозсудливий,reckless,adjective,C1
нестямний,heartbreaking,adjective,C1
нефрит,jade,noun,C1
нечемний,impolite,adjective,C1
нечутний,inaudible,adjective,C1
неявно,implicitly,adverb,C1
нишпорка,detective,noun,C1
німка,german,noun,C1
ніцшеанський,nietzschean,adjective,C1
ніякий,none,pronoun,C1
Новосибірськ,novosibirsk,noun,C1
новосілля,housewarming,noun,C1
Новоукраїнка,novoukrainka,noun,C1
ножівка,handsaw,noun,C1
ножовий,knife,adjective,C1
норд-ост,northeast,noun,C1
Норильськ,norilsk,noun,C1
нудотний,nauseous,adjective,C1
нутрія,myocastor,noun,C1
нутрощі,viscera,noun,C1
обачливий,circumspect,adjective,C1
обгорнути,wrap,verb,C1
обезголовити,behead,verb,C1
обеззброїти,disarm,verb,C1
обеззброювати,disarm,verb,C1
обігріти,heat,verb,C1
облагороджувати,ennoble,verb,C1
обледенілий,icy,adjective,C1
обмотати,to,verb,C1
обора,cowshed,noun,C1
обридливий,disgusting,adjective,C1
обручка,bracelet,noun,C1
обсідати,beset,verb,C1
обценьки,pincers,noun,C1
обчислювання,calculation,noun,C1
овал,oval,noun,C1
Овен,aries,noun,C1
овид,horizon,noun,C1
овід,botfly,noun,C1
овочівництво,olericulture,noun,C1
Огайо,ohio,noun,C1
огірочок,cucumber,noun,C1
оглушувати,deafen,verb,C1
оглянутися,look,verb,A1
одіж,clothes,noun,C1
одноголосний,unanimous,adjective,C1
однокласниця,classmate,noun,C1
одноповерховий,single-storey,adjective,C1
односкладовий,monosyllabic,adjective,C1
одночасність,simultaneity,noun,C1
одношлюбність,monogamy,noun,C1
ожеледь,black,noun,C1
океанограф,oceanographer,noun,C1
оксид,oxide,noun,C1
патока,treacle,noun,C1
пентаграма,pentagram,noun,C1
перегони,race,noun,C1
перегрупувати,regroup,verb,C1
прабаба,great-grandmother,noun,C1
оладок,pancake,noun,C1
Олександр,alexander,noun,C1
оленина,venison,noun,C1
оливка,olive,noun,C1
Олин,olya,adjective,C1
олігофренія,oligophrenia,noun,C1
Омськ,omsk,noun,C1
онде,yonder,adverb,C1
онікс,onyx,noun,C1
ономастика,onomastics,noun,C1
Онтаріо,ontario,noun,C1
онуча,footwrap,noun,C1
онуча,grandchild,noun,C1
описка,typo,noun,C1
опій,drug,noun,C1
опік,burn,noun,C1
оплакувати,mourn,verb,C1
оповзень,landslide,noun,C1
оповіщати,notify,verb,C1
ополонка,polynya,noun,C1
опортуніст,opportunist,noun,C1
опортуністка,opportunist,noun,C1
оправдати,justify,verb,C1
опубліковувати,publish,verb,C1
організаторка,organizer,noun,C1
оргія,orgy,noun,C1
Оренбург,orenburg,noun,C1
орієнталістика,oriental,noun,C1
орнітологічний,ornithological,adjective,C1
оружжя,weapon,noun,C1
осавул,steward,noun,C1
осада,settlement,noun,C1
осока,sedge,noun,C1
остигти,cool,verb,C1
осуджувати,condemn,verb,C1
отава,aftergrass,noun,C1
офіра,victim,noun,C1
офірувати,offer,verb,C1
охтирський,okhtyrka,adjective,C1
оцет,vinegar,noun,C1
очіпок,bonnet,noun,C1
павич,peacock,noun,C1
падишах,padishah,noun,C1
падло,carcass,noun,C1
пайок,ration,noun,C1
паланкін,litter,noun,C1
паморозь,rime,noun,C1
пампушка,dumpling,noun,C1
панно,panel,noun,C1
панславізм,pan-slavism,noun,C1
пантера,panther,noun,C1
панцер,shell,noun,C1
папаха,papakha,noun,C1
парадигматичний,paradigmatic,adjective,C1
паралелепіпед,parallelepiped,noun,C1
параметричний,parametric,adjective,C1
парапет,parapet,noun,C1
парламентер,negotiator,noun,C1
парник,greenhouse,noun,C1
партизанка,guerrilla,noun,C1
партизанщина,guerrilla,noun,C1
пасажирка,passenger,noun,C1
пасквіль,lampoon,noun,C1
паскуда,scoundrel,noun,C1
пасовисько,pasture,noun,C1
пенал,pencil,noun,C1
перевантажити,overload,verb,C1
переварити,to,verb,C1
переварювати,stomach,verb,C1
передсердя,atrium,noun,C1
перемикач,switch,noun,C1
перемішувати,mix,verb,C1
переміщати,displace,verb,C1
перемовник,negotiator,noun,C1
перенісся,bridge,noun,C1
переодягатися,change,verb,C1
переозброювати,rearm,verb,C1
перепел,quail,noun,C1
переповнити,to,verb,C1
переселитися,resettle,verb,C1
перестерегти,caution,verb,C1
перестерігати,caution,verb,C1
перетинка,comma,noun,C1
перефарбувати,repaint,verb,C1
перехідник,adapter,noun,C1
Перу,peru,noun,C1
перукарка,hairdresser,noun,C1
Петрозаводськ,petrozavodsk,noun,C1
петрушка,parsley,noun,C1
пивоварня,brewery,noun,C1
Пирятин,pyriatyn,noun,C1
писанкарка,female,noun,C1
письменний,literate,adjective,C1
письменність,literacy,noun,C1
південноамериканський,south,adjective,C1
південнослов'янський,of,adjective,C1
півтораста,one,numeral,A1
пігмей,pygmy,noun,C1
підвішувати,suspend,verb,C1
підготовлення,preparation,noun,C1
підготування,preparation,noun,C1
підданий,subject,noun,C1
піддашшя,eaves,noun,C1
підкувати,to,verb,C1
підкупляти,to,verb,C1
підлива,sauce,noun,C1
підметка,sole,noun,C1
підморгнути,wink,verb,C1
піднебіння,palate,noun,C1
підозріливий,suspicious,adjective,C1
підсмажити,fry,verb,C1
підсолодити,sweeten,verb,C1
підступи,machination,noun,C1
підчепити,pick,verb,C1
підшкірний,subcutaneous,adjective,C1
піжама,pajamas,noun,C1
пік,acme,noun,C1
піксель,pixel,noun,C1
пінний,foamy,adjective,C1
пісковик,sandstone,noun,C1
піскуватий,sandy,adjective,C1
пітніти,to,verb,C1
плавки,swimming,noun,C1
плавник,fin,noun,C1
плавність,buoyancy,noun,C1
плагіатор,plagiarist,noun,C1
плаксій,crybaby,noun,C1
планетологія,planetology,noun,C1
пластик,synthetic,noun,C1
пластинка,disk,noun,C1
плацента,anatomy,noun,C1
плебей,plebeian,noun,C1
плебейський,plebeian,adjective,C1
пліткар,gossip,noun,C1
плічка,coat,noun,C1
плішивий,bald,adjective,C1
плюскіт,splash,noun,C1
плямувати,besmirch,verb,C1
Пномпень,phnom,noun,C1
побідний,victorious,adjective,C1
побідоносний,victorious,adjective,C1
поважання,respect,noun,C1
повзати,crawl,verb,C1
повідець,leash,noun,C1
повідь,flood,noun,C1
повіз,coach,noun,C1
повій,convolvulus,noun,C1
повноводний,abounding,adjective,C1
повногрудий,big-breasted,adjective,C1
повозка,coach,noun,C1
погибати,perish,verb,C1
погибнути,perish,verb,C1
погладити,stroke,verb,C1
поговір,gossip,noun,C1
погон,epaulette,noun,C1
подвоювати,double,verb,C1
подорожник,traveller,noun,C1
подрімати,to,verb,C1
пожадливий,lewd,adjective,C1
позивний,call,adjective,A1
позловтішатися,to,verb,C1
показатися,to,verb,C1
покара,retaliation,noun,C1
по-київськи,kyiv-style,adverb,C1
покійник,deceased,noun,C1
поклад,deposit,noun,C1
поклонитися,bow,verb,C1
полазити,climb,verb,C1
полігамія,polygamy,noun,C1
полірований,polished,adjective,C1
полісахарид,polysaccharide,noun,C1
полк,regiment,noun,C1
пологий,flat,adjective,C1
полтавчанин,citizen,noun,C1
полумисок,shallow,noun,C1
полячка,pole,noun,C1
помада,cream,noun,C1
помиї,swill,noun,C1
поминки,wake,noun,C1
поміщиця,landowner,noun,C1
понаднормово,overtime,adverb,C1
поникнути,flag,verb,C1
поносити,carry,verb,C1
поношений,worn,adjective,C1
понтонний,pontoon,adjective,C1
поперек,against,adverb,C1
поплічниця,accomplice,noun,C1
поправлятися,recover,verb,C1
попрохати,request,verb,C1
поразити,defeat,verb,C1
порода,rock,noun,C1
портьєра,curtain,noun,C1
поруччя,handrail,noun,C1
порцеляна,porcelain,noun,C1
порятуватися,to,verb,C1
посвятити,dedicate,verb,C1
посвячувати,dedicate,verb,C1
посестра,blood,noun,C1
посильний,messenger,noun,C1
послідовниця,follower,noun,C1
послушний,obedient,adjective,C1
пособник,accomplice,noun,C1
посортувати,sort,verb,C1
постачальниця,provider,noun,C1
постачити,supply,verb,C1
постіл,lapti,noun,C1
посудомийка,dishwasher,noun,C1
потиск,handshake,noun,C1
потіти,to,verb,C1
потічок,streamlet,noun,C1
похресник,godson,noun,C1
похресниця,goddaughter,noun,C1
поцілуватися,kiss,verb,C1
почастувати,treat,verb,C1
почвара,monster,noun,C1
почервоніння,an,noun,C1
пощада,mercy,noun,C1
правителька,ruler,noun,C1
правний,legal,adjective,C1
пражець,praguer,noun,C1
праля,washer,noun,C1
праслов'янський,of,adjective,C1
презирливо,scornfully,adverb,C1
прелат,prelate,noun,C1
пресловутий,notorious,adjective,C1
префікс,prefix,noun,C1
префікс,prepayment,noun,C1
прибиральник,cleaner,noun,C1
прив'язь,leash,noun,C1
пригноблювати,abuse,verb,C1
приговор,verdict,noun,C1
пригорщ,handful,noun,C1
придворний,courtier,noun,C1
призвичаїти,accustom,verb,C1
приймак,live-in,noun,C1
приказувати,order,verb,C1
прикрашувати,embellish,verb,C1
приманити,to,verb,C1
приманювати,to,verb,C1
присоромлений,ashamed,adjective,C1
присосок,sucker,noun,C1
притягання,gravity,noun,C1
прихвостень,lackey,noun,C1
прицілюватися,aim,verb,C1
причинність,causality,noun,C1
приятелювання,friendship,noun,C1
пробування,stay,noun,C1
пробурмотіти,to,verb,C1
Прованс,provence,noun,C1
провидиця,seer,noun,C1
провізія,food,noun,A1
продув,draft,noun,C1
прозивати,to,verb,C1
пролив,strait,noun,C1
промежина,perineum,noun,C1
прораховуватися,miscalculate,verb,C1
прорідити,thin,verb,C1
просіяти,to,verb,C1
проснутися,wake,verb,C1
простата,prostate,noun,C1
простодушний,simple-minded,adjective,C1
просьба,application,noun,C1
протеїн,protein,noun,C1
протипіхотний,antipersonnel,adjective,C1
протухлий,rancid,adjective,C1
протягуватися,last,verb,C1
профан,ignoramus,noun,C1
професорка,female,noun,C1
проціджувати,strain,verb,C1
прудко,quickly,adverb,C1
пряжка,buckle,noun,C1
прянощі,spice,noun,C1
псалом,psalm,noun,C1
психопат,psychopath,noun,C1
психопатичний,psychopathic,adjective,C1
психопатологічний,psychopathological,adjective,C1
Псков,pskov,noun,C1
публіцистка,publicist,noun,C1
пузир,bubble,noun,C1
пульсар,pulsar,noun,C1
пунктуація,punctuation,noun,C1
пурга,snowstorm,noun,C1
пустище,wasteland,noun,C1
пустослів'я,rhetoric,noun,C1
пухир,blister,noun,C1
п'ятитисячний,five-thousandth,adjective,C1
рабиня,slave,noun,C1
радіатор,radiator,noun,C1
радій,radium,noun,C1
радіотелескоп,radio,noun,C1
раднаргосп,sovnarkhoz,noun,C1
раз,once,adverb,C1
Рангун,yangon,noun,C1
ранець,backpack,noun,C1
ранок,morning,noun,C1
рантьє,rentier,noun,C1
рахівник,accountant,noun,C1
ревізіонізм,revisionism,noun,C1
ревізіоніст,revisionist,noun,C1
регбі,rugby,noun,C1
редька,radish,noun,C1
реєстратура,reception,noun,C1
резервувати,book,verb,A1
рекогносцировка,scouting,noun,C1
релігієзнавство,religious,noun,C1
реній,rhenium,noun,C1
рептилія,reptile,noun,C1
риба,fish,noun,C1
рибосома,ribosome,noun,C1
ридикюль,handbag,noun,C1
ризосфера,rhizosphere,noun,C1
рильце,snout,noun,C1
рис,rice,noun,C1
рицарство,alternative,noun,C1
ричати,roar,verb,C1
рівносильний,tantamount,adjective,C1
різнорідність,heterogeneity,noun,C1
різьбярство,sculpture,noun,C1
рішити,to,verb,C1
рогатка,slingshot,noun,C1
рогоносець,cuckold,noun,C1
родитися,be,verb,A1
розарій,rosary,noun,C1
розбишака,tyke,noun,C1
розбіжний,divergent,adjective,C1
розбірливий,legible,adjective,C1
розвестися,divorce,verb,C1
розвивальний,developmental,adjective,C1
розвилка,fork,noun,C1
розвинутися,develop,verb,C1
розвівати,to,verb,C1
розвідниця,scout,noun,C1
розгалужуватися,ramify,verb,C1
роздумати,change,verb,C1
роззброїти,disarm,verb,C1
роззброювати,disarm,verb,C1
роз'їзд,passing,noun,C1
розладнати,to,verb,C1
розлитися,spill,verb,C1
розмішувати,stir,verb,C1
розміщатися,to,verb,C1
розмова,talk,noun,C1
розмовник,phrase,noun,C1
розморозити,defrost,verb,C1
розорювати,ravage,verb,C1
розплідник,breeding-ground,noun,C1
розріджений,thin,adjective,C1
розріджувати,rarefy,verb,C1
розсердитися,to,verb,C1
розсильний,errand,noun,C1
розсіл,brine,noun,C1
розтерти,blur,verb,C1
розтягатися,stretch,verb,C1
розфарбувати,give,verb,A1
розчленувати,dismember,verb,C1
розчулювати,to,verb,C1
розщеплювати,cleave,verb,C1
романіст,novelist,noun,C1
романський,romance,adjective,C1
ромб,rhombus,noun,C1
роменський,romny,adjective,C1
росіянізм,russianism,noun,C1
Ростов,rostov,noun,C1
рот,mouth,noun,C1
Рязань,ryazan,noun,C1
санскрит,sanskrit,noun,C1
Славонія,slavonia,noun,C1
слоновий,bishop,adjective,C1
службовка,official,noun,C1
ротовий,oral,adjective,C1
рубець,scar,noun,C1
рудоволосий,redheaded,adjective,C1
рупія,rupee,noun,C1
русинка,rusyn,noun,C1
русифікувати,russify,verb,C1
русофіл,russophile,noun,C1
ручатися,undertake,verb,C1
рученя,hand,noun,C1
Сава,sava,noun,C1
сагайдак,quiver,noun,C1
садистський,sadistic,adjective,C1
саж,stable,noun,C1
салатовий,lime,adjective,C1
сальний,greasy,adjective,C1
салямі,salami,noun,C1
самовладдя,autocracy,noun,C1
самодержавець,autocrat,noun,C1
самозайнятий,self-employed,adjective,C1
саморефлексія,self-reflection,noun,C1
Самсон,samson,noun,C1
самшит,box,noun,C1
сандалія,sandal,noun,C1
сарана,locust,noun,C1
Саранськ,saransk,noun,C1
сарна,chamois,noun,C1
сатанізм,satanism,noun,C1
сафарі,safari,noun,C1
сахароза,sucrose,noun,C1
сачок,truant,noun,C1
свадьба,marriage,noun,C1
Сварог,svarog,noun,C1
свекруха,mother-in-law,noun,C1
свинопас,swineherd,noun,C1
свиснути,steal,verb,C1
свищ,fistula,noun,C1
світлотінь,chiaroscuro,noun,C1
свічник,candlestick,noun,C1
своєкорисливий,self-interested,adjective,C1
секундомір,stopwatch,noun,C1
секундочка,second,noun,C1
семисотий,seven,adjective,C1
сенсор,sensor,noun,C1
сербин,serbian,noun,C1
сербка,serbian,noun,C1
сербохорватський,pertaining,adjective,C1
сервант,cupboard,noun,C1
серна,chamois,noun,C1
сеульський,seoulite,adjective,C1
сивоволосий,grey-haired,adjective,C1
сидр,cider,noun,C1
сизий,dove-coloured,adjective,C1
симетричність,symmetricality,noun,C1
синенький,blue-colored,adjective,C1
синтаксичний,syntactic,adjective,C1
синус,sine,noun,C1
сипкий,friable,adjective,C1
сиротіти,to,verb,C1
сиртакі,sirtaki,noun,C1
ситний,of,adjective,C1
Сичуань,sichuan,noun,C1
сілезький,silesian,adjective,C1
сільце,hamlet,noun,C1
сінаж,silage,noun,C1
сіни,vestibule,noun,C1
Сіон,zion,noun,C1
сіонізм,zionism,noun,C1
скандій,scandium,noun,C1
скарлатина,scarlet,noun,C1
скаут,member,noun,C1
скибка,slice,noun,C1
скиглій,sook,noun,C1
скит,scythian,noun,C1
скіпетр,sceptre,noun,C1
склеп,vault,noun,C1
скловолокно,fibreglass,noun,C1
склоподібний,glassy,adjective,C1
Скоп'є,skopje,noun,C1
скористуватися,put,verb,C1
скотина,cattle,noun,C1
скрикувати,exclaim,verb,C1
скучати,miss,verb,C1
слива,plum,noun,C1
слимак,snail,noun,C1
слізка,diminutive,noun,C1
словачка,native,noun,C1
словечко,diminutive,noun,C1
словникарство,lexicography,noun,C1
слов'янофіл,slavophile,noun,C1
сльозливий,tearful,adjective,C1
смільчак,daredevil,noun,C1
смоктати,suck,verb,C1
снігур,bullfinch,noun,C1
сніжити,have,verb,A1
снотворний,somniferous,adjective,C1
солодкість,sweetness,noun,C1
соломина,straw,noun,C1
сонет,sonnet,noun,C1
сонях,sunflower,noun,C1
сопіти,snuffle,verb,C1
сорокаріччя,forty-year,noun,C1
соромний,shameful,adjective,C1
сором'язний,bashful,adjective,C1
сортувати,sort,verb,C1
соха,sokha,noun,C1
спантеличувати,baffle,verb,C1
спекотно,bakingly,adverb,C1
сперма,semen,noun,C1
співзвуччя,harmony,noun,C1
сповідальня,confessional,noun,C1
сповідник,confessor,noun,C1
сповільнюватися,decelerate,verb,C1
спожива,prey,noun,C1
спокушений,experienced,adjective,C1
спринт,dash,noun,C1
став,pond,noun,C1
старитися,to,verb,C1
старозавітний,vetero-testamentary,adjective,C1
старуватий,oldish,adjective,C1
старшинство,primogeniture,noun,C1
старшинство,superiority,noun,C1
стежинка,trail,noun,C1
стек,stack,noun,C1
степінь,power,noun,C1
стерня,stubble,noun,C1
стероїд,steroid,noun,C1
стероризувати,terrorize,verb,C1
стетоскоп,stethoscope,noun,C1
стигматизація,stigmatization,noun,C1
стомити,tire,verb,C1
стомленість,fatigue,noun,C1
стомлювати,tire,verb,C1
стопка,stack,noun,C1
стопроцентний,one,adjective,A1
сторож,guardian,noun,C1
стояк,boner,noun,C1
стравохід,oesophagus,noun,C1
страус,ostrich,noun,C1
страшило,scary,noun,C1
стрим,live,noun,C1
строковик,conscript,noun,C1
стружка,swarf,noun,C1
стукнутися,collide,verb,C1
субмарина,submarine,noun,C1
субстрат,substrate,noun,C1
суд,trial,noun,C1
Судети,sudeten,noun,C1
судноверф,shipyard,noun,C1
сука,bitch,noun,C1
сумовитий,down,adjective,C1
суниця,strawberry,noun,C1
суничний,strawberry,adjective,C1
сунізм,sunni,noun,C1
суперечний,contradictory,adjective,C1
супчик,soup,noun,C1
суфізм,sufism,noun,C1
Сучава,suceava,noun,C1
сучка,bitch,noun,C1
схематизація,schematization,noun,C1
схематичний,schematic,adjective,C1
східець,stair,noun,C1
схлипувати,weep,verb,C1
схрестити,biology,verb,C1
схрещування,crossbreeding,noun,C1
табакерка,snuffbox,noun,C1
табличний,tabular,adjective,C1
табуретка,stool,noun,C1
Таврида,taurica,noun,C1
таїландський,thai,adjective,C1
Тайбей,taipei,noun,C1
тактовний,tactful,adjective,C1
талан,fate,noun,C1
талер,thaler,noun,C1
Тамбов,tambov,noun,C1
танцюристка,dancer,noun,C1
тархун,tarkhun,noun,C1
Тасманія,tasmania,noun,C1
Татарбунари,tatarbunary,noun,C1
татусь,dad,noun,C1
Твер,tver,noun,C1
теличка,cowling,noun,C1
телятко,calf,noun,C1
темниця,prison,noun,C1
темніти,to,verb,C1
теократичний,theocratic,adjective,C1
теософія,theosophy,noun,C1
тепловіддача,heat,noun,C1
тераріум,terrarium,noun,C1
Теребовля,terebovlia,noun,C1
терка,threshing,noun,C1
терпеливий,patient,adjective,C1
тесля,carpenter,noun,C1
Тетіїв,tetiiv,noun,C1
техніка,technology,noun,C1
теча,flow,noun,C1
течка,folder,noun,C1
Тирана,tirana,noun,C1
тис,yew,noun,C1
Тисмениця,tysmenytsia,noun,C1
тихенький,endearing,adjective,C1
тишина,silence,noun,C1
тільняшка,telnyashka,noun,C1
ткаля,weaver,noun,C1
тло,background,noun,C1
токсикоманія,toxicomania,noun,C1
тонесенький,thin,adjective,C1
тонна,ton,noun,C1
топаз,topaz,noun,C1
топологія,topology,noun,C1
Тора,torah,noun,C1
травоїдний,herbivorous,adjective,C1
трактир,inn,noun,C1
транслітерація,transliteration,noun,C1
трахея,windpipe,noun,C1
триголовий,three-headed,adjective,C1
тридцятиліття,thirty-year,noun,C1
триєдність,trinity,noun,C1
триніжок,tripod,noun,C1
тріумвірат,triumvirate,noun,C1
троль,troll,noun,C1
троцькізм,trotskyism,noun,C1
феміністка,feminist,noun,C1
феміністський,feminist,adjective,C1
фенол,phenol,noun,C1
хтивий,lewd,adjective,C1
хук,hook,noun,C1
трутень,drone,noun,C1
туба,tuba,noun,C1
туземець,aboriginal,noun,C1
тула,quiver,noun,C1
Тулуза,toulouse,noun,C1
Тульчин,tulchyn,noun,C1
тульчинський,tulchyn,adjective,C1
тундра,tundra,noun,C1
туристка,tourist,noun,C1
тьма,darkness,noun,C1
тьмяний,faint,adjective,C1
тюк,bale,noun,C1
тюркізм,turkism,noun,C1
увозити,import,verb,C1
угноювати,to,verb,C1
ударяти,beat,verb,C1
удовиця,widow,noun,C1
уельський,welsh,adjective,C1
уйгур,uyghur,noun,C1
указка,pointer,noun,C1
українізм,ukrainianism,noun,C1
українофільський,ukrainophilic,adjective,C1
українськість,ukrainianness,noun,C1
укріпляти,secure,verb,C1
улюбленка,pet,noun,C1
умивальник,sink,noun,C1
умоглядний,speculative,adjective,C1
упир,vampire,noun,C1
уповати,hope,verb,C1
упорядниця,organizer,noun,C1
упускати,down,verb,C1
усередину,inside,adverb,C1
уступати,cede,verb,C1
утихомирити,appease,verb,C1
утомитися,tire,verb,C1
утопати,drown,verb,C1
уторопати,realize,verb,C1
утруднений,embarrassing,adjective,C1
фагот,bassoon,noun,C1
фазовий,phasic,adjective,C1
фальшивомонетник,counterfeiter,noun,C1
фарерський,faroese,adjective,C1
фармакологія,pharmacology,noun,C1
фартух,apron,noun,C1
фата-моргана,fata,noun,C1
Феб,phoebus,noun,C1
фехтувальниця,fencer,noun,C1
філе,fillet,noun,C1
філософічний,philosophical,adjective,C1
фінка,puukko,noun,C1
фіорд,fjord,noun,C1
фіранка,blind,noun,C1
флагманський,flagship,adjective,C1
флокс,phlox,noun,C1
фляга,flag,noun,C1
фляжка,flask,noun,C1
фольга,foil,noun,C1
фольклористика,folkloristics,noun,C1
форель,trout,noun,C1
фотель,armchair,noun,C1
фразеологічний,phraseological,adjective,C1
фриз,frieze,noun,C1
халупа,hut,noun,C1
Ханой,hanoi,noun,C1
харкотиння,phlegm,noun,C1
харч,grub,noun,C1
хвастатися,boast,verb,C1
хвастощі,boast,noun,C1
хватити,to,verb,C1
хвилиночка,moment,noun,C1
хвостовий,caudal,adjective,C1
хедер,cheder,noun,C1
хід,turn,noun,C1
хідник,sidewalk,noun,C1
Хіросіма,hiroshima,noun,C1
хмарина,cloud,noun,C1
хміль,hop,noun,C1
хмільницький,khmilnyk,adjective,C1
ховрах,gopher,noun,C1
Ходорів,khodoriv,noun,C1
Хоккайдо,hokkaido,noun,C1
холоднокровний,cold-blooded,adjective,C1
холоднокровність,equanimity,noun,C1
холостячка,bachelorette,noun,C1
хорватка,croatian,noun,C1
хорошун,beauty,noun,C1
хоругва,flag,noun,C1
хрещеник,godson,noun,C1
хрещениця,goddaughter,noun,C1
християнка,member,noun,C1
хуліганка,hooligan,noun,C1
хурделиця,snowstorm,noun,C1
цех,workshop,noun,C1
цидулка,note,noun,C1
цикорій,common,noun,C1
ці,these,pronoun,C1
ціанід,cyanide,noun,C1
цідити,strain,verb,C1
цукерок,piece,noun,C1
Чад,chad,noun,C1
чайка,gull,noun,C1
чайничок,teapot,noun,C1
чаклувати,conjure,verb,C1
чаклунка,witch,noun,C1
чарівниця,witch,noun,C1
чародійка,sorceress,noun,C1
чат,chat,noun,C1
чахохбілі,chakhokhbili,noun,C1
чебрець,thyme,noun,C1
чемність,politeness,noun,C1
чепець,bonnet,noun,C1
чепіга,ploughtail,noun,C1
червоноградський,chervonohrad,adjective,C1
черв'як,maggot,noun,C1
чергуватися,take,verb,A1
черемха,chokecherry,noun,C1
черепний,cranial,adjective,C1
черес,money,noun,C1
чешка,czech,noun,C1
числівник,number,noun,C1
чоловий,of,adjective,C1
чорніти,blacken,verb,C1
чорнобривий,black-browed,adjective,C1
чорнобровий,black-browed,adjective,C1
чорнокнижник,warlock,noun,C1
чорноокий,black-eyed,adjective,C1
чортеня,imp,noun,C1
чотиривимірний,four-dimensional,adjective,C1
чужак,outsider,noun,C1
чухрати,thrash,verb,C1
шайба,washer,noun,C1
шаленець,madman,noun,C1
шаленість,madness,noun,C1
шанець,foxhole,noun,C1
шарага,sharashka,noun,C1
шаховий,chess,adjective,C1
Шахтарськ,shakhtarsk,noun,C1
шворка,string,noun,C1
шевченкознавство,study,noun,C1
шепнути,whisper,verb,C1
шестигранник,hexahedron,noun,C1
шестиповерховий,six-storey,adjective,C1
шибайголова,daredevil,noun,C1
шизофренік,schizophrenic,noun,C1
Шиллер,schiller,noun,C1
шипшина,rose,noun,C1
шиття,sewing,noun,C1
шкатулка,casket,noun,C1
шкло,glass,noun,C1
шкрябати,scratch,verb,C1
шлуночок,ventricle,noun,C1
шляхтянка,noblewoman,noun,C1
шматок,piece,noun,C1
шніцель,schnitzel,noun,C1
шнур,cord,noun,C1
Шостка,shostka,noun,C1
шотландка,scotswoman,noun,C1
шпатель,spatula,noun,C1
шпинат,spinach,noun,C1
Штраус,strauss,noun,C1
щиглик,goldfinch,noun,C1
щиголь,goldfinch,noun,C1
щіточка,paintbrush,noun,C1
щотижневик,weekly,noun,C1
щотижнево,weekly,adverb,C1
щупальце,tentacle,noun,C1
щурячий,murine,adjective,C1
юда,judas,noun,C1
юдейський,jewish,adjective,C1
юристка,attorney,noun,C1
юрта,yurt,noun,C1
Ви,second-person,pronoun,C2
Ош,osh,noun,C2
ад,hell,noun,C2
зо,approximately,adverb,C2
ир,folk,noun,C2
мо,alternative,adverb,C2
ні,not,adverb,A1
то,then,adverb,C2
чо,why,adverb,C2
шо,who,pronoun,C2
щі,shchi,noun,C2
юс,yus,noun,C2
як,yak,noun,C2
їм,them,pronoun,C2
-ся,myself,pronoun,C2
Бар,bar,noun,C2
Бат,bath,noun,C2
Бук,buk,noun,C2
Гуд,hud,noun,C2
Мен,maine,noun,C2
Ном,nome,noun,C2
Пул,poole,noun,C2
Рим,rome,noun,C2
Сян,san,noun,C2
Фоб,phobos,noun,C2
Юнґ,jung,noun,C2
бод,baud,noun,C2
буй,boyar,noun,C2
бус,bus,noun,C2
вий,howl,noun,C2
вуй,gaffer,noun,C2
віг,whig,noun,C2
гой,gentile,noun,C2
гук,noise,noun,C2
гіф,hypha,noun,C2
дан,dan,noun,C2
дож,doge,noun,C2
жид,jew,noun,C2
зет,zed,noun,C2
кар,cirque,noun,C2
кеп,fool,noun,C2
кет,catboat,noun,C2
кий,stick,noun,C2
ким,whom,pronoun,C2
коп,cop,noun,C2
лев,lion,noun,C2
лей,leu,noun,C2
ляк,fear,noun,C2
лій,grease,noun,C2
маз,thick,noun,C2
мем,meme,noun,C2
мо',maybe,adverb,C2
мід,honey,noun,C2
мім,mime,noun,C2
міт,myth,noun,C2
міч,sword,noun,C2
най,ney,noun,C2
нам,us,pronoun,C2
неф,nave,noun,C2
нут,chickpea,noun,C2
ніц,nothing,pronoun,C2
оно,yonder,adverb,C2
орк,orc,noun,C2
пар,vapor,noun,C2
пиж,wad,noun,C2
пир,feast,noun,C2
пря,quarrel,noun,C2
псе,nothing,pronoun,C2
під,beneath,adverb,C2
ржа,rust,noun,C2
риж,rice,noun,C2
рок,rock,noun,C2
сам,self,noun,C2
сам,alone,adverb,C2
сап,glanders,noun,C2
тег,tag,noun,C2
теґ,tag,noun,C2
хуй,dick,noun,C2
ціп,flail,noun,C2
чиж,eurasian,noun,C2
шаг,shah,noun,C2
шип,hissing,noun,C2
щоб,so,adverb,C2
ямс,name,noun,A1
ґей,homosexual,noun,C2
Алі,ali,noun,C2
Белз,belz,noun,C2
Бонн,bonn,noun,C2
Вейн,wayne,noun,C2
Гоа,goa,noun,C2
Град,grad,noun,C2
Ері,lake,noun,C2
Еол,aeolus,noun,C2
Зевс,zeus,noun,C2
Злін,zl,noun,C2
Кент,kent,noun,C2
Кітс,transliterations,noun,C2
Лідс,leeds,noun,C2
Лінц,linz,noun,C2
Марс,mars,noun,C2
Мост,most,noun,C2
Перт,perth,noun,C2
СНІД,aids,noun,C2
Сейм,sejm,noun,C2
Січ,sich,noun,C2
Холм,chelm,noun,C2
Юта,utah,noun,C2
Ява,java,noun,C2
аво,avo,noun,C2
аєр,sweet,noun,C2
аїр,sweet,noun,C2
аби,so,adverb,C2
альв,elf,noun,C2
байт,byte,noun,C2
брус,bar,noun,C2
букс,boxwood,noun,C2
в'яз,elm,noun,C2
вдар,kick,noun,C2
верп,kedge,noun,C2
весь,village,noun,C2
взад,back,adverb,C2
взір,example,noun,C2
виск,shriek,noun,C2
вкус,bite,noun,C2
враг,devil,noun,C2
гайп,hype,noun,C2
глей,silt,noun,C2
горб,hump,noun,C2
граб,hornbeam,noun,C2
грак,rook,noun,C2
грог,grog,noun,C2
грош,groschen,noun,C2
гугл,google,noun,C2
гусь,goose,noun,C2
гюйс,jack,noun,C2
джут,jute,noun,C2
дзен,zen,noun,C2
довг,debt,noun,C2
драб,scoundrel,noun,C2
дрон,drone,noun,C2
еве,ewe,noun,C2
ему,emu,noun,C2
жбан,jug,noun,C2
жгут,tourniquet,noun,C2
жґут,tourniquet,noun,C2
збан,jug,noun,C2
звал,dump,noun,C2
звис,eaves,noun,C2
зніт,willowherb,noun,C2
зчеп,shackle,noun,C2
йорж,ruffe,noun,C2
к'ят,kyat,noun,C2
карт,go-cart,noun,C2
квак,black-crowned,noun,C2
клей,glue,noun,C2
клоп,bug,noun,C2
кліф,cliff,noun,C2
кліщ,tick,noun,C2
кмин,caraway,noun,C2
кнур,hog,noun,C2
кофр,trunk,noun,C2
краб,crab,noun,C2
криж,cross,noun,C2
ктир,robber,noun,C2
ківш,bucket,noun,C2
кілт,kilt,noun,C2
лайк,like,noun,C2
лайм,lime,noun,C2
лотр,lazybones,noun,C2
лунь,harrier,noun,C2
мавр,moor,noun,C2
мент,cop,noun,C2
мирт,myrtle,noun,C2
мопс,pug,noun,C2
морж,walrus,noun,C2
моя,mine,pronoun,C2
най-,most,adverb,C2
нить,thread,noun,C2
ниць,from,adverb,C2
нуль,zero,numeral,C2
п'єц,oven,noun,C2
падь,ravine,noun,C2
патч,patch,noun,C2
плив,flow,noun,C2
плов,pilaf,noun,C2
плюш,plush,noun,C2
прач,battledore,noun,C2
пріч,away,adverb,C2
скат,ray,noun,C2
слиж,stone,noun,C2
слиз,mucus,noun,C2
смок,dragon,noun,C2
стид,shame,noun,C2
стіг,stack,noun,C2
тамо,yonder,adverb,C2
твар,animals,noun,C2
трен,train,noun,C2
трок,truck,noun,C2
троп,trope,noun,C2
трут,tinder,noun,C2
тхір,ferret,noun,C2
тюль,tulle,noun,C2
уха,ukha,noun,C2
фейк,fake,noun,C2
фоє,foyer,noun,C2
хлющ,deluge,noun,C2
храп,snore,noun,C2
хрущ,beetle,noun,C2
хунт,pound,noun,C2
цаль,inch,noun,C2
чипс,potato,noun,C2
чіпс,potato,noun,C2
шкіц,draft,noun,C2
шлюп,sloop,noun,C2
шпак,starling,noun,C2
шпиг,spy,noun,C2
шпик,spy,noun,C2
юха,soup,noun,C2
іго,yoke,noun,C2
ідо,ido,noun,C2
ґлей,gum,noun,C2
ґляґ,abomasum,noun,C2
ґніт,wick,noun,C2
ґуґл,google,noun,C2
Єзуч,yezuch,noun,C2
Єйськ,yeysk,noun,C2
Ірод,herod,noun,C2
Ізюм,izium,noun,C2
Аден,aden,noun,C2
Альє,allier,noun,C2
Амур,cupid,noun,C2
Апіа,apia,noun,C2
Арес,ares,noun,C2
Асія,asia,noun,C2
Буча,bucha,noun,C2
Буськ,busk,noun,C2
Віра,vera,noun,C2
Гана,ghana,noun,C2
Доха,doha,noun,C2
Дьйор,gy,noun,C2
Діва,virgo,noun,C2
Ділі,dili,noun,C2
Едем,garden,noun,C2
Едіп,oedipus,noun,C2
Заїр,zaire,noun,C2
Зюльт,sylt,noun,C2
Каїн,cain,noun,C2
Кіто,quito,noun,C2
Ломе,lom,noun,C2
Ліма,lima,noun,C2
Лілль,lille,noun,C2
Мале,mal,noun,C2
Майнц,mainz,noun,C2
Мена,mena,noun,C2
Ніуе,niue,noun,C2
Оман,oman,noun,C2
Орел,oryol,noun,C2
Поті,poti,noun,C2
Прая,praia,noun,C2
Рада,verkhovna,noun,C2
Раша,russia,noun,C2
Риби,pisces,noun,C2
Розо,roseau,noun,C2
Руан,rouen,noun,C2
Саба,sheba,noun,C2
Саки,saky,noun,C2
Саар,saarland,noun,C2
Сале,sal,noun,C2
Сува,suva,noun,C2
Тиса,tisza,noun,C2
Того,togo,noun,C2
Тула,tula,noun,C2
Узин,uzyn,noun,C2
Улас,blasius,noun,C2
Уран,uranus,noun,C2
Харі,hari,noun,C2
Чита,chita,noun,C2
Шива,shiva,noun,C2
Шольц,scholz,noun,C2
Шота,shota,noun,C2
Южне,yuzhne,noun,C2
Юкон,yukon,noun,C2
Юдея,judea,noun,C2
Янус,janus,noun,C2
Яффа,jaffa,noun,C2
Ярен,yaren,noun,C2
Ясон,jason,noun,C2
авра,aura,noun,C2
анус,anus,noun,C2
абаз,abbasi,noun,C2
абак,abacus,noun,C2
авіз,aviso,noun,C2
адже,after,adverb,C2
акут,acute,noun,C2
алое,aloe,noun,C2
амін,organic,noun,C2
атол,atoll,noun,C2
бевзь,fool,noun,C2
безе,meringue,noun,C2
босо,barefoot,adverb,C2
біде,bidet,noun,C2
біом,biome,noun,C2
в'язь,arabic,noun,C2
веда,veda,noun,C2
вуса,moustache,noun,C2
вуси,moustache,noun,C2
вутя,duckling,noun,C2
віха,milestone,noun,C2
гага,eider,noun,C2
глист,maw-worm,noun,C2
гнейс,gneiss,noun,C2
гуся,goose,noun,C2
джбан,jug,noun,C2
дзбан,ewer,noun,C2
диби,stilt,noun,C2
дриль,drill,noun,C2
дупа,ass,noun,C2
духи,perfume,noun,C2
діжа,kneading,noun,C2
дієз,sign,noun,C2
евен,ethnic,noun,C2
етан,ethane,noun,C2
етер,air,noun,C2
етюд,etude,noun,C2
ефес,hilt,noun,C2
желе,jelly,noun,C2
жона,woman,noun,A1
зара,immediately,adverb,C2
зеро,zero,numeral,C2
зупа,soup,noun,C2
идол,god,noun,C2
инде,alternative,adverb,C2
ирод,alternative,noun,C2
ирід,alternative,noun,C2
йота,ace,noun,C2
йому,him,pronoun,C2
капа,mouthguard,noun,C2
квест,quest,noun,C2
кліпс,something,noun,C2
кода,coda,noun,C2
кола,cola,noun,C2
коло,about,adverb,C2
кого,whom,pronoun,C2
кому,whom,pronoun,C2
куча,crowd,noun,C2
кума,godmother,noun,C2
леха,bed,noun,A1
лижі,skiing,noun,C2
люба,dote,noun,C2
любо,nicely,adverb,C2
люля,cradle,noun,C2
ліга,league,noun,C2
майя,mayan,noun,C2
мало,little,adverb,C2
маїс,maize,noun,C2
мева,gull,noun,C2
мене,me,pronoun,C2
мені,me,pronoun,C2
мною,me,pronoun,C2
може,perhaps,adverb,C2
муза,muse,noun,C2
муар,moir,noun,C2
нава,nave,noun,C2
наче,introducing,adverb,C2
неон,neon,noun,C2
нужа,need,noun,C2
нута,note,noun,C2
нуда,boredom,noun,C2
ніби,allegedly,adverb,C2
нічо,nothing,pronoun,C2
огар,ruddy,noun,C2
одуд,hoopoe,noun,C2
опит,interrogation,noun,C2
опух,tumor,noun,C2
опір,resistance,noun,C2
осип,scree,noun,C2
ості,harpoon,noun,C2
осуд,censure,noun,C2
отже,therefore,adverb,C2
охра,ochre,noun,C2
обіт,pledge,noun,C2
овен,someone,noun,C2
озон,ozone,noun,C2
окоп,trench,noun,C2
окіл,neighborhood,noun,C2
омег,hemlock,noun,C2
орач,plowman,noun,C2
оріх,nut,noun,C2
осот,thistle,noun,C2
отам,yonder,adverb,C2
отже’,thus,adverb,C2
пава,peacock,noun,C2
пака,pack,noun,C2
паля,paling,noun,C2
парі,wager,noun,C2
паха,armpit,noun,C2
песо,peso,noun,C2
пеан,paean,noun,C2
пика,mug,noun,C2
пила,saw,noun,C2
плеск,splash,noun,C2
пліть,roach,noun,C2
поні,pony,noun,C2
причт,clergy,noun,C2
пузо,paunch,noun,C2
піки,spade,noun,C2
рака,on,adverb,C2
рамі,ramie,noun,C2
рано,morning,noun,C2
ребе,rabbi,noun,C2
реле,relay,noun,C2
роди,labour,noun,C2
руча,hand,noun,C2
рюма,crybaby,noun,C2
ріпа,turnip,noun,C2
сабо,sabot,noun,C2
саке,sak,noun,C2
само,itself,pronoun,C2
сквош,squash,noun,C2
скорб,grief,noun,C2
скотч,adhesive,noun,C2
скунс,skunk,noun,C2
сленґ,slang,noun,C2
смерд,smerd,noun,C2
собі,myself,pronoun,C2
сплюх,sleepyhead,noun,C2
стерх,siberian,noun,C2
страх,awfully,adverb,C2
стриж,swift,noun,C2
стрих,attic,noun,C2
струп,scab,noun,C2
сура,sura,noun,C2
сіра,sulfur,noun,C2
сіяч,sower,noun,C2
тверк,twerk,noun,C2
тета,theta,noun,C2
тебе,thee,pronoun,C2
тире,dash,noun,C2
тобі,thee,pronoun,C2
трусь,rabbit,noun,C2
туаз,toise,noun,C2
тяжа,pregnancy,noun,C2
тяти,to,verb,C2
улик,beehive,noun,C2
улій,beehive,noun,C2
улан,uhlan,noun,C2
урду,urdu,noun,C2
ферзь,queen,noun,C2
хала,challah,noun,C2
хауз,house,noun,A1
хижа,hut,noun,C2
хлист,whip,noun,C2
хуга,snowstorm,noun,C2
хуґа,snowstorm,noun,C2
циця,booby,noun,C2
чага,birch,noun,C2
чата,watch,noun,C2
чача,chacha,noun,C2
чміль,bumblebee,noun,C2
швепс,schweppes,noun,C2
швець,cobbler,noun,C2
шено,just,adverb,C2
шило,awl,noun,C2
шопа,shed,noun,C2
шпень,pivot,noun,C2
щеня,puppy,noun,C2
юхта,russia,noun,C2
ялик,skiff,noun,C2
ясен,ash,noun,C2
яшма,jasper,noun,C2
ящур,foot-and-mouth,noun,C2
єрик,soft,noun,C2
єнот,raccoon,noun,C2
іній,frost,noun,C2
імам,imam,noun,C2
імхо,imho,adverb,C2
ірга,serviceberry,noun,C2
їден,one,numeral,A1
Ґуам,guam,noun,C2
ґава,crow,noun,C2
ґара,groove,noun,C2
ґвинт,screw,noun,C2
ґедзь,horsefly,noun,C2
ґума,rubber,noun,C2
-няти,used,verb,C2
Єгова,jehovah,noun,C2
Аккра,accra,noun,C2
Аахен,aachen,noun,C2
Адана,adana,noun,C2
Аллах,allah,noun,C2
Амман,amman,noun,C2
Аоста,aosta,noun,C2
Аріка,arica,noun,C2
Ассам,assam,noun,C2
Атена,athena,noun,C2
Атени,athens,noun,C2
Афіна,athena,noun,C2
Ахілл,achilles,noun,C2
Ашока,ashoka,noun,C2
Аяччо,ajaccio,noun,C2
Бангі,bangui,noun,C2
Бачка,ba,noun,C2
Беліз,belize,noun,C2
Бенін,benin,noun,C2
Бихів,bykhaw,noun,C2
Бунге,bunhe,noun,C2
Бучач,buchach,noun,C2
Бутан,bhutan,noun,C2
Буття,genesis,noun,C2
Бісау,bissau,noun,C2
Біхар,bihar,noun,C2
Вадуц,vaduz,noun,C2
Валки,valky,noun,C2
Варта,warta,noun,C2
Вараш,varash,noun,C2
Веста,vesta,noun,C2
Влада,genitive,noun,C2
Вітка,vetka,noun,C2
Вікно,vikno,noun,C2
Гадяч,hadiach,noun,C2
Гаваї,hawaii,noun,C2
Гаяна,guyana,noun,C2
Герца,hertsa,noun,C2
Гурон,lake,noun,C2
Дакка,dhaka,noun,C2
Дакар,dakar,noun,C2
Дебар,debar,noun,C2
Джава,java,noun,C2
Джуба,juba,noun,C2
Джуно,juneau,noun,C2
Довге,dovhe,noun,C2
Дубно,dubno,noun,C2
Дуеро,douro,noun,C2
Діжон,dijon,noun,C2
Ельба,elbe,noun,C2
Евбея,euboea,noun,C2
Едіта,edith,noun,C2
Есхіл,aeschylus,noun,C2
Жешув,rzesz,noun,C2
Жуков,zhukov,noun,C2
Земля,earth,noun,C2
Зорян,inflection,noun,C2
Йонна,yonne,noun,C2
Катар,qatar,noun,C2
Качин,kachin,noun,C2
Кизил,kyzyl,noun,C2
Ковно,kaunas,noun,C2
Кощій,koschei,noun,C2
Ксеркс,xerxes,noun,C2
Кяхта,kyakhta,noun,C2
Ланге,langhe,noun,C2
Лахті,lahti,noun,C2
Лаціо,lazio,noun,C2
Лейте,leyte,noun,C2
Лиман,lyman,noun,C2
Луара,loire,noun,C2
Малин,malyn,noun,C2
Магас,magas,noun,C2
Макао,macau,noun,C2
Менськ,minsk,noun,C2
Мощун,moshchun,noun,C2
Нарин,naryn,noun,C2
Негев,negev,noun,C2
Нубія,nubia,noun,C2
Нітра,nitra,noun,C2
Овруч,ovruch,noun,C2
Олімп,olympus,noun,C2
Ополе,opole,noun,C2
Орфей,orpheus,noun,C2
Оскіл,oskil,noun,C2
Папуа,the,noun,C2
Паска,easter,noun,C2
Патри,patras,noun,C2
Палау,palau,noun,C2
Панай,panay,noun,C2
Пегас,pegasus,noun,C2
Перун,perun,noun,C2
Пусан,busan,noun,C2
Рабат,rabat,noun,C2
Ренат,inflection,noun,C2
Родос,rhodes,noun,C2
Ромні,romney,noun,C2
Рудки,rudky,noun,C2
Ряшів,rzesz,noun,C2
Різня,riznia,noun,C2
Сарни,sarny,noun,C2
Самоа,samoa,noun,C2
Сегед,szeged,noun,C2
Семей,semey,noun,C2
Серет,siret,noun,C2
Сколе,skole,noun,C2
Сміла,smila,noun,C2
Стрий,stryi,noun,C2
Сукре,sucre,noun,C2
Суми,sumy,noun,C2
Судак,sudak,noun,C2
Сірет,siret,noun,C2
Талас,talas,noun,C2
Таїті,tahiti,noun,C2
Темза,thames,noun,C2
Титан,titan,noun,C2
Тонга,tonga,noun,C2
Томськ,tomsk,noun,C2
Тузла,tuzla,noun,C2
Турка,turka,noun,C2
Турне,tournai,noun,C2
Угнів,uhniv,noun,C2
Удіне,udine,noun,C2
Ухань,wuhan,noun,C2
Фіджі,fiji,noun,C2
Хайфа,haifa,noun,C2
Хатай,hatay,noun,C2
Хирів,khyriv,noun,C2
Хірон,chiron,noun,C2
Цезар,caesar,noun,C2
Цюрих,zurich,noun,C2
Шумськ,shumsk,noun,C2
Щастя,shchastia,noun,C2
Юнона,juno,noun,C2
Юстин,justin,noun,C2
Ялова,yalova,noun,C2
Янгон,yangon,noun,C2
Янцзи,yangtze,noun,C2
Ярина,irene,noun,C2
амбра,ambergris,noun,C2
аттик,attic,noun,C2
аудіо,audio,noun,C2
абака,abacus,noun,C2
абаза,abaza,noun,C2
абиде,anywhere,adverb,C2
абищо,trifle,noun,C2
абрек,abrek,noun,C2
абхаз,abkhazian,noun,C2
абшит,discharge,noun,C2
аваль,aval,noun,C2
авгур,augur,noun,C2
авгіт,augite,noun,C2
авжеж,certainly,adverb,C2
авізо,aviso,noun,C2
агуті,agouti,noun,C2
аксон,axon,noun,C2
алель,allele,noun,C2
алкан,alkane,noun,C2
алкен,alkene,noun,C2
алкін,alkyne,noun,C2
амбар,granary,noun,C2
амвон,pulpit,noun,C2
амінь,amen,adverb,C2
аніон,anion,noun,C2
аплет,applet,noun,C2
аргон,argon,noun,C2
арсен,arsenic,noun,C2
астат,astatine,noun,C2
ацтек,aztec,noun,C2
бакен,beacon,noun,C2
барза,stork,noun,C2
барій,barium,noun,C2
батик,batik,noun,C2
бабіт,babbitt,noun,C2
багет,baguette,noun,C2
батат,sweet,noun,C2
бедро,hip,noun,C2
бекон,bacon,noun,C2
берил,beryl,noun,C2
битюг,beetewk,noun,C2
борзо,quickly,adverb,C2
борій,bohrium,noun,C2
борид,boride,noun,C2
брижа,mesentery,noun,C2
бріош,brioche,noun,C2
бусел,stork,noun,C2
бурун,breaker,noun,C2
бурят,buryat,noun,C2
бутик,boutique,noun,C2
бухий,drunk,adjective,C2
бухло,booze,noun,C2
бібка,sheep,noun,C2
бісів,deuced,adverb,C2
бівак,bivouac,noun,C2
варан,monitor,noun,C2
веред,ulcer,noun,C2
верша,fish,noun,C2
вивар,broth,noun,C2
вигад,fable,noun,C2
видра,otter,noun,C2
винце,diminutive,noun,C2
висок,temple,noun,C2
виток,turn,noun,C2
власть,authorities,noun,C2
внука,granddaughter,noun,C2
внуча,grandchild,noun,C2
вобла,vobla,noun,C2
водка,vodka,noun,C2
волок,portage,noun,C2
вохра,ochre,noun,C2
вовча,wolf,noun,C2
впрост,directly,adverb,C2
втіха,pleasure,noun,C2
вугля,coal,noun,C2
вугол,angle,noun,C2
вуйна,aunt,noun,C2
вулій,beehive,noun,C2
вутка,duck,noun,C2
вушка,vushka,noun,C2
вуаль,veil,noun,C2
вішак,coat,noun,C2
гадка,inkling,noun,C2
гайда,hide,noun,C2
галка,jackdaw,noun,C2
гамуз,pulp,noun,C2
гасій,hassium,noun,C2
гаучо,gaucho,noun,C2
галун,galloon,noun,C2
герма,herm,noun,C2
гекон,gecko,noun,C2
геоїд,geoid,noun,C2
геєна,gehenna,noun,C2
глива,oyster,noun,C2
глоса,gloss,noun,C2
глюон,gluon,noun,C2
гнида,nit,noun,C2
гнояк,abscess,noun,C2
гобіт,hobbit,noun,C2
горно,furnace,noun,C2
голяр,barber,noun,C2
горох,pea,noun,C2
грати,alternative,noun,C2
гузно,butt,noun,C2
гуслі,gusli,noun,C2
гуава,guava,noun,C2
гуляш,goulash,noun,C2
гумно,threshing,noun,C2
гущак,thicket,noun,C2
гінді,hindi,noun,C2
гір'я,mountains,noun,C2
гієна,hyena,noun,C2
данка,dane,noun,C2
дацит,dacite,noun,C2
дерен,sod,noun,C2
дерен,cornel,noun,C2
дефіс,hyphen,noun,C2
деїзм,deism,noun,C2
дзета,zeta,noun,C2
дзеньк,ding,noun,C2
добич,prey,noun,C2
добра,dobra,noun,C2
догад,guess,noun,C2
дукар,rich,noun,C2
дукач,rich,noun,C2
дурак,durak,noun,C2
дурня,trifle,noun,C2
духан,dukhan,noun,C2
дійка,dug,noun,C2
дідух,didukh,noun,C2
еліпс,ellipse,noun,C2
ербій,erbium,noun,C2
егіда,aegis,noun,C2
екзил,exile,noun,C2
ензим,enzyme,noun,C2
естер,ester,noun,C2
ефіоп,ethiopian,noun,C2
жало,stinger,noun,C2
жаття,harvest,noun,C2
жерун,gourmand,noun,C2
жираф,giraffe,noun,C2
життє,life,noun,C2
жниця,female,noun,C2
жоден,none,pronoun,C2
жовна,green,noun,C2
жупан,zhupan,noun,C2
запах,smell,noun,C2
зараз,immediately,adverb,C2
засов,bolt,noun,C2
засув,bolt,noun,C2
заєць,hare,noun,C2
завія,snowstorm,noun,C2
загар,tan,noun,C2
зайча,leveret,noun,C2
зарин,sarin,noun,C2
зарік,pledge,noun,C2
заїка,stutterer,noun,C2
зеніт,zenith,noun,C2
зефір,zephyr,noun,C2
зудар,collision,noun,C2
иноді,sometimes,adverb,C2
инчий,other,adjective,C2
инший,other,adjective,C2
искра,spark,noun,C2
индик,turkey,noun,C2
йолоп,idiot,noun,C2
йодид,iodide,noun,C2
кавер,cover,noun,C2
капор,bonnet,noun,C2
кагат,clamp,noun,C2
кадик,adam,noun,C2
каное,canoe,noun,C2
канюк,buzzard,noun,C2
катод,cathode,noun,C2
кацап,russki,noun,C2
кашне,scarf,noun,C2
келех,chalice,noun,C2
кеш'ю,cashew,noun,C2
кетоз,ketosis,noun,C2
кирка,pickaxe,noun,C2
клака,claque,noun,C2
кобра,cobra,noun,C2
кокош,rooster,noun,C2
копра,copra,noun,C2
коєць,coop,noun,C2
коала,koala,noun,C2
кокос,coconut,noun,C2
колун,axe,noun,C2
кольє,necklace,noun,C2
комиш,reed,noun,C2
копер,pile,noun,C2
корал,coral,noun,C2
корма,stern,noun,C2
косар,spoonbill,noun,C2
краще,better,adverb,C2
крижі,sacrum,noun,C2
криндж,cringeworthiness,noun,C2
крона,kr,noun,C2
кроля,rabbit,noun,C2
кукла,puppet,noun,C2
курва,prostitute,noun,C2
куфія,keffiyeh,noun,C2
кучер,ringlet,noun,C2
кузен,cousin,noun,C2
кулон,pendant,noun,C2
кумач,kumach,noun,C2
кумис,koumiss,noun,C2
кюрій,curium,noun,C2
кілік,kylix,noun,C2
кітка,kitty,noun,C2
кібуц,kibbutz,noun,C2
кінза,coriander,noun,C2
кіста,cyst,noun,C2
лаваш,lavash,noun,C2
лапша,noodle,noun,C2
легіт,breeze,noun,C2
лезво,blade,noun,C2
лепех,sweet,noun,C2
лепра,leprosy,noun,C2
лемур,lemur,noun,C2
леміш,ploughshare,noun,C2
лижва,ice,noun,C2
линва,cable,noun,C2
лиска,coot,noun,C2
лижня,ski,noun,C2
личак,lapti,noun,C2
лобок,mons,noun,C2
лучче,right,adverb,C2
луска,scale,noun,C2
лютня,lute,noun,C2
люпин,lupin,noun,C2
лярва,whore,noun,C2
ляшка,pole,noun,C2
ліска,fishing,noun,C2
лідар,lidar,noun,C2
лізин,lysine,noun,C2
лісок,grove,noun,C2
літун,kite,noun,C2
лічба,amount,noun,C2
магма,magma,noun,C2
мамут,mammoth,noun,C2
мамця,mother,noun,A1
манго,mango,noun,C2
манґа,manga,noun,C2
марля,gauze,noun,C2
мачта,mast,noun,C2
мазня,daub,noun,C2
макак,macaque,noun,C2
макао,mau,noun,C2
мамій,mama,noun,C2
мангль,mangrove,noun,C2
манул,otocolobus,noun,C2
мерза,something,noun,C2
метил,methyl,noun,C2
метис,half-breed,noun,C2
метіж,riot,noun,C2
митра,mitre,noun,C2
мишак,mouse,noun,C2
млість,qualm,noun,C2
мнята,alternative,noun,C2
морва,mulberry,noun,C2
мошка,gnat,noun,C2
мопед,moped,noun,C2
мороз,cold,noun,C2
моріг,grass,noun,C2
мосяж,brass,noun,C2
моток,skein,noun,C2
мурин,black,noun,C2
мушка,gnat,noun,C2
муміє,shilajit,noun,C2
мусон,monsoon,noun,C2
мущир,mortar,noun,C2
мюслі,muesli,noun,C2
мідія,mussel,noun,C2
місто,down,adverb,C2
мінет,blowjob,noun,C2
мітоз,mitosis,noun,C2
нарік,next,adverb,C2
натще,on,adverb,C2
набіг,incursion,noun,C2
набіл,dairy,noun,C2
навік,forever,adverb,C2
нагий,naked,adjective,C2
намул,silt,noun,C2
неньо,dad,noun,C2
нищий,poor,adjective,C2
носок,sock,noun,C2
нівоз,niv,noun,C2
нічия,sports,noun,C2
оберт,turn,noun,C2
овній,ovine,adjective,C2
оглав,table,noun,A1
оклик,exclamation,noun,C2
окунь,perch,noun,C2
опади,fallout,noun,C2
осмій,osmium,noun,C2
огузи,oghuz,noun,C2
однак,however,adverb,C2
озноб,ague,noun,C2
окапі,okapi,noun,C2
окови,fetter,noun,C2
округ,about,adverb,C2
омлет,omelette,noun,C2
опона,veil,noun,C2
опука,ball,noun,C2
опіат,opiate,noun,C2
оркан,hurricane,noun,C2
осика,aspen,noun,C2
ослюк,hinny,noun,C2
отруя,poison,noun,C2
офеня,peddler,noun,C2
очепа,boathook,noun,C2
оченя,eye,noun,C2
очиці,eyes,noun,C2
п'яно,drunkenly,adverb,C2
п'ясть,metacarpus,noun,C2
павза,pause,noun,C2
падуб,holly,noun,C2
палко,eagerly,adverb,C2
панда,panda,noun,C2
парша,favus,noun,C2
парші,favus,noun,C2
патос,alternative,noun,C2
панич,master,noun,C2
патуа,patois,noun,C2
пахва,armpit,noun,C2
паяти,to,verb,C2
певно,ought,verb,C2
педик,fag,noun,C2
пемза,pumice,noun,C2
пеніс,penis,noun,C2
перла,pearl,noun,C2
перса,women,noun,C2
песик,at,noun,C2
перга,beebread,noun,C2
пижмо,tansy,noun,C2
пивна,tavern,noun,C2
пизда,cunt,noun,C2
пиляк,anther,noun,C2
пирій,couch,noun,C2
пияка,drunk,noun,C2
плектр,plectrum,noun,C2
помин,memorial,noun,C2
посох,crosier,noun,C2
побій,beating,noun,C2
покої,chambers,noun,C2
поліг,prairie,noun,C2
порей,leek,noun,C2
порив,scud,noun,C2
поріз,gash,noun,C2
потир,chalice,noun,C2
праща,sling,noun,C2
приют,hostel,noun,C2
проте,nonetheless,adverb,C2
проте,however,adverb,C2
пряжа,wool,noun,C2
пріти,to,verb,C2
псина,dog,noun,A1
пташа,chick,noun,C2
пугач,eagle,noun,C2
путто,putto,noun,C2
пугач,pop,noun,C2
пупок,navel,noun,C2
пушту,pashto,noun,C2
пікша,haddock,noun,C2
піхва,scabbard,noun,C2
піхви,scabbard,noun,C2
раком,on,adverb,C2
рам'я,shoulder,noun,C2
рачки,on,adverb,C2
радон,radon,noun,C2
редис,radish,noun,C2
рикша,rickshaw,noun,C2
ровер,bicycle,noun,C2
родій,rhodium,noun,C2
родак,relative,noun,C2
рожен,spit,noun,C2
роман,affair,noun,C2
росіл,brine,noun,C2
ручай,brook,noun,C2
рюмса,crybaby,noun,C2
річно,yearly,adverb,C2
сайка,bun,noun,C2
сапа,spud,noun,C2
сапка,spud,noun,C2
сахар,sugar,noun,C2
самий,alone,adjective,C2
самум,simoom,noun,C2
сатин,satin,noun,C2
свість,relative,noun,C2
себто,that,adverb,C2
селфі,selfie,noun,C2
селен,selenium,noun,C2
семіт,semite,noun,C2
сичуг,abomasum,noun,C2
скена,skene,noun,C2
скиба,slice,noun,C2
скоба,brace,noun,C2
скука,boredom,noun,C2
сливе,almost,adverb,C2
слоїк,jar,noun,C2
сойка,jay,noun,C2
сорго,sorghum,noun,C2
соска,pacifier,noun,C2
собою,myself,pronoun,C2
соляр,solar,noun,C2
сосок,nipple,noun,C2
спиця,spoke,noun,C2
срака,ass,noun,C2
срати,defecate,verb,C2
стала,constant,noun,C2
стило,stylus,noun,C2
сумах,sumac,noun,C2
сухар,rusk,noun,C2
сівер,cold,noun,C2
сімня,ya,noun,C2
січна,secant,noun,C2
тайка,person,noun,C2
тайна,mystery,noun,C2
таляр,thaler,noun,C2
татко,dad,noun,C2
таєць,person,noun,C2
танін,tannin,noun,C2
тахта,ottoman,noun,C2
телик,television,noun,C2
техно,techno,noun,C2
телур,tellurium,noun,C2
тиння,fence,noun,C2
титар,church,noun,C2
тнути,to,verb,C2
тобто,namely,adverb,C2
тондо,tondo,noun,C2
топір,axe,noun,C2
трефа,clubs,noun,C2
тричі,thrice,adverb,C2
трохи,some,pronoun,C2
тсуга,hemlock,noun,C2
тулій,thulium,noun,C2
турма,flock,noun,C2
тукан,toucan,noun,C2
тупак,dickhead,noun,C2
упряж,harness,noun,C2
ухати,hoot,verb,C2
удачно,aptly,adverb,C2
укріп,dill,noun,C2
унуча,grandchild,noun,C2
уряд1,rule,noun,C2
фавна,fauna,noun,C2
файка,tobacco,noun,C2
фазан,pheasant,noun,C2
фаянс,faience,noun,C2
фреза,milling,noun,C2
фуфло,nonsense,noun,C2
фікус,fig,noun,C2
хапка,trap,noun,C2
хаджі,hajji,noun,C2
хамам,turkish,noun,C2
ханжа,hypocrite,noun,C2
хвора,patient,noun,C2
хлюща,downpour,noun,C2
хобот,trunk,noun,C2
хозар,khazar,noun,C2
храпа,snout,noun,C2
хуйло,asshole,noun,C2
хуйня,whatchamacallit,noun,C2
хурма,persimmon,noun,C2
хімус,chyme,noun,C2
хінді,hindi,noun,C2
хідня,walking,noun,C2
хітин,chitin,noun,C2
цацка,toy,noun,C2
цебто,that,adverb,C2
цедра,zest,noun,C2
церій,cerium,noun,C2
цинік,cynic,noun,C2
цитра,zither,noun,C2
цьоця,aunt,noun,C2
цятка,dot,noun,C2
цівка,trickle,noun,C2
чайні,theaceae,noun,C2
чапля,heron,noun,C2
чаєві,theaceae,noun,C2
чабер,savory,noun,C2
чагар,bushes,noun,C2
чадра,chador,noun,C2
чалма,turban,noun,C2
чижик,tipcat,noun,C2
чипси,chip,noun,C2
чирва,hearts,noun,C2
чинар,plane,noun,C2
чотки,rosary,noun,C2
чортя,imp,noun,C2
чуйка,rumor,noun,C2
чувак,yak,noun,C2
чувал,bag,noun,C2
чулан,pantry,noun,C2
чучхе,juche,noun,C2
шайка,gang,noun,C2
шалик,scarf,noun,C2
шалот,shallot,noun,C2
шваля,seamstress,noun,C2
швора,leash,noun,C2
шитво,needlework,noun,C2
шкода,in,adverb,C2
шлюха,prostitute,noun,C2
шмата,rag,noun,C2
шпара,chink,noun,C2
шпиця,spoke,noun,C2
шпора,spur,noun,C2
штири,four,numeral,C2
шумнo,noisily,adverb,C2
шурин,brother-in-law,noun,C2
шувар,bur-reed,noun,C2
шхуна,schooner,noun,C2
щерба,broth,noun,C2
щипка,pinch,noun,C2
щигля,baby,noun,C2
щипок,pinch,noun,C2
яспис,jasper,noun,C2
ялиця,spruce,noun,C2
ямщик,coach,noun,C2
янтар,amber,noun,C2
яруга,ravine,noun,C2
яєчко,ball,noun,C2
євнух,eunuch,noun,C2
єдваб,silk,noun,C2
інчий,other,adjective,C2
ітрій,yttrium,noun,C2
ікати,to,verb,C2
імбир,ginger,noun,C2
індол,indole,noun,C2
інжир,fig,noun,C2
інуїт,inuit,noun,C2
іприт,mustard,noun,C2
ієрей,priest,noun,C2
їдло,food,noun,A1
їбати,fuck,verb,C2
їдкий,caustic,adjective,C2
ґаблі,pitchfork,noun,C2
ґацик,bat,noun,C2
ґляґи,inflection,noun,C2
ґроно,bunch,noun,C2
ₚосія,russia,noun,C2
-тіяти,only,verb,C2
Єлгава,jelgava,noun,C2
Єнісей,yenisei,noun,C2
Єремія,jeremiah,noun,C2
Єрихон,jericho,noun,C2
Ірміно,irmino,noun,C2
Іванів,ivaniv,noun,C2
Ілоїло,iloilo,noun,C2
Їглава,jihlava,noun,C2
Абакан,abakan,noun,C2
Абакум,habakkuk,noun,C2
Абуджа,abuja,noun,C2
Авакум,habakkuk,noun,C2
Агнеса,agnes,noun,C2
Адигея,adygea,noun,C2
Адоніс,adonis,noun,C2
Алеппо,aleppo,noun,C2
Ангара,angara,noun,C2
Аоминь,macau,noun,C2
Апулія,apulia,noun,C2
Ареццо,capital,noun,C2
Асмара,asmara,noun,C2
Асмера,asmara,noun,C2
Байден,biden,noun,C2
Багами,bahamas,noun,C2
Барань,baran,noun,C2
Бастер,basseterre,noun,C2
Батумі,batumi,noun,C2
Бахмут,bakhmut,noun,C2
Бебель,bebel,noun,C2
Бейрут,beirut,noun,C2
Беньсі,benxi,noun,C2
Береза,biaroza,noun,C2
Бидгощ,bydgoszcz,noun,C2
Бомбей,bombay,noun,C2
Борзна,borzna,noun,C2
Борщів,borshchiv,noun,C2
Брянка,brianka,noun,C2
Брянськ,bryansk,noun,C2
Буринь,buryn,noun,C2
Бібрка,bibrka,noun,C2
Валлія,wales,noun,C2
Власій,blaise,noun,C2
Влтава,vltava,noun,C2
Вустер,worcester,noun,C2
Вулкан,vulcan,noun,C2
Гамбія,gambia,noun,C2
Гайдай,an,noun,C2
Гессен,hesse,noun,C2
Геката,hecate,noun,C2
Гесіод,hesiod,noun,C2
Гефест,hephaestus,noun,C2
Глазго,the,noun,C2
Голуей,galway,noun,C2
Гродно,grodno,noun,C2
Гірник,hirnyk,noun,C2
Гітега,gitega,noun,C2
Данциг,danzig,noun,C2
Дажбог,da,noun,C2
Двінськ,daugavpils,noun,C2
Девон,devon,noun,C2
Джафна,jaffna,noun,C2
Джерсі,jersey,noun,C2
Додома,dodoma,noun,C2
Долина,dolyna,noun,C2
Донець,donets,noun,C2
Дофіне,dauphin,noun,C2
Дружба,druzhba,noun,C2
Дуррес,durr,noun,C2
Діоніс,dionysus,noun,C2
Едірне,edirne,noun,C2
Ельзас,alsace,noun,C2
Елязиг,elaz,noun,C2
Жовква,zhovkva,noun,C2
Загреб,zagreb,noun,C2
Заґреб,zagreb,noun,C2
Закінф,zakynthos,noun,C2
Золоте,zolote,noun,C2
Зугрес,zuhres,noun,C2
Картер,carter,noun,C2
Кавала,kavala,noun,C2
Казань,kazan,noun,C2
Калуга,kaluga,noun,C2
Канзас,kansas,noun,C2
Кастрі,castries,noun,C2
Кельце,kielce,noun,C2
Кельці,kielce,noun,C2
Керала,kerala,noun,C2
Кипуче,kypuche,noun,C2
Кладно,kladno,noun,C2
Кодима,kodyma,noun,C2
Корець,korets,noun,C2
Кошиці,kosice,noun,C2
Коваль,smith,noun,C2
Комори,comoros,noun,C2
Коринф,corinth,noun,C2
Ксанті,xanthi,noun,C2
Курман,qurman,noun,C2
Кілія,kiliia,noun,C2
Кігалі,kigali,noun,C2
Ла-Пас,la,noun,C2
Лебідь,cygnus,noun,C2
Лейден,leiden,noun,C2
Лестер,leicester,noun,C2
Лозова,lozova,noun,C2
Луанда,luanda,noun,C2
Лусака,lusaka,noun,C2
Люблін,lublin,noun,C2
Люцерн,lucerne,noun,C2
Ляонін,liaoning,noun,C2
Лієпая,liep,noun,C2
Лібава,liep,noun,C2
Мальме,malm,noun,C2
Майкоп,maykop,noun,C2
Манама,manama,noun,C2
Маніла,manila,noun,C2
Мапуту,maputo,noun,C2
Мартин,martin,noun,C2
Маріїн,mariya,adjective,C2
Масеру,maseru,noun,C2
Маскат,muscat,noun,C2
Мерефа,merefa,noun,C2
Михаїл,michael,noun,C2
Мордор,mordor,noun,C2
Морфей,morpheus,noun,C2
Мцхета,one,noun,A1
Місяць,moon,noun,C2
Нассау,nassau,noun,C2
Наврез,nowruz,noun,C2
Навруз,nowruz,noun,C2
Нарцис,narcissus,noun,C2
Нотець,note,noun,C2
Ніксон,nixon,noun,C2
Ніамей,niamey,noun,C2
Нікіта,nikita,noun,C2
Окленд,auckland,noun,C2
Олбані,albany,noun,C2
Опава,opava,noun,C2
Орегон,oregon,noun,C2
Ореґон,oregon,noun,C2
Охрид,ohrid,noun,C2
Обухів,obukhiv,noun,C2
Олешки,oleshky,noun,C2
Оріхів,orikhiv,noun,C2
Острог,ostroh,noun,C2
Ошмяни,ashmiany,noun,C2
Панама,panama,noun,C2
Пилипа,inflection,noun,C2
Плавні,plavni,noun,C2
Плеяди,pleiades,noun,C2
Пльзень,pilsen,noun,C2
Плімут,plymouth,noun,C2
Пліній,pliny,noun,C2
Поттер,potter,noun,C2
Покров,pokrov,noun,C2
Пологи,polohy,noun,C2
Правда,pravda,noun,C2
Пряшів,pre,noun,C2
Путлер,putler,noun,C2
Ржищів,rzhyshchiv,noun,C2
Ровінь,rovinj,noun,C2
Рожище,rozhyshche,noun,C2
Самсун,samsun,noun,C2
Самуїл,samuel,noun,C2
Скалат,skalat,noun,C2
Скіфія,scythia,noun,C2
Сновськ,snovsk,noun,C2
Снятин,sniatyn,noun,C2
Сніжне,snizhne,noun,C2
Сокаль,sokal,noun,C2
Спеція,la,noun,C2
Сурамі,surami,noun,C2
Сянган,hong,noun,C2
Сіккім,sikkim,noun,C2
Талмуд,talmud,noun,C2
Телаві,telavi,noun,C2
Терези,libra,noun,C2
Тифліс,tbilisi,noun,C2
Тлумач,tlumach,noun,C2
Торунь,toru,noun,C2
Товмач,tlumach,noun,C2
Трнава,trnava,noun,C2
Тюмень,tyumen,noun,C2
Тіціан,titian,noun,C2
Ульріх,ulric,noun,C2
Умбрія,umbria,noun,C2
Уельва,huelva,noun,C2
Фучжоу,fuzhou,noun,C2
Ханаан,canaan,noun,C2
Ханука,hanukkah,noun,C2
Хараре,harare,noun,C2
Хемніц,chemnitz,noun,C2
Церера,ceres,noun,C2
Читрал,chitral,noun,C2
Чуднів,chudniv,noun,C2
Шамоні,chamonix,noun,C2
Швабія,swabia,noun,C2
Шельда,scheldt,noun,C2
Шевчук,shevchuk,noun,C2
Шкодер,shkod,noun,C2
Юкатан,yucat,noun,C2
Юпітер,jupiter,noun,C2
Яворів,yavoriv,noun,C2
Ямпіль,yampil,noun,C2
Яготин,yahotyn,noun,C2
Яремче,yaremche,noun,C2
август,august,noun,C2
арніка,arnica,noun,C2
абазія,abasia,noun,C2
абазин,abaza,noun,C2
абихто,anyone,pronoun,C2
абсида,apse,noun,C2
абсцес,abscess,noun,C2
абулія,abulia,noun,C2
аварка,avar,noun,C2
аджика,adjika,noun,C2
аймара,aymara,noun,C2
аналой,lectern,noun,C2
ангіна,angina,noun,C2
анонім,anonymous,noun,C2
апатит,apatite,noun,C2
арабка,arab,noun,C2
арфіст,harpist,noun,C2
арійка,aryan,noun,C2
ацидоз,acidosis,noun,C2
байкер,biker,noun,C2
банджо,banjo,noun,C2
бабище,pejorative,noun,C2
бабуня,granny,noun,C2
базука,bazooka,noun,C2
бакшиш,baksheesh,noun,C2
бандаж,bandage,noun,C2
барига,fence,noun,C2
барило,rundlet,noun,C2
басмач,basmachi,noun,C2
бахмат,war,noun,C2
башлик,bashlyk,noun,C2
бганка,crease,noun,C2
безмін,stilyard,noun,C2
бедлам,bedlam,noun,C2
безвіз,visa-free,noun,C2
безоар,bezoar,noun,C2
бензен,benzene,noun,C2
бердиш,axe,noun,C2
берека,wild,noun,C2
бивень,tusk,noun,C2
бильце,handrail,noun,C2
бистро,quickly,adverb,C2
блават,cornflower,noun,C2
блогер,blogger,noun,C2
бобина,bobbin,noun,C2
бонсай,bonsai,noun,C2
борлак,adam,noun,C2
борона,harrow,noun,C2
бранка,prisoner,noun,C2
бренді,brandy,noun,C2
брести,plod,verb,C2
брехло,liar,noun,C2
бриджі,breeches,noun,C2
бритий,shaven,adjective,C2
бровка,kerb,noun,C2
бруква,swede,noun,C2
брюмер,brumaire,noun,C2
бувший,former,adjective,C2
будуче,the,noun,C2
буйвол,buffalo,noun,C2
бурити,bore,verb,C2
бумага,document,noun,C2
бурдей,hovel,noun,C2
бурдюк,wineskin,noun,C2
бібула,blotting,noun,C2
бівуак,bivouac,noun,C2
білиця,squirrel,noun,C2
бірюза,turquoise,noun,C2
бісеня,imp,noun,C2
бістро,bistro,noun,C2
в'юрок,brambling,noun,C2
в'язка,bunch,noun,C2
в'ялий,flaccid,adjective,C2
ватаг,ringleader,noun,C2
вагота,burden,noun,C2
вагіна,vagina,noun,C2
вайфай,wi-fi,noun,C2
валець,roller,noun,C2
валяти,full,verb,C2
вар'ят,an,noun,C2
варант,warrant,noun,C2
варіят,madman,noun,C2
вахляр,fan,noun,C2
вермут,vermouth,noun,C2
ведуча,presenter,noun,C2
верета,cilice,noun,C2
весною,in,adverb,C2
виверт,ruse,noun,C2
викати,you,verb,A1
викрут,subterfuge,noun,C2
викрій,pattern,noun,C2
винний,one,noun,A1
винник,distiller,noun,C2
вислід,product,noun,C2
витися,wave,verb,C2
вишити,to,verb,C2
видати,apparently,adverb,C2
виміна,exchange,noun,C2
вишина,height,noun,C2
влучно,aptly,adverb,C2
вомбат,wombat,noun,C2
волюта,volute,noun,C2
вороня,crow,noun,C2
врем'я,time,noun,A1
времня,ya,noun,C2
вугіль,coal,noun,C2
вудити,to,verb,C2
вузлик,bindle,noun,C2
вульва,vulva,noun,C2
вушний,aural,adjective,C2
відрух,gesture,noun,C2
візард,wizard,noun,C2
вільха,alder,noun,C2
вісмут,bismuth,noun,C2
віхола,snowstorm,noun,C2
віхоть,wisp,noun,C2
віялка,something,noun,C2
вівера,civet,noun,C2
відсос,blowjob,noun,C2
візеїт,viseite,noun,C2
візита,call,noun,A1
віконт,viscount,noun,C2
вістун,messenger,noun,C2
вітраж,stained,noun,C2
віїкіт,wiikite,noun,C2
гавкіт,bark,noun,C2
гаджет,gadget,noun,C2
гадина,scoundrel,noun,C2
галиця,gall,noun,C2
гаспид,devil,noun,C2
гаянка,delay,noun,C2
гагара,loon,noun,C2
гадюча,snakelet,noun,C2
галета,hardtack,noun,C2
галява,glade,noun,C2
галіон,galleon,noun,C2
гаразд,well,adverb,C2
гарнюк,beauty,noun,C2
геймер,gamer,noun,C2
гендер,gender,noun,C2
гештеґ,hashtag,noun,C2
гиндик,turkey,noun,C2
глагол,glagol,noun,C2
глотка,larynx,noun,C2
гліцин,glycine,noun,C2
гнозис,gnosis,noun,C2
гнучий,flexible,adjective,C2
гнідий,chestnut-colored,noun,C2
гнідий,chestnut,adjective,C2
гоголь,common,noun,C2
гойний,generous,adjective,C2
горбик,hillock,noun,C2
гоацин,hoatzin,noun,C2
гончак,hound,noun,C2
гончар,potter,noun,C2
горбач,humpback,noun,C2
горбок,hillock,noun,C2
горжет,gorget,noun,C2
горила,gorilla,noun,C2
графен,graphene,noun,C2
гривка,bangs,noun,C2
гринда,pilot,noun,C2
гробар,gravedigger,noun,C2
гробки,graveyard,noun,C2
грінка,toast,noun,C2
гущава,thicket,noun,C2
гудрон,tar,noun,C2
гусеня,gosling,noun,C2
гірний,mountain,adjective,C2
гідрат,hydrate,noun,C2
гірчак,polygonum,noun,C2
дальше,far,adverb,C2
дакота,the,noun,C2
двоїна,dual,noun,C2
дервіш,dervish,noun,C2
деякий,certain,adjective,C2
деркач,corncrake,noun,C2
джигіт,dzhigit,noun,C2
дискос,paten,noun,C2
докір,rebuke,noun,C2
долото,chisel,noun,C2
доччин,filial,adjective,C2
драхма,drachma,noun,C2
драгун,dragoon,noun,C2
дримба,jew,noun,C2
дрожки,droshky,noun,C2
дріада,dryad,noun,C2
дрівця,firewood,noun,C2
дубній,dubnium,noun,C2
дупель,great,noun,C2
дутися,sulk,verb,C2
дублон,doubloon,noun,C2
дуріти,dote,verb,C2
дуріан,durian,noun,C2
дхарма,dharma,noun,C2
дягель,angelica,noun,C2
ділене,dividend,noun,C2
діарея,diarrhea,noun,C2
дідунь,grandpa,noun,C2
діорит,diorite,noun,C2
діурез,diuresis,noun,C2
ебоніт,ebonite,noun,C2
екоцид,ecocide,noun,C2
елатив,elative,noun,C2
елятив,elative,noun,C2
елізія,elision,noun,C2
емодзі,emoji,noun,C2
епонім,eponym,noun,C2
епіфіз,epiphysis,noun,C2
ескімо,ice,noun,C2
етруск,etruscan,noun,C2
жадати,hanker,verb,C2
жалюзі,blind,noun,C2
жаркий,hot,adjective,C2
жвачка,chewing,noun,C2
жигати,of,verb,C2
жирафа,giraffe,noun,C2
жмуток,wad,noun,C2
жуйний,ruminant,adjective,C2
жучиха,female,noun,C2
засік,bin,noun,C2
зажера,gourmand,noun,C2
залива,deluge,noun,C2
залупа,dickhead,noun,C2
запона,veil,noun,C2
запрет,constipation,noun,C2
заєдно,together,adverb,C2
зборка,crease,noun,C2
збірна,ellipsis,noun,C2
звагом,deliberately,adverb,C2
звести,cramp,verb,C2
звізда,star,noun,C2
здирач,scammer,noun,C2
здогін,pursuit,noun,C2
зерно,grain,noun,C2
зерня,grain,noun,C2
зигзаг,zigzag,noun,C2
златка,buprestid,noun,C2
злоба,venom,noun,C2
змінна,argument,noun,C2
змієня,snakelet,noun,C2
знаний,renowned,adjective,C2
зоонім,zoonym,noun,C2
зооноз,zoonosis,noun,C2
зранку,ack,adverb,C2
зяблик,finch,noun,C2
зівати,yawn,verb,C2
инколи,sometimes,adverb,C2
инакше,otherwise,adverb,C2
к'янті,chianti,noun,C2
кавник,coffee,noun,C2
кантар,steelyard,noun,C2
каперс,caper,noun,C2
каяння,repentance,noun,C2
кав'яр,caviar,noun,C2
кавуся,coffee,noun,C2
кадило,incense,noun,C2
калган,galangal,noun,C2
кальян,hookah,noun,C2
камбек,comeback,noun,C2
камедь,gum,noun,C2
канчук,whip,noun,C2
карафа,carafe,noun,C2
каріоз,caries,noun,C2
кварта,quart,noun,C2
кволий,languid,adjective,C2
квочка,broody,noun,C2
китиця,bouquet,noun,C2
кишлак,village,noun,C2
клунок,bindle,noun,C2
клуатр,cloister,noun,C2
ключка,hockey,noun,C2
кліпер,clipper,noun,C2
клітор,clitoris,noun,C2
клішня,claw,noun,C2
кнайпа,tavern,noun,C2
книшик,knish,noun,C2
когут,rooster,noun,C2
кожний,every,adjective,C2
коливо,koliva,noun,C2
кондор,california,noun,C2
копула,copula,noun,C2
кобила,mare,noun,C2
кобіта,woman,noun,A1
кодола,cable,noun,C2
колдун,wizard,noun,C2
колоша,part,noun,C2
колоїд,colloid,noun,C2
колчан,quiver,noun,C2
комбід,kombed,noun,C2
кондом,condom,noun,C2
конура,kennel,noun,C2
корвет,corvette,noun,C2
короїд,bark,noun,C2
корсар,officer,noun,C2
корунд,corundum,noun,C2
косиця,flag,noun,C2
коцюба,poker,noun,C2
кошуля,shirt,noun,C2
кретин,cretin,noun,C2
крикет,cricket,noun,C2
криха,crumb,noun,C2
крилан,flying,noun,C2
кроква,rafter,noun,C2
крокіс,marigold,noun,C2
ксенон,xenon,noun,C2
кузька,bug,noun,C2
купіль,baptismal,noun,C2
куриво,incense,noun,C2
кутас,tassel,noun,C2
кузина,cousin,noun,C2
кулеша,cornmeal,noun,C2
кунжут,beniseed,noun,C2
куниця,marten,noun,C2
курник,henhouse,noun,C2
кушнір,furrier,noun,C2
кібець,red-footed,noun,C2
кіборг,cyborg,noun,C2
кілька,some,pronoun,C2
кіпоть,soot,noun,C2
кітва,anchor,noun,C2
кімоно,kimono,noun,C2
лагода,accord,noun,C2
лапоть,lapti,noun,C2
ласиця,weasel,noun,C2
лагуна,lagoon,noun,C2
лакиза,lackey,noun,C2
лакрос,lacrosse,noun,C2
лантан,lanthanum,noun,C2
ланцет,lancet,noun,C2
лестка,flattery,noun,C2
леґінь,lad,noun,C2
лебедя,cygnet,noun,C2
лейкоз,leukemia,noun,C2
лепеха,sweet,noun,C2
лестун,flatterer,noun,C2
ливень,deluge,noun,C2
липець,july,noun,C2
лисина,bald,noun,C2
лихва,usury,noun,C2
линяти,slough,verb,C2
липкий,sticky,adjective,C2
лисеня,fox,noun,C2
лихвар,pawnbroker,noun,C2
лоскіт,tickle,noun,C2
ложити,lay,verb,C2
локаут,lockout,noun,C2
лохина,bog,noun,C2
лучник,archer,noun,C2
лутига,saltbush,noun,C2
луїдор,louis,noun,C2
льонок,toadflax,noun,C2
любощі,act,noun,C2
любчик,dote,noun,C2
люверс,eyelet,noun,C2
люстро,mirror,noun,C2
людоїд,cannibal,noun,C2
ліврея,livery,noun,C2
ліганд,ligand,noun,C2
лігніт,lignite,noun,C2
м'ялка,potato,noun,C2
макові,papaveraceae,noun,C2
мангри,mangrove,noun,C2
мантія,pallium,noun,C2
мазило,grease,noun,C2
макака,macaque,noun,C2
мамула,klutz,noun,C2
марена,madder,noun,C2
мачула,bast,noun,C2
мерлий,deceased,adjective,C2
мечник,swordsman,noun,C2
меткий,glib,adjective,C2
метіль,snowstorm,noun,C2
мжичка,drizzle,noun,C2
митися,wash,verb,C2
мигати,blink,verb,C2
млинар,miller,noun,C2
мнякий,alternative,adjective,C2
молода,bride,noun,C2
москіт,mosquito,noun,C2
мотель,motel,noun,C2
мульча,mulch,noun,C2
мускул,muscle,noun,C2
муфтій,mufti,noun,C2
мурава,grass,noun,C2
муфлон,mouflon,noun,C2
мушкет,musket,noun,C2
мілкий,shallow,adjective,C2
мінута,minute,noun,C2
міопія,nearsightedness,noun,C2
мішура,tinsel,noun,C2
наживо,live,adverb,C2
наклад,printing,noun,C2
навіки,forever,adverb,C2
надріз,gash,noun,C2
наплив,spate,noun,C2
нарвал,narwhal,noun,C2
нарцис,daffodil,noun,C2
негура,fog,noun,C2
немощі,disease,noun,C2
неґура,fog,noun,C2
небеса,sky,noun,C2
негоже,bad,adverb,C2
некроз,necrosis,noun,C2
неодим,neodymium,noun,C2
ниньки,today,adverb,C2
низати,to,verb,C2
ниряти,dive,verb,C2
новини,news,noun,C2
норець,diver,noun,C2
нориця,vole,noun,C2
нужда,need,noun,C2
нудизм,nudism,noun,C2
нудист,nudist,noun,C2
нуклід,nuclide,noun,C2
нібито,allegedly,adverb,C2
ніобій,niobium,noun,C2
нітрид,nitride,noun,C2
нічліг,lodging,noun,C2
нічник,nightwatchman,noun,C2
нічого,nothing,pronoun,C2
обрус,tablecloth,noun,C2
огріх,error,noun,C2
окання,okanye,noun,C2
окорок,ham,noun,C2
опліт,stronghold,noun,C2
остень,harpoon,noun,C2
об'ява,announcement,noun,C2
об'їзд,detour,noun,C2
обичай,practice,noun,C2
обмова,slander,noun,C2
обшлаг,cuff,noun,C2
овечка,lamb,noun,C2
огниво,piece,noun,C2
одолян,valerian,noun,C2
одіяло,blanket,noun,C2
олів'є,olivier,noun,C2
олівін,olivine,noun,C2
омела,mistletoe,noun,C2
омофор,omophorion,noun,C2
оп'ять,again,adverb,C2
опариш,maggot,noun,C2
опосум,opossum,noun,C2
опінія,opinion,noun,C2
орленя,eaglet,noun,C2
орлиця,female,noun,C2
ослиха,she-ass,noun,C2
ослиця,she-ass,noun,C2
остача,change,noun,C2
остуда,ague,noun,C2
отоліт,otolith,noun,C2
очиток,stonecrop,noun,C2
ошукач,scammer,noun,C2
оїдіум,oidium,noun,C2
п'ятка,heel,noun,C2
п'ядун,measuring,noun,C2
п'єска,playlet,noun,C2
павпер,pauper,noun,C2
пагода,pagoda,noun,C2
падаль,carcass,noun,C2
палтус,halibut,noun,C2
пасерб,stepson,noun,C2
паупер,pauper,noun,C2
палкий,avid,adjective,C2
параша,shitter,noun,C2
парсек,parsec,noun,C2
партер,first,noun,C2
парфум,perfume,noun,C2
паслін,nightshade,noun,C2
пачулі,patchouli,noun,C2
паяння,soldering,noun,C2
пелядь,peled,noun,C2
перед,front,noun,C2
пенсне,pince-nez,noun,C2
пердун,farter,noun,C2
пердіж,farting,noun,C2
печеня,roasted,noun,C2
пильня,sawmill,noun,C2
пишний,opulent,adjective,C2
питець,drunk,noun,C2
плакса,crybaby,noun,C2
плачка,wailer,noun,C2
платан,sycamore,noun,C2
плесно,metatarsus,noun,C2
плетун,gossip,noun,C2
плиска,wagtail,noun,C2
пливти,waft,verb,C2
плюсно,metatarsus,noun,C2
повзик,nuthatch,noun,C2
поклеп,slander,noun,C2
пончик,doughnut,noun,C2
посмак,aftertaste,noun,C2
посміх,derision,noun,C2
поташ,potash,noun,C2
побіда,victory,noun,C2
погост,pogost,noun,C2
погреб,funeral,noun,C2
покута,repentance,noun,C2
полива,glaze,noun,C2
помпон,pompon,noun,C2
понтон,pontoon,noun,C2
попарт,pop,noun,C2
портьє,doorman,noun,C2
потопа,deluge,noun,C2
потіха,fun,noun,C2
праник,battledore,noun,C2
пранці,syphilis,noun,C2
прапір,flag,noun,C2
привод,pretext,noun,C2
пришви,boot,noun,C2
прибій,breaker,noun,C2
прилив,tide,noun,C2
принос,offering,noun,C2
приход,receipt,noun,C2
прокіс,swath,noun,C2
пронос,diarrhea,noun,C2
пропан,propane,noun,C2
прохач,mendicant,noun,C2
проєкт,project,noun,C2
прусак,cockroach,noun,C2
пряний,hot,adjective,C2
прясло,distaff,noun,C2
прягти,to,verb,C2
псарня,kennel,noun,C2
псиний,canine,adjective,C2
псячий,canine,adjective,C2
пудель,any,noun,C2
пудинг,pudding,noun,C2
пуризм,purism,noun,C2
пучина,abyss,noun,C2
пюпітр,lectern,noun,C2
північ,midnight,noun,C2
підмет,subject,noun,C2
підбор,heel,noun,C2
підбіл,coltsfoot,noun,C2
підвид,subspecies,noun,C2
підказ,hint,noun,C2
пілюля,pill,noun,C2
піскар,minnow,noun,C2
пісуар,urinal,noun,C2
ракель,doctor,noun,C2
ранити,wound,verb,C2
ратай,plowman,noun,C2
ралець,gift,noun,C2
рамено,shoulder,noun,C2
рашизм,russianism,noun,C2
ревний,earnest,adjective,C2
решето,sieve,noun,C2
резина,rubber,noun,C2
ресора,leaf,noun,C2
ретина,retina,noun,C2
ритися,delve,verb,C2
ригати,vomit,verb,C2
рипіти,creak,verb,C2
родиво,labour,noun,C2
розказ,order,noun,C2
рогожа,burlap,noun,C2
розхід,expense,noun,C2
рокфор,roquefort,noun,C2
ропуха,toad,noun,C2
росток,sprout,noun,C2
рубити,hack,verb,C2
сажень,fathom,noun,C2
сальто,somersault,noun,C2
санки,sledge,noun,C2
сайгак,saiga,noun,C2
салата,salad,noun,C2
самиця,female,noun,C2
сапфір,sapphire,noun,C2
сарган,garfish,noun,C2
свайба,marriage,noun,C2
свашка,matchmaker,noun,C2
свинар,swineherd,noun,C2
святий,person,noun,C2
секанс,secant,noun,C2
селера,celery,noun,C2
сефард,sephardi,noun,C2
сивіти,to,verb,C2
синапс,synapse,noun,C2
сирник,syrnyky,noun,C2
ситити,to,verb,C2
сивуха,low-quality,noun,C2
силити,to,verb,C2
силует,silhouette,noun,C2
синюха,cyanosis,noun,C2
сипуха,barn,noun,C2
сироїд,man-eater,noun,C2
скабка,splinter,noun,C2
скинія,tabernacle,noun,C2
скніти,languish,verb,C2
скойка,shell,noun,C2
скубти,to,verb,C2
сливка,plum,noun,C2
слуква,woodcock,noun,C2
сльота,slush,noun,C2
слідок,trace,noun,C2
смага,tan,noun,C2
смегма,smegma,noun,C2
смичок,bow,noun,C2
смоква,fig,noun,C2
смілий,daring,adjective,C2
снукер,snooker,noun,C2
снігир,bullfinch,noun,C2
сніжок,snowball,noun,C2
соболь,sable,noun,C2
сосна,pine,noun,C2
собача,puppy,noun,C2
совдеп,sovok,noun,C2
соколя,falcon,noun,C2
сонюга,sleepyhead,noun,C2
сопляк,snotnose,noun,C2
софізм,sophism,noun,C2
спаржа,asparagus,noun,C2
сплюха,sleepyhead,noun,C2
срачка,diarrhea,noun,C2
сратво,shitting,noun,C2
сраття,shitting,noun,C2
станик,brassiere,noun,C2
стеноз,stenosis,noun,C2
стибій,antimony,noun,C2
стилет,stiletto,noun,C2
страсть,passion,noun,C2
стукіт,patter,noun,C2
стібок,stitch,noun,C2
сукало,device,noun,C2
суфікс,suffix,noun,C2
супруг,spouse,noun,C2
сургуч,sealing,noun,C2
сцячка,enuresis,noun,C2
сьодні,today,adverb,C2
сьоґун,shogun,noun,C2
сюрчок,whistle,noun,C2
сякати,blow,verb,C2
сірома,beggar,noun,C2
таймер,timer,noun,C2
талреп,turnbuckle,noun,C2
табака,snuff,noun,C2
тампон,tampon,noun,C2
тантал,tantalum,noun,C2
тараня,taran,noun,C2
тахіон,tachyon,noun,C2
тербій,terbium,noun,C2
тертка,grater,noun,C2
теорба,theorbo,noun,C2
терміт,termite,noun,C2
тетеря,teterya,noun,C2
тетеря,young,noun,C2
тильда,tilde,noun,C2
тостер,toaster,noun,C2
тороїд,toroid,noun,C2
торшер,standard,noun,C2
трапер,trapper,noun,C2
тратта,draft,noun,C2
тремор,quiver,noun,C2
тригер,trigger,noun,C2
тронка,cowbell,noun,C2
тропік,tropic,noun,C2
трясця,ague,noun,C2
туркус,turquoise,noun,C2
тунець,tuna,noun,C2
тюлень,seal,noun,C2
тюрбан,turban,noun,C2
тятива,bowstring,noun,C2
умисел,intent,noun,C2
ухання,hoot,noun,C2
увезти,import,verb,C2
удатно,fortunately,adverb,C2
умлаут,umlaut,noun,C2
уп'ять,again,adverb,C2
упріти,to,verb,C2
уразка,ulcer,noun,C2
устати,get,verb,A1
утаїти,conceal,verb,C2
утирач,towel,noun,C2
фарбар,dyer,noun,C2
фасоля,bean,noun,C2
фашина,fascine,noun,C2
фермій,fermium,noun,C2
фембой,femboy,noun,C2
фестон,architecture,noun,C2
флейта,flute,noun,C2
фонема,phoneme,noun,C2
фосфат,phosphate,noun,C2
фуксія,fuchsia,noun,C2
фурман,coach,noun,C2
фігель,prank,noun,C2
фірман,coach,noun,C2
фіаско,debacle,noun,C2
фінвал,fin,noun,C2
фінгал,black,noun,C2
харіус,grayling,noun,C2
хачкар,khachkar,noun,C2
хейтер,hater,noun,C2
хештег,hashtag,noun,C2
хибити,to,verb,C2
хитрик,synonym,noun,C2
хиляти,down,verb,C2
хитряк,synonym,noun,C2
хлопак,lad,noun,C2
хмарка,endearing,noun,C2
ходьба,gait,noun,C2
холоша,part,noun,C2
хопити,to,verb,C2
хурман,coach,noun,C2
хуткий,quick,adjective,C2
цапеня,kid,noun,C2
цапиха,she-goat,noun,C2
царист,tsarist,noun,C2
цвікер,pince-nez,noun,C2
цидула,note,noun,C2
цикада,cicada,noun,C2
цитрин,citrine,noun,C2
цуценя,puppy,noun,C2
ціаноз,cyanosis,noun,C2
чайна,teahouse,noun,C2
чашник,cupbearer,noun,C2
часами,sometimes,adverb,C2
чепчик,bonnet,noun,C2
черга,line,noun,C2
чеська,czech,noun,C2
чигати,to,verb,C2
чихати,sneeze,verb,C2
човняр,boatman,noun,C2
чорняк,draft,noun,C2
чудище,monster,noun,C2
чутний,audible,adjective,C2
чумиза,foxtail,noun,C2
чхнути,sneeze,verb,C2
чіпець,bonnet,noun,C2
чіпкий,tenacious,adjective,C2
шандра,horehound,noun,C2
шавлія,sage,noun,C2
шайтан,shaitan,noun,C2
шампур,spit,noun,C2
шапран,saffron,noun,C2
шарнір,hinge,noun,C2
швагер,brother-in-law,noun,C2
шваґер,brother-in-law,noun,C2
шведка,person,noun,C2
швидка,ambulance,noun,C2
шекель,shekel,noun,C2
шелест,rustle,noun,C2
шербет,sherbet,noun,C2
ширити,to,verb,C2
шипіти,to,verb,C2
шляпка,pileus,noun,C2
шомпол,ramrod,noun,C2
шпарко,quickly,adverb,C2
шпонка,cufflink,noun,C2
штатив,stand,noun,C2
штахет,pale,noun,C2
штекер,plug,noun,C2
штопор,corkscrew,noun,C2
штукар,magician,noun,C2
шуліка,kite,noun,C2
шумиха,hype,noun,C2
щасний,lucky,adjective,C2
щипати,pinch,verb,C2
щипець,gable,noun,C2
щириця,amaranth,noun,C2
щитати,to,verb,C2
щічний,buccal,adjective,C2
юдаїзм,judaism,noun,C2
юдейка,judaist,noun,C2
ядерка,nuke,adjective,C2
ясний,distinct,adjective,C2
ядерце,nucleolus,noun,C2
янголя,angel,noun,C2
японка,japanese,noun,C2
яснити,to,verb,C2
яєчник,ovary,noun,C2
іволга,oriole,noun,C2
ікавка,hiccup,noun,C2
ігуана,iguana,noun,C2
інакше,otherwise,adverb,C2
іранка,person,noun,C2
іржати,guffaw,verb,C2
іридій,iridium,noun,C2
ішурія,ischury,noun,C2
їбаний,fucking,adjective,C2
Ґданськ,alternative,noun,C2
ґазда,host,noun,C2
ґавеня,crow,noun,C2
ґендер,gender,noun,C2
ґешефт,private,noun,C2
ґнотик,diminutive,noun,C2
ґратка,lattice,noun,C2
-мкнути,only,verb,C2
Іваново,ivanovo,noun,C2
Ігнатій,ignatius,noun,C2
Іжевськ,izhevsk,noun,C2
Ікалуїт,iqaluit,noun,C2
Іллірія,illyria,noun,C2
Ілліной,illinois,noun,C2
Іллінці,illintsi,noun,C2
Іраваді,irrawaddy,noun,C2
Ічкерія,ichkeria,noun,C2
Алістер,alistair,noun,C2
Абруццо,abruzzo,noun,C2
Абіджан,abidjan,noun,C2
Адияман,ad,noun,C2
Алмазна,almazna,noun,C2
Ананьїв,ananiv,noun,C2
Ангілья,anguilla,noun,C2
Аризона,arizona,noun,C2
Ассирія,assyria,noun,C2
Ахіллес,achilles,noun,C2
Баффало,buffalo,noun,C2
Байонна,bayonne,noun,C2
Банджул,banjul,noun,C2
Бас-Тер,basse-terre,noun,C2
Бересть,brest,noun,C2
Беркшир,berkshire,noun,C2
Белґрад,belgrade,noun,C2
Бенгазі,benghazi,noun,C2
Березне,berezne,noun,C2
Берестя,brest,noun,C2
Болехів,bolekhiv,noun,C2
Бонайре,bonaire,noun,C2
Боржомі,borjomi,noun,C2
Бретань,brittany,noun,C2
Бурштин,burshtyn,noun,C2
Бурятія,buryatia,noun,C2
Бітола,monastir,noun,C2
Білград,belgrade,noun,C2
Білґрад,belgrade,noun,C2
Валбжих,wa,noun,C2
Вермонт,vermont,noun,C2
Вижниця,vyzhnytsia,noun,C2
Винники,vynnyky,noun,C2
Вишневе,vyshneve,noun,C2
Вологда,vologda,noun,C2
Водолій,aquarius,noun,C2
Вороніж,voronezh,noun,C2
Ворожба,vorozhba,noun,C2
Відземе,vidzeme,noun,C2
Віндгук,windhoek,noun,C2
Віфінія,bithynia,noun,C2
Г'юстон,houston,noun,C2
Гавриїл,gabriel,noun,C2
Галілея,galilee,noun,C2
Гасконь,gascony,noun,C2
Гиренко,an,noun,C2
Глиняни,hlyniany,noun,C2
Глобине,hlobyne,noun,C2
Гнівань,hnivan,noun,C2
Горацій,horace,noun,C2
Городня,horodnia,noun,C2
Горохів,horokhiv,noun,C2
Городок,horodok,noun,C2
Горіція,gorizia,noun,C2
Гренада,grenada,noun,C2
Гірське,hirske,noun,C2
Данелаг,danelaw,noun,C2
Де-Мойн,des,noun,C2
Делавер,delaware,noun,C2
Деметра,demeter,noun,C2
Денізлі,denizli,noun,C2
Деражня,derazhnia,noun,C2
Дергачі,derhachi,noun,C2
Дордонь,dordogne,noun,C2
Дрезден,dresden,noun,C2
Дубляни,dubliany,noun,C2
Ексетер,exeter,noun,C2
Евріпід,euripides,noun,C2
Еліста,elista,noun,C2
Ер-Ріяд,riyadh,noun,C2
Залізне,zalizne,noun,C2
Захарій,zachary,noun,C2
Звягель,zviahel,noun,C2
Зіньків,zinkiv,noun,C2
Йоркшир,yorkshire,noun,C2
Кардіфф,cardiff,noun,C2
Кампала,kampala,noun,C2
Колізей,colosseum,noun,C2
Конакрі,conakry,noun,C2
Конотіп,konotop,noun,C2
Коїмбра,city,noun,A1
Кравець,taylor,noun,C2
Курземе,courland,noun,C2
Куньмін,kunming,noun,C2
Купріян,cipriano,noun,C2
Курбико,kurbyko,noun,C2
Кюрасао,cura,noun,C2
Ківерці,kivertsi,noun,C2
Кіцмань,kitsman,noun,C2
Кілікія,cilicia,noun,C2
Кіншаса,kinshasa,noun,C2
Ла-Манш,english,noun,C2
Ланівці,lanivtsi,noun,C2
Ладижин,ladyzhyn,noun,C2
Лебедин,lebedyn,noun,C2
Липецьк,lipetsk,noun,C2
Лохвиця,lokhvytsia,noun,C2
Любомль,liuboml,noun,C2
Люботин,liubotyn,noun,C2
Лімерик,limerick,noun,C2
Ліберія,liberia,noun,C2
Лівонія,livonia,noun,C2
Ліворно,livorno,noun,C2
Лігурія,liguria,noun,C2
Масниця,maslenitsa,noun,C2
Маджуро,majuro,noun,C2
Мазовія,masovia,noun,C2
Майорка,majorca,noun,C2
Маланка,melanie,noun,C2
Манагуа,managua,noun,C2
Мандела,mandela,noun,C2
Марсель,marseilles,noun,C2
Мбабане,mbabane,noun,C2
Менорка,minorca,noun,C2
Мессіна,messina,noun,C2
Моспине,mospyne,noun,C2
Монтана,montana,noun,C2
Мустафа,mustafa,noun,C2
Мічиґан,michigan,noun,C2
Міссурі,missouri,noun,C2
Наварра,navarre,noun,C2
Находка,nakhodka,noun,C2
Нетішин,netishyn,noun,C2
Носівка,nosivka,noun,C2
Нунавут,nunavut,noun,C2
Нуакшот,nouakchott,noun,C2
Нікосія,nicosia,noun,C2
Оксфорд,oxford,noun,C2
Ольстер,ulster,noun,C2
Ольштин,olsztyn,noun,C2
Олевськ,olevsk,noun,C2
Олтенія,oltenia,noun,C2
Османіє,osmaniye,noun,C2
Осовець,osowiec,noun,C2
Охтирка,okhtyrka,noun,C2
Палікір,palikir,noun,C2
Пенджаб,punjab,noun,C2
Перечин,perechyn,noun,C2
Плужник,farmer,noun,C2
Полоцьк,polotsk,noun,C2
Покуття,pokuttia,noun,C2
Полонне,polonne,noun,C2
Полісся,polesia,noun,C2
Помічна,pomichna,noun,C2
Попасна,popasna,noun,C2
Прилуки,pryluky,noun,C2
Прудник,prudnik,noun,C2
Пружани,pruzhany,noun,C2
Радехів,radekhiv,noun,C2
Рогатин,rohatyn,noun,C2
Рубіжне,rubizhne,noun,C2
Рубікон,rubicon,noun,C2
Руслана,ruslana,noun,C2
Сватове,svatove,noun,C2
Севілья,seville,noun,C2
Соледар,soledar,noun,C2
Стебник,stebnyk,noun,C2
Стожари,pleiades,noun,C2
Суринам,suriname,noun,C2
Таврика,taurica,noun,C2
Талібан,taliban,noun,C2
Токелау,tokelau,noun,C2
Торецьк,toretsk,noun,C2
Тоскана,tuscany,noun,C2
Трабзон,trabzon,noun,C2
Тренчин,tren,noun,C2
Триполі,tripoli,noun,C2
Тхімпху,thimphu,noun,C2
Тіхуана,tijuana,noun,C2
Устилуг,ustyluh,noun,C2
Фрітаун,freetown,noun,C2
Фінікія,phoenicia,noun,C2
Хакасія,khakassia,noun,C2
Хоменко,thomason,noun,C2
Хоніара,honiara,noun,C2
Хошимін,ho,noun,C2
Худжанд,khujand,noun,C2
Царицин,tsaritsyn,noun,C2
Цельсій,celsius,noun,C2
Шеффілд,sheffield,noun,C2
Щолкіне,shcholkine,noun,C2
Якутськ,yakutsk,noun,C2
Ямагата,yamagata,noun,C2
абандон,abandonment,noun,C2
абатиса,abbess,noun,C2
абиколи,anytime,adverb,C2
абиякий,moderate,adjective,C2
аблатив,ablative,noun,C2
абляція,ablation,noun,C2
абразив,abrasive,noun,C2
абсциса,abscissa,noun,C2
абхазка,abkhaz,noun,C2
абісаль,abyssal,noun,C2
авансик,advance,noun,C2
аварець,avar,noun,C2
аваліст,backer,noun,C2
аванзал,anteroom,noun,C2
авдитор,auditor,noun,C2
авокадо,avocado,noun,C2
автогол,own,noun,C2
авіашоу,airshow,noun,C2
агіасма,holy,noun,C2
адаптер,adapter,noun,C2
адендум,addendum,noun,C2
аджарка,adjaran,noun,C2
аероліт,aerolite,noun,C2
азіатка,asian,noun,C2
акведук,aqueduct,noun,C2
аколада,accolade,noun,C2
актиній,actinium,noun,C2
албанка,albanian,noun,C2
алжирка,algerian,noun,C2
альпака,alpaca,noun,C2
альтана,gazebo,noun,C2
амарант,amaranth,noun,C2
амнезія,amnesia,noun,C2
амніоти,amniotes,noun,C2
амоніак,ammonia,noun,C2
амілаза,amylase,noun,C2
анамнії,anamniotes,noun,C2
анатема,anathema,noun,C2
андроїд,android,noun,C2
анкілоз,ankylosis,noun,C2
апостол,apostle,noun,C2
аптекар,pharmacist,noun,C2
аргінін,arginine,noun,C2
арлекін,harlequin,noun,C2
артишок,artichoke,noun,C2
атлетка,sportswoman,noun,C2
атомізм,atomism,noun,C2
афганка,person,noun,C2
аґукати,to,verb,C2
б'єнале,biennale,noun,C2
бабрати,to,verb,C2
баришня,miss,noun,C2
бармен,bartender,noun,C2
баварка,person,noun,C2
багамка,bahamian,noun,C2
багатир,moneybags,noun,C2
баламут,troublemaker,noun,C2
баланіт,balanitis,noun,C2
банкрот,broke,noun,C2
баніція,bannition,noun,C2
барбекю,barbecue,noun,C2
бастард,bastard,noun,C2
бджілка,bee,noun,C2
берклій,berkelium,noun,C2
бегонія,begonia,noun,C2
бекхенд,backhand,noun,C2
бервено,log,noun,C2
березка,convolvulus,noun,C2
бережок,bank,noun,C2
берилій,beryllium,noun,C2
бичачий,bovine,adjective,C2
блейзер,blazer,noun,C2
блешня,fly,noun,C2
блекаут,blackout,noun,C2
блекота,henbane,noun,C2
блинець,pancake,noun,C2
болість,illness,noun,C2
бобреня,beaverkin,noun,C2
богомаз,icon,noun,C2
богомил,bogomil,noun,C2
болниця,hospital,noun,C2
борчиня,wrestler,noun,C2
борідка,wattle,noun,C2
ботанік,botanist,noun,C2
ботвина,botvinya,noun,C2
браузер,web,noun,C2
брахман,brahmin,noun,C2
бриндза,bryndza,noun,C2
бритися,shave,verb,C2
броколі,broccoli,noun,C2
бродяга,tramp,noun,C2
буквиця,betony,noun,C2
булімія,bulimia,noun,C2
бурятка,buryat,noun,C2
бігунка,diarrhea,noun,C2
бідачка,beggar,noun,C2
бідняга,poor,noun,C2
біоніка,bionics,noun,C2
вахтер,janitor,noun,C2
вагадло,pendulum,noun,C2
вагініт,vaginitis,noun,C2
вакуоля,vacuole,noun,C2
вар'єте,variety,noun,C2
варіння,cooking,noun,C2
ватажко,ringleader,noun,C2
вдатний,successful,adjective,C2
вдовець,widower,noun,C2
вервиця,rosary,noun,C2
ведмежа,bear,noun,C2
величчя,the,noun,C2
вербена,vervain,noun,C2
верем'я,time,noun,A1
верстак,workbench,noun,C2
весняно,vernally,adverb,C2
вестгот,visigoth,noun,C2
вивірка,squirrel,noun,C2
вилочка,wishbone,noun,C2
вимовка,pretext,noun,C2
вимочка,blotting,noun,C2
винниця,cellar,noun,C2
виссати,to,verb,C2
вистати,suffice,verb,C2
висіти,hang,verb,C2
вишивка,embroidery,noun,C2
вишник,top,noun,C2
вимикач,switch,noun,C2
вихідні,weekend,noun,C2
вколоти,sink,verb,C2
владар,sovereign,noun,C2
вотчина,patrimony,noun,C2
вовчиха,wolf,noun,C2
водомір,water,noun,A1
волошка,cornflower,noun,C2
вольтаж,voltage,noun,C2
воляпюк,volap,noun,C2
ворожда,enmity,noun,C2
вошивий,nitty,adjective,C2
впадина,depression,noun,C2
вправно,deftly,adverb,C2
впрягти,to,verb,C2
вродини,birthday,noun,C2
втикати,stick,verb,C2
вурдити,curdle,verb,C2
вушанка,ushanka,noun,C2
вчащати,haunt,verb,C2
вівтар,altar,noun,C2
віденка,viennese,noun,C2
відпуст,indulgence,noun,C2
відтік,off-flow,noun,C2
вісімка,set,numeral,C2
відлога,hood,noun,C2
візниця,coach,noun,C2
габітус,habitus,noun,C2
гайстер,stork,noun,C2
гаятися,to,verb,C2
газогін,gas,noun,C2
гайовик,leshy,noun,C2
гаківка,ice,noun,C2
галагаз,shelduck,noun,C2
галоген,halogen,noun,C2
гамазей,granary,noun,C2
гантель,dumbbell,noun,C2
гаплоїд,haploid,noun,C2
гарчати,roar,verb,C2
гастрит,gastritis,noun,C2
гашетка,trigger,noun,C2
гембель,plane,noun,C2
гемоліз,hemolysis,noun,C2
гербата,tea,noun,C2
герилья,guerrilla,noun,C2
гестапо,gestapo,noun,C2
гикавка,hiccup,noun,C2
глитати,swallow,verb,C2
глушник,muffler,noun,C2
гнатися,scud,verb,C2
гноянка,abscess,noun,C2
гнійник,abscess,noun,C2
голений,shaven,adjective,C2
гольмій,holmium,noun,C2
гострик,pinworm,noun,C2
головач,huchen,noun,C2
голубка,dove,noun,C2
голубці,cabbage,noun,C2
голярня,barbershop,noun,C2
гондола,gondola,noun,C2
гонокок,gonococcus,noun,C2
горлати,bawl,verb,C2
горнець,flowerpot,noun,C2
горошок,pea,noun,C2
городки,gorodki,noun,C2
гортань,larynx,noun,C2
гостець,polish,noun,C2
градина,hailstone,noun,C2
графема,grapheme,noun,C2
грумінг,grooming,noun,C2
грузило,sinker,noun,C2
грітися,bask,verb,C2
гумовий,rubber,noun,C2
гуляння,revelry,noun,C2
гумігут,resin,noun,C2
густити,to,verb,C2
гусятко,gosling,noun,C2
гуцулка,hutsul,noun,C2
гівноїд,shithead,noun,C2
дадаїзм,dada,noun,C2
дворець,palace,noun,C2
двієчко,two,numeral,A1
двійний,double,adjective,C2
двірець,palace,noun,C2
дембель,demobee,noun,C2
дедлайн,deadline,noun,C2
дейтрон,deuteron,noun,C2
декорум,decorum,noun,C2
делірій,delirium,noun,C2
дендрит,dendrite,noun,C2
дерзати,dare,verb,C2
дерзкий,impudent,adjective,C2
джакузі,jacuzzi,noun,C2
джгутик,flagellum,noun,C2
джемпер,jumper,noun,C2
дзбанок,jug,noun,C2
дзиґлик,stool,noun,C2
дикунка,barbarian,noun,C2
дисплей,display,noun,C2
дифтонг,diphthong,noun,C2
доньчин,filial,adjective,C2
добавка,something,noun,C2
доломіт,dolomite,noun,C2
домосід,homebody,noun,C2
домофон,intercom,noun,C2
доректи,reproach,verb,C2
доросла,adult,noun,C2
дофамін,dopamine,noun,C2
дрезина,draisine,noun,C2
дрочити,jerk,verb,C2
дряпина,scratch,noun,C2
дряхлий,decrepit,adjective,C2
дудлити,chug,verb,C2
дукарка,rich,noun,C2
дурачок,diminutive,noun,C2
духовка,oven,noun,C2
душогуб,murderer,noun,C2
дідьків,bloody,adjective,C2
діадема,diadem,noun,C2
дівизна,dowry,noun,C2
дівчата,girls,noun,C2
дільник,divisor,noun,C2
діління,division,noun,C2
діоксид,dioxide,noun,C2
еволюта,evolute,noun,C2
евфуїзм,euphuism,noun,C2
елефант,elephant,noun,C2
емпатія,empathy,noun,C2
ентерит,enteritis,noun,C2
епікриз,epicrisis,noun,C2
ерекція,erection,noun,C2
еритема,erythema,noun,C2
еспресо,espresso,noun,C2
етноцид,ethnocide,noun,C2
ефіопка,ethiopian,noun,C2
еякулят,semen,noun,C2
жабиний,froglike,adjective,C2
жаровня,brazier,noun,C2
жебрати,beg,verb,C2
желатин,gelatin,noun,C2
жереб'я,foal,noun,C2
жеребок,lot,noun,C2
жмакати,crumple,verb,C2
жмурити,squint,verb,C2
жовтити,to,verb,C2
жонатий,married,adjective,C2
жування,mastication,noun,C2
журбота,grief,noun,C2
журчати,purl,verb,C2
зависть,envy,noun,C2
завсіди,always,adverb,C2
задирка,hangnail,noun,C2
задниця,ass,noun,C2
засовка,bolt,noun,C2
затичка,gag,noun,C2
забиття,murder,noun,C2
забуток,remnant,noun,C2
загалом,overall,adverb,C2
зайвина,surplus,noun,C2
зайченя,leveret,noun,C2
зальоти,courtship,noun,C2
залізко,clothes,noun,C2
замужжя,marriage,noun,C2
замшіти,mossen,verb,C2
заміжня,married,noun,C2
заначка,nut,noun,C2
заперти,to,verb,C2
заслона,veil,noun,C2
зашийок,nape,noun,C2
звислий,flaccid,adjective,C2
зводити,cramp,verb,C2
згаслий,extinct,adjective,C2
згоряти,incinerate,verb,C2
згущати,condense,verb,C2
здання,opinion,noun,C2
здихати,croak,verb,C2
зеленка,brilliant,noun,C2
зеренце,grain,noun,C2
злазити,climb,verb,C2
зливати,conflate,verb,C2
злучати,breed,verb,C2
злучити,breed,verb,C2
знемога,exhaustion,noun,C2
золотар,goldsmith,noun,C2
зореліт,starship,noun,C2
зранити,wound,verb,C2
зрештою,end,verb,C2
зросити,irrigate,verb,C2
зубатий,toothy,adjective,C2
зумисно,deliberately,adverb,C2
зівнути,yawn,verb,C2
зійтися,match,verb,C2
зіпріти,to,verb,C2
индичка,turkey,noun,C2
йобаний,fucking,adjective,C2
капсуль,noseband,noun,C2
каптур,hood,noun,C2
кавайно,kawaiily,adverb,C2
казарка,brant,noun,C2
каламар,inkwell,noun,C2
календи,calends,noun,C2
кальмар,squid,noun,C2
канавка,gutter,noun,C2
канадка,canadian,noun,C2
капелян,chaplain,noun,C2
карелка,female,noun,C2
картвел,kartvelian,noun,C2
карунка,eaves,noun,C2
касирка,cashier,noun,C2
кастрат,eunuch,noun,C2
кацапка,russki,noun,C2
качалка,rolling,noun,C2
кашалот,sperm,noun,C2
каїрець,cairene,noun,C2
квакати,croak,verb,C2
квантор,quantifier,noun,C2
квінтет,quintet,noun,C2
кенгуря,kangaroo,noun,C2
кенотаф,cenotaph,noun,C2
керосин,kerosene,noun,C2
кетсаль,quetzal,noun,C2
клейтух,wad,noun,C2
кличний,vocative,adjective,C2
клясти,damn,verb,C2
клякати,kneel,verb,C2
книжник,bookworm,noun,C2
книгоїд,bookworm,noun,C2
коклюш,whooping,noun,C2
корчма,tavern,noun,C2
котрого,whom,pronoun,C2
ковалик,click,noun,C2
ковзани,ice,noun,C2
ковзкий,slippery,adjective,C2
когезія,cohesion,noun,C2
козачка,cossack,noun,C2
козлиця,she-goat,noun,C2
козолуп,tanner,noun,C2
колодій,collodion,noun,C2
колодій,wheelwright,noun,C2
колібрі,hummingbird,noun,C2
колісце,wheel,noun,C2
комашка,bug,noun,C2
комоція,concussion,noun,C2
конфета,piece,noun,C2
конфеті,confetti,noun,C2
конячий,equine,adjective,C2
конґрес,congress,noun,C2
копито,hoof,noun,C2
коринка,serviceberry,noun,C2
коротун,shorty,pronoun,C2
корчмар,innkeeper,noun,C2
корівня,cowshed,noun,C2
косарик,harvestman,noun,C2
косовар,kosovan,noun,C2
косплей,cosplay,noun,C2
кочерга,poker,noun,C2
кошачий,feline,adjective,C2
крамар,trader,noun,C2
крапати,trickle,verb,C2
красуха,beauty,noun,C2
краянка,compatriot,noun,C2
креатин,creatine,noun,C2
креозот,creosote,noun,C2
кресало,piece,noun,C2
кресляр,draughtsman,noun,C2
крижень,mallard,noun,C2
криптон,krypton,noun,C2
круасан,croissant,noun,C2
кульчик,earring,noun,C2
курявий,dusty,adjective,C2
кубинка,cuban,noun,C2
кумедія,comedy,noun,C2
купорос,vitriol,noun,C2
куртина,curtain,noun,C2
куріпка,partridge,noun,C2
кутомір,protractor,noun,C2
кущівка,shallot,noun,C2
лаятися,swear,verb,C2
лавреат,laureate,noun,C2
ладунка,cartridge,noun,C2
лазурит,lapis,noun,C2
лайфхак,lifehack,noun,C2
ламбада,lambada,noun,C2
латинка,latin,noun,C2
левурда,ramsons,noun,C2
лебідка,windlass,noun,C2
леггорн,leghorn,noun,C2
лейкома,leucoma,noun,C2
лепетун,chatterbox,noun,C2
лизання,act,noun,C2
лимонад,lemonade,noun,C2
липучий,sticky,adjective,C2
лисичий,vulpine,adjective,C2
лисичка,chanterelle,noun,C2
личинка,larva,noun,C2
локатив,locative,noun,C2
локдаун,lockdown,noun,C2
лосьйон,lotion,noun,C2
лушпина,shell,noun,C2
льодина,floe,noun,C2
лютість,rage,noun,C2
люмбаго,lumbago,noun,C2
лютецій,lutetium,noun,C2
лядунка,cartridge,noun,C2
лялькар,puppeteer,noun,C2
лічений,to,adjective,C2
лічення,the,noun,C2
лівачка,leftard,noun,C2
лічіння,the,noun,C2
м.н.р.м.,initialism,adverb,C2
маточка,pistil,noun,C2
мавпеня,baby,noun,C2
мадярка,hungarian,noun,C2
макадам,macadam,noun,C2
макраме,macram,noun,C2
манжета,cuff,noun,C2
мантиса,mantissa,noun,C2
маратон,marathon,noun,C2
маркіза,awning,noun,C2
мармиза,mug,noun,C2
маслина,olive,noun,C2
мастика,mastic,noun,C2
масткий,greasy,adjective,C2
махорка,makhorka,noun,C2
мекнути,booze,verb,C2
меншати,wane,verb,C2
мергель,marl,noun,C2
месниця,one,noun,A1
мегаліт,megalith,noun,C2
медресе,madrasah,noun,C2
медіана,median,noun,C2
мезонін,mezzanine,noun,C2
метавка,sling,noun,C2
метиска,half-breed,noun,C2
множник,factor,noun,C2
мозочок,cerebellum,noun,C2
мокнути,become,verb,C2
молодіж,youth,noun,C2
могилки,graveyard,noun,C2
модрина,larch,noun,C2
мокриця,woodlouse,noun,C2
молоття,grinding,noun,C2
моноліт,monolith,noun,C2
моргати,blink,verb,C2
мортира,mortar,noun,C2
морфема,morpheme,noun,C2
морфізм,morphism,noun,C2
морячка,seawoman,noun,C2
морячок,sailor,noun,C2
мошонка,scrotum,noun,C2
мрячити,dream,verb,C2
муринка,black,noun,C2
муедзин,muezzin,noun,C2
мухомор,amanita,noun,C2
мчатися,scurry,verb,C2
мінівен,minivan,noun,C2
мішалка,agitator,noun,C2
набутий,acquired,adjective,C2
набійка,calkin,noun,C2
навічно,forever,adverb,C2
нагір'я,highland,noun,C2
нактоуз,binnacle,noun,C2
належно,properly,adverb,C2
напилок,file,noun,C2
напиток,beverage,noun,C2
направа,act,noun,C2
нароком,deliberately,adverb,C2
нарошне,deliberately,adverb,C2
натерти,grate,verb,C2
натягти,stretch,verb,C2
наїзник,rider,noun,C2
нетрища,thicket,noun,C2
неборак,poor,noun,C2
невіста,bride,noun,C2
негреня,black,noun,C2
нежуйні,nonruminants,noun,C2
нейтрон,neutron,noun,C2
немовби,allegedly,adverb,C2
непрямо,implicitly,adverb,C2
неслава,infamy,noun,C2
несучка,layer,noun,C2
нетопир,bat,noun,C2
нецнота,vice,noun,C2
нечулий,insensitive,adjective,C2
неявний,implicit,adjective,C2
новість,newness,noun,C2
нобелій,nobelium,noun,C2
новинар,journalist,noun,C2
новичок,novichok,noun,C2
ніхоній,nihonium,noun,C2
ошський,osh,adjective,C2
оберега,protection,noun,C2
обижати,offend,verb,C2
одвірок,jamb,noun,C2
одиниця,one,numeral,A1
однакий,same,adjective,C2
одноріг,reem,noun,C2
одометр,odometer,noun,C2
ожеледа,black,noun,C2
озерце,pond,noun,C2
окрошка,okroshka,noun,C2
оксиген,oxygen,noun,C2
олениця,hind,noun,C2
онанізм,masturbation,noun,C2
ондатра,muskrat,noun,C2
оогамія,oogamy,noun,C2
оологія,oology,noun,C2
опуклий,convex,adjective,C2
опікати,watch,verb,C2
оргскло,plexiglass,noun,C2
ордалія,ordeal,noun,C2
орлятко,eaglet,noun,C2
орудний,instrumental,adjective,C2
османка,turk,noun,C2
оспалий,sleepy,adjective,C2
отцевий,paternal,adjective,C2
очуняти,recover,verb,C2
ошийник,dog,noun,A1
п'ясток,metacarpus,noun,C2
п'яніти,get,verb,A1
памперс,diaper,noun,C2
паприка,paprika,noun,C2
паробок,boyfriend,noun,C2
пастися,graze,verb,C2
патина,patina,noun,C2
павичка,peacock,noun,C2
падлюка,scoundrel,noun,C2
пакгауз,warehouse,noun,C2
паламар,sexton,noun,C2
палісад,paling,noun,C2
папірос,cigarette,noun,C2
паратиф,paratyphoid,noun,C2
парафін,paraffin,noun,C2
парохія,parish,noun,C2
паскаль,pascal,noun,C2
патоген,pathogen,noun,C2
пахвина,crotch,noun,C2
пахучий,fragrant,adjective,C2
пацючий,murine,adjective,C2
пейджер,pager,noun,C2
пекарка,baker,noun,C2
первень,element,noun,C2
песький,canine,adjective,C2
песячий,canine,adjective,C2
пекінка,beijinger,noun,C2
пелікан,pelican,noun,C2
пеньюар,peignoir,noun,C2
пердіти,fart,verb,C2
перекид,somersault,noun,C2
перевал,opening,noun,C2
перегин,inflection,noun,C2
перелаз,stile,noun,C2
перкаль,percale,noun,C2
пернаті,birds,noun,C2
петехія,petechia,noun,C2
писарка,scribe,noun,C2
пищавка,pipe,noun,C2
пивниця,brewery,noun,C2
пивовар,brewer,noun,C2
пилинка,mote,noun,C2
планер,glider,noun,C2
пластир,band-aid,noun,C2
плачний,deplorable,adjective,C2
плаксун,crybaby,noun,C2
плювіоз,pluvi,noun,C2
плямити,smirch,verb,C2
плісень,mildew,noun,C2
покорм,mother,noun,A1
постриг,tonsure,noun,C2
повидло,jam,noun,C2
поводар,ringleader,noun,C2
повіддя,flood,noun,C2
повійка,convolvulus,noun,C2
повітка,shed,noun,C2
поземий,horizontal,adjective,C2
покража,theft,noun,C2
покраса,ornament,noun,C2
полонка,polynya,noun,C2
полівка,vole,noun,C2
понурий,dour,adjective,C2
понюшка,snuff,noun,C2
попруга,girth,noun,C2
порічка,currant,noun,C2
посполу,commonly,adverb,C2
поспіти,make,verb,A1
поссати,to,verb,C2
прамова,proto-language,noun,C2
приймит,live-in,noun,C2
приплав,dock,noun,C2
прибити,employ,verb,C2
притвор,narthex,noun,C2
проказа,leprosy,noun,C2
проклін,imprecation,noun,C2
проміле,permille,noun,C2
просити,please,adverb,C2
прутень,prick,noun,C2
прядиво,wool,noun,C2
псятина,dog,noun,A1
пташник,coop,noun,C2
птомаїн,ptomaine,noun,C2
пуночка,snow,noun,C2
пуловер,pullover,noun,C2
пустиня,desert,noun,C2
пхикати,whimper,verb,C2
південь,down,adverb,C2
півтінь,penumbra,noun,C2
підвага,lever,noun,C2
підлиза,flatterer,noun,C2
підойма,lever,noun,C2
підпора,prop,noun,C2
пізніше,afterwards,adverb,C2
пілотка,side,noun,C2
піцерія,pizzeria,noun,C2
піщаний,sandy,adjective,C2
радниця,counselor,noun,C2
рашпіль,rasp,noun,C2
раптово,suddenly,adverb,C2
реслінг,professional,noun,C2
регбіст,rugby,noun,C2
редиска,radish,noun,C2
рейтузи,jodhpurs,noun,C2
ренегат,turncoat,noun,C2
рентген,x-ray,noun,C2
реторта,retort,noun,C2
ржавіти,rust,verb,C2
рибачка,fisherman,noun,C2
рижанин,rigan,noun,C2
рижанка,rigan,noun,C2
ричання,roar,noun,C2
розбір,analysis,noun,C2
розлив,spate,noun,C2
розліт,acceleration,noun,C2
рогачка,slingshot,noun,C2
рогівка,cornea,noun,C2
родачка,relative,noun,C2
родовід,lineage,noun,C2
родючий,fertile,adjective,C2
роділля,new,noun,A1
розпука,despair,noun,C2
росинка,dewdrop,noun,C2
роївник,lemon,noun,C2
рубанок,plane,noun,C2
рубідій,rubidium,noun,C2
рукоять,hilt,noun,C2
рум'яна,blush,noun,C2
румунка,romanian,noun,C2
ряднина,burlap,noun,C2
рядовик,private,noun,C2
рясота,abundance,noun,C2
різочка,birch,noun,C2
різачка,diarrhea,noun,C2
різьбар,cutter,noun,C2
сажалка,pond,noun,C2
сабайон,zabaglione,noun,C2
саксаул,saxaul,noun,C2
самарій,samarium,noun,C2
сансара,samsara,noun,C2
саспенс,suspense,noun,C2
сахарид,saccharide,noun,C2
свербіж,itch,noun,C2
свиріль,svirel,noun,C2
свиріпа,mustard,noun,C2
сволота,scoundrel,noun,C2
своячка,relative,noun,C2
свідчий,witness,adjective,C2
світляк,firefly,noun,C2
сендвіч,sandwich,noun,C2
сердити,upset,verb,C2
сестрич,sororal,noun,C2
селадон,celadon,noun,C2
селище1,village,noun,C2
селючка,villager,noun,C2
семітка,semite,noun,C2
серафим,seraph,noun,C2
середнє,average,noun,C2
сечовід,ureter,noun,C2
сибірка,anthrax,noun,C2
сизигія,syzygy,noun,C2
силікоз,silicosis,noun,C2
силікон,silicone,noun,C2
симонія,simony,noun,C2
синолог,sinologist,noun,C2
сирійка,syrian,noun,C2
сирієць,syrian,noun,C2
склодув,glassblower,noun,C2
сколіоз,scoliosis,noun,C2
скопець,eunuch,noun,C2
скоріше,rather,adverb,C2
скребти,scrape,verb,C2
скрипак,violinist,noun,C2
скрипач,violinist,noun,C2
скрутка,joint,noun,C2
скріпка,something,noun,C2
скільки,how,pronoun,C2
скісний,slanted,adjective,C2
славень,national,noun,C2
слизняк,slug,noun,C2
слониха,elephant,noun,C2
слідець,detective,noun,C2
смайлик,smiley,noun,C2
смарагд,emerald,noun,C2
смаркач,snotnose,noun,C2
смутити,to,verb,C2
сміття,trash,noun,C2
сміттяр,garbage,noun,C2
снобізм,snobbishness,noun,C2
солений,salty,adjective,C2
сохнути,drain,verb,C2
солодка,licorice,noun,C2
соловей,nightingale,noun,C2
соловій,nightingale,noun,C2
спагеті,spaghetti,noun,C2
спадати,wane,verb,C2
спанько,sleepyhead,noun,C2
спечний,hot,adjective,C2
сплячий,present,adjective,C2
сплітка,gossip,noun,C2
спойлер,spoiler,noun,C2
спорити,argue,verb,C2
спритно,deftly,adverb,C2
спродаж,sale,noun,C2
сральня,shitter,noun,C2
срібло,silver,noun,C2
старуха,old,noun,C2
стебель,stalk,noun,C2
степлер,stapler,noun,C2
стеатит,soapstone,noun,C2
стидний,shameful,adjective,C2
стрийна,aunt,noun,C2
стручок,pod,noun,C2
стуляти,close,verb,C2
стягати,to,verb,C2
стікати,trickle,verb,C2
суахілі,swahili,noun,C2
супруга,wife,noun,C2
сюрчати,whistle,verb,C2
сіновал,hayloft,noun,C2
тангенс,tangent,noun,C2
танець,dance,noun,C2
тапіока,tapioca,noun,C2
татарва,tatars,noun,C2
теніска,t-shirt,noun,C2
тертися,frot,verb,C2
тетерев,black,noun,C2
терарій,terrarium,noun,C2
терцина,terza,noun,C2
тетерук,black,noun,C2
теургія,theurgy,noun,C2
тильний,back,adjective,C2
тигреня,tiger,noun,C2
тичинка,stamen,noun,C2
тлустий,greasy,adjective,C2
торквес,torque,noun,C2
токарня,lathe,noun,C2
токійка,tokyoite,noun,C2
токієць,tokyoite,noun,C2
тонзура,bald,noun,C2
тортура,torture,noun,C2
транець,transom,noun,C2
трахома,trachoma,noun,C2
трейдер,trader,noun,C2
трельяж,trellis,noun,C2
тролити,troll,verb,C2
тромбон,trombone,noun,C2
троянка,trojan,noun,C2
трубити,blare,verb,C2
трудяка,workaholic,noun,C2
трієчко,three,numeral,A1
тріолет,triolet,noun,C2
ублюдок,motherfucker,noun,C2
убувати,dwindle,verb,C2
угноїти,to,verb,C2
угощати,treat,verb,C2
удушити,choke,verb,C2
ужалити,of,verb,C2
узбечка,uzbek,noun,C2
узмор'я,beach,noun,C2
уйгурка,uyghur,noun,C2
укладач,compiler,noun,C2
укусити,bite,verb,C2
умерлий,deceased,adjective,C2
употіти,to,verb,C2
уродини,birthday,noun,C2
усолода,enjoyment,noun,C2
утишити,to,verb,C2
утишати,to,verb,C2
утілити,embody,verb,C2
ф'ючерс,futures,noun,C2
фарфор,porcelain,noun,C2
фаланга,phalanx,noun,C2
фанклуб,fan,noun,C2
фарбник,dye,noun,C2
фенхель,fennel,noun,C2
фейхоа,feijoa,noun,C2
флешмоб,flash,noun,C2
фордизм,fordism,noun,C2
форшлаг,grace,noun,C2
францій,francium,noun,C2
фрамуга,transom,noun,C2
фудулія,pride,noun,C2
фістула,fistula,noun,C2
халепа,trouble,noun,C2
хай-тек,high,noun,C2
хвальба,boast,noun,C2
хватати,to,verb,C2
хвиґура,piece,noun,C2
хитрець,synonym,noun,C2
хлюпати,squelch,verb,C2
хмарний,overcast,adjective,C2
хмеліти,get,verb,A1
хмизняк,brushwood,noun,C2
хованки,hide,noun,C2
хоботок,proboscis,noun,C2
холодна,hole,noun,C2
хоронім,choronym,noun,C2
хот-дог,hot,noun,C2
хрипкий,stertorous,adjective,C2
хрипіти,wheeze,verb,C2
хропіти,snore,verb,C2
хрумкий,crunchy,adjective,C2
хрюкати,to,verb,C2
хуговій,snowstorm,noun,C2
худющий,scraggy,adjective,C2
хуйовий,shitty,adjective,C2
хурдига,snowstorm,noun,C2
хуртеча,snowstorm,noun,C2
цвіркун,cricket,noun,C2
целібат,celibacy,noun,C2
центавр,centaur,noun,C2
цепелін,zeppelin,noun,C2
цесарка,guinea,noun,C2
цингель,trigger,noun,C2
цибатий,long-legged,adjective,C2
цилюрик,barber,noun,C2
цинобра,cinnabar,noun,C2
циновий,made,adjective,C2
цмулити,chug,verb,C2
цукроза,sucrose,noun,C2
цілунок,kiss,noun,C2
чайхана,teahouse,noun,C2
чародій,magician,noun,C2
чартизм,chartism,noun,C2
частиця,particle,noun,C2
чат-бот,chatbot,noun,C2
чвалати,plod,verb,C2
чебурек,cheburek,noun,C2
червець,cochineal,noun,C2
червоно,redly,adverb,C2
черевце,paunch,noun,C2
черемша,ramsons,noun,C2
черешок,petiole,noun,C2
чечітка,redpoll,noun,C2
чилійка,chilean,noun,C2
чилієць,chilean,noun,C2
чихання,sneeze,noun,C2
чихнути,sneeze,verb,C2
чмихати,sniff,verb,C2
човгати,scuffle,verb,C2
чоботар,shoemaker,noun,C2
чортиха,she-devil,noun,C2
чортиця,she-devil,noun,C2
чортовий,deuced,adverb,C2
чужинка,stranger,noun,C2
шабашка,moonlighting,noun,C2
шапинка,pileus,noun,C2
шарашка,sharashka,noun,C2
шершень,hornet,noun,C2
шезлонг,chaise,noun,C2
шептало,sear,noun,C2
шептати,whisper,verb,C2
шиваїзм,shaivism,noun,C2
шипіння,hiss,noun,C2
шкварка,crackling,noun,C2
шлафрок,bathrobe,noun,C2
шльомпа,slob,noun,C2
шлятися,gad,verb,C2
шляфрок,bathrobe,noun,C2
шмарклі,snot,noun,C2
шмаркач,snotnose,noun,C2
шпулька,bobbin,noun,C2
шпіхлір,granary,noun,C2
штандар,flag,noun,C2
щастити,lucky,verb,C2
щезання,evanescence,noun,C2
щенячий,puppyish,adjective,C2
щипочка,pinch,noun,C2
щонічно,nightly,adverb,C2
щілина,slit,noun,C2
ягідний,berry,adjective,C2
ягничка,diminutive,noun,C2
ягнятко,lamb,noun,C2
ялівець,juniper,noun,C2
яремний,yoked,adjective,C2
ярмулка,yarmulke,noun,C2
ятрівка,co-sister-in-law,noun,C2
європій,europium,noun,C2
інохідь,amble,noun,C2
ігролад,gameplay,noun,C2
ідіотка,idiot,noun,C2
індійка,indian,noun,C2
інуїтка,inuit,noun,C2
ітербій,ytterbium,noun,C2
іудейка,judaist,noun,C2
їжаченя,hoglet,noun,C2
ґалаґан,firebrand,noun,C2
ґерлиґа,rare,noun,C2
ґиґнути,croak,verb,C2
ґирлиґа,shepherd,noun,C2
ґрунтик,diminutive,noun,C2
cьогоніч,tonight,adverb,C2
Індостан,hindustan,noun,C2
Інкерман,inkerman,noun,C2
Іркутськ,irkutsk,noun,C2
Авдіївка,avdiivka,noun,C2
Аерофлот,aeroflot,noun,C2
Акрополь,athenian,noun,C2
Альберта,alberta,noun,C2
Анатолія,anatolia,noun,C2
Анкоридж,anchorage,noun,C2
Антрацит,antratsyt,noun,C2
Арканзас,arkansas,noun,C2
Армянськ,armiansk,noun,C2
Асклепій,asclepius,noun,C2
Байконур,baikonur,noun,C2
Балаклія,balakliya,noun,C2
Барбадос,barbados,noun,C2
Баштанка,bashtanka,noun,C2
Берегове,berehove,noun,C2
Бенгалія,bengal,noun,C2
Березань,berezan,noun,C2
Берислав,beryslav,noun,C2
Близнюки,gemini,noun,C2
Бристоль,bristol,noun,C2
Білицьке,bilytske,noun,C2
Біляївка,biliaivka,noun,C2
В'єнтьян,vientiane,noun,C2
Вайтгорс,whitehorse,noun,C2
Вашківці,vashkivtsi,noun,C2
Вайомінг,wyoming,noun,C2
Вайомінґ,wyoming,noun,C2
Валлетта,valletta,noun,C2
Ватутіне,vatutine,noun,C2
Вербниця,palm,noun,C2
Веньчжоу,wenzhou,noun,C2
Веракрус,veracruz,noun,C2
Вергілій,virgil,noun,C2
Вероніка,veronica,noun,C2
Верґілій,virgil,noun,C2
Волощина,wallachia,noun,C2
Вугледар,vuhledar,noun,C2
Візантій,byzantium,noun,C2
Вікторія,victoria,noun,C2
Гайворон,haivoron,noun,C2
Габороне,gaborone,noun,C2
Гавіржов,hav,noun,C2
Гагаузія,gagauzia,noun,C2
Галіфакс,halifax,noun,C2
Гамерика,america,noun,C2
Гвадіана,guadiana,noun,C2
Гервасій,gervase,noun,C2
Гишпанія,spain,noun,C2
Гоґвортс,hogwarts,noun,C2
Голконда,golconda,noun,C2
Городище,horodyshche,noun,C2
Греччина,greece,noun,C2
Гребінка,hrebinka,noun,C2
Гуджарат,gujarat,noun,C2
Дворіччя,mesopotamia,noun,C2
Дебрецен,debrecen,noun,C2
Джакарта,jakarta,noun,C2
Джорджія,georgia,noun,C2
Добруджа,dobruja,noun,C2
Домініка,dominica,noun,C2
Дунаївці,dunaivtsi,noun,C2
Едмонтон,edmonton,noun,C2
Есватіні,eswatini,noun,C2
Жданівка,zhdanivka,noun,C2
Жемайтія,samogitia,noun,C2
Заліщики,zalishchyky,noun,C2
Заставна,zastavna,noun,C2
Зоринськ,zorynsk,noun,C2
Зореслав,inflection,noun,C2
Кам'янка,kamianka,noun,C2
Карлівка,karlivka,noun,C2
Кадіївка,kadiivka,noun,C2
Кампанія,campania,noun,C2
Кампучія,kampuchea,noun,C2
Катманду,kathmandu,noun,C2
Катовиці,katowice,noun,C2
Керкіра,corfu,noun,C2
Клівленд,cleveland,noun,C2
Комарно,komarno,noun,C2
Козинець,kazinets,noun,C2
Комотіні,komotini,noun,C2
Костанай,kostanay,noun,C2
Кострома,kostroma,noun,C2
Красилів,krasyliv,noun,C2
Кремінна,kreminna,noun,C2
Курахове,kurakhove,noun,C2
Куритиба,curitiba,noun,C2
Кінгстон,kingston,noun,C2
Кіровськ,kirovsk,noun,C2
Кірибаті,kiribati,noun,C2
Лангедок,languedoc,noun,C2
Липовець,lypovets,noun,C2
Лутугине,lutuhyne,noun,C2
Ліберець,liberec,noun,C2
Лілонгве,lilongwe,noun,C2
Мар'їнка,maryinka,noun,C2
Мальорка,majorca,noun,C2
Мельбурн,melbourne,noun,C2
Мериленд,maryland,noun,C2
Меріленд,maryland,noun,C2
Меркурій,mercury,noun,C2
Мукачево,mukachevo,noun,C2
Мунтенія,muntenia,noun,C2
Мішкольц,miskolc,noun,C2
Нагасакі,nagasaki,noun,C2
Надвірна,nadvirna,noun,C2
Небраска,nebraska,noun,C2
Нью-Делі,new,noun,A1
Нью-Йорк,new,noun,A1
Нюрнберг,nuremberg,noun,C2
Оломоуць,olomouc,noun,C2
Острава,ostrava,noun,C2
Оклагома,oklahoma,noun,C2
Оклахома,oklahoma,noun,C2
Оленівка,olenivka,noun,C2
Паннонія,pannonia,noun,C2
Портсмут,portsmouth,noun,C2
Порт-Луї,port,noun,C2
Посейдон,poseidon,noun,C2
Преторія,pretoria,noun,C2
Приштина,pristina,noun,C2
Привілля,pryvillia,noun,C2
Південне,pivdenne,noun,C2
Підгайці,pidhaitsi,noun,C2
Ренесанс,renaissance,noun,C2
Салехард,salekhard,noun,C2
Сан-Хосе,san,noun,C2
Саскатун,saskatoon,noun,C2
Селидове,selydove,noun,C2
Сен-П'єр,saint-pierre,noun,C2
Сингапур,singapore,noun,C2
Скорпіон,scorpio,noun,C2
Солсбері,salisbury,noun,C2
Сокиряни,sokyriany,noun,C2
Сорокине,sorokyne,noun,C2
Соснівка,sosnivka,noun,C2
Стрілець,sagittarius,noun,C2
Сіверськ,siversk,noun,C2
Сіньцзян,xinjiang,noun,C2
Таганріг,taganrog,noun,C2
Теннессі,tennessee,noun,C2
Теплодар,teplodar,noun,C2
Тернівка,ternivka,noun,C2
Тессалія,thessaly,noun,C2
Тольятті,tolyatti,noun,C2
Трипілля,trypillia,noun,C2
Тюрингія,thuringia,noun,C2
Українка,ukrainka,noun,C2
Фессалія,thessaly,noun,C2
Фландрія,flanders,noun,C2
Фунафуті,funafuti,noun,C2
Хелловін,halloween,noun,C2
Хмільник,khmilnyk,noun,C2
Цареград,constantinople,noun,C2
Черкеськ,cherkessk,noun,C2
Шаргород,sharhorod,noun,C2
Шебекіно,shebekino,noun,C2
Шрусбері,shrewsbury,noun,C2
Ямусукро,yamoussoukro,noun,C2
аверсний,obverse,adjective,C2
абатство,abbacy,noun,C2
абазинка,abaza,noun,C2
аболіція,abolition,noun,C2
абрикоса,apricot,noun,C2
абруптив,ejective,noun,C2
абсорбер,absorber,noun,C2
абстракт,abstract,noun,C2
абхазець,abkhaz,noun,C2
аванпорт,outport,noun,C2
аванпост,outpost,noun,C2
авантура,adventure,noun,C2
автограф,autograph,noun,C2
автопсія,autopsy,noun,C2
автошина,tyre,noun,C2
авіавдар,airstrike,noun,C2
авіакаса,airline,noun,C2
авіаклуб,aviation,noun,C2
авіамаяк,air,noun,C2
авіапарк,aircraft,noun,C2
авіаполк,air,noun,C2
авіапорт,airport,noun,C2
авіарейд,air,noun,C2
авіаудар,airstrike,noun,C2
авіфауна,avifauna,noun,C2
аденозин,adenosine,noun,C2
аерометр,aerometer,noun,C2
аеростат,balloon,noun,C2
азотемія,azotemia,noun,C2
активізм,activism,noun,C2
акулячий,shark,adjective,C2
алебарда,halberd,noun,C2
алфавіт,alphabet,noun,C2
альдегід,aldehyde,noun,C2
альфабет,alphabet,noun,C2
алігатор,alligator,noun,C2
аматорка,amateur,noun,C2
аменорея,amenorrhoea,noun,C2
америцій,americium,noun,C2
анаграма,anagram,noun,C2
анафорез,anaphoresis,noun,C2
антилопа,antelope,noun,C2
антрекот,entrec,noun,C2
апендикс,vermiform,noun,C2
аперитив,ap,noun,C2
аргонавт,argonaut,noun,C2
аркбутан,flying,noun,C2
арфістка,harpist,noun,C2
археофіт,archaeophyte,noun,C2
архітрав,architrave,noun,C2
асексуал,asexual,noun,C2
атеїстка,atheist,noun,C2
африканс,afrikaans,noun,C2
афінянка,athenian,noun,C2
ацетилен,acetylene,noun,C2
базграти,scrawl,verb,C2
бабисько,woman,noun,A1
бабинець,narthex,noun,C2
бабіруса,babirusa,noun,C2
бавовник,cotton,noun,C2
багамець,bahamian,noun,C2
багровий,crimson,adjective,C2
базарчик,market,noun,C2
базувати,predicate,verb,C2
базікало,gossip,noun,C2
балакуха,chatterbox,noun,C2
балясина,baluster,noun,C2
банджист,banjoist,noun,C2
бандитка,thug,noun,C2
баранець,barometz,noun,C2
барбакан,barbican,noun,C2
барбарис,barberry,noun,C2
баритися,to,verb,C2
батискаф,bathyscaphe,noun,C2
батожити,flog,verb,C2
безбожжя,atheism,noun,C2
безвусий,moustacheless,adjective,C2
безматок,hive,noun,C2
беркелій,berkelium,noun,C2
бетатрон,betatron,noun,C2
блискати,glint,verb,C2
близнята,twin,noun,C2
блистіти,glitter,verb,C2
бондарня,cooperage,noun,C2
боржниця,debtor,noun,C2
борщевий,borscht,adjective,C2
боснячка,bosnian,noun,C2
боснійка,bosnian,noun,C2
боснієць,bosnian,noun,C2
ботвиння,botvinya,noun,C2
боягузка,coward,noun,C2
брашпиль,windlass,noun,C2
братанич,fraternal,noun,C2
брендинг,branding,noun,C2
брехунка,liar,noun,C2
бригадир,brigadier,noun,C2
брильянт,diamond,noun,C2
броварня,brewery,noun,C2
бруднити,soil,verb,C2
бруслина,spindle,noun,C2
брусниця,lingonberry,noun,C2
брьохати,squelch,verb,C2
брязкало,rattle,noun,C2
бубонець,nut,noun,C2
бубоніти,mutter,verb,C2
буженина,roast,noun,C2
букмекер,bookmaker,noun,C2
бутелька,bottle,noun,C2
бухоблік,bookkeeping,noun,C2
бігунець,cream-colored,noun,C2
біднячка,beggar,noun,C2
варварка,barbarian,noun,C2
ваготіти,fall,verb,C2
вагранка,furnace,noun,C2
вадливий,harmful,adjective,C2
валитися,topple,verb,C2
валлійка,welshwoman,noun,C2
валлієць,welshman,noun,C2
вальниця,bearing,noun,C2
валяльня,fulling,noun,C2
вартовий,sentinel,noun,C2
ватерпас,level,noun,C2
ватрушка,vatrushka,noun,C2
вбогість,destitution,noun,C2
вершниця,rider,noun,C2
верблюжа,camel,noun,C2
вербунок,enlistment,noun,C2
верховод,ringleader,noun,C2
виблядок,bastard,noun,C2
вивільга,oriole,noun,C2
видимий,visible,adjective,C2
викидень,miscarriage,noun,C2
вилічити,calculate,verb,C2
вимкнено,down,adverb,C2
виправа,dowry,noun,C2
випуклий,bulbous,adjective,C2
висидіти,brood,verb,C2
висохлий,wizened,adjective,C2
вихвалка,boast,noun,C2
вибивати,emboss,verb,C2
вибірник,elector,noun,C2
вигонити,banish,verb,C2
визнаття,recognition,noun,C2
виливати,pour,verb,C2
випадок1,accident,noun,C2
висисати,to,verb,C2
висувати,submit,verb,C2
витікати,emanate,verb,C2
вклякати,kneel,verb,C2
вовкулак,werewolf,noun,C2
вогнемет,flamethrower,noun,C2
водозбір,columbine,noun,C2
володар,sovereign,noun,C2
воробець,sparrow,noun,C2
вохряний,ochre,adjective,C2
впрягати,to,verb,C2
втікачка,fugitive,noun,C2
вуджений,smoked,adjective,C2
вустриця,oyster,noun,C2
вувузела,vuvuzela,noun,C2
відблиск,gleam,noun,C2
відбитка,print,noun,C2
віддерти,to,verb,C2
війтенко,son,noun,C2
вільгота,moisture,noun,C2
вірьовка,string,noun,C2
вісімсот,eight,numeral,C2
віталізм,vitalism,noun,C2
вітиліго,vitiligo,noun,C2
гайворон,rook,noun,C2
гебраїст,hebraist,noun,C2
геймплей,gameplay,noun,C2
гемопоез,hematopoiesis,noun,C2
герметик,sealant,noun,C2
гиндичка,turkey,noun,C2
гладилка,folding-bone,noun,C2
глухнути,to,verb,C2
глухість,deafness,noun,C2
гнойовик,inkcap,noun,C2
гноїтися,fester,verb,C2
горнична,maid,noun,C2
голитися,shave,verb,C2
голубчик,dove,noun,C2
голубеня,dovelet,noun,C2
голубика,bog,noun,C2
голубник,columbarium,noun,C2
горбатий,humpback,noun,C2
горицвіт,false,noun,C2
горлоріз,thug,noun,C2
горобина,rowan,noun,C2
готовити,prepare,verb,C2
грабіжка,robbery,noun,C2
грудинка,breast,noun,C2
грястиця,cocksfoot,noun,C2
грішниця,sinner,noun,C2
гулянка,revel,noun,C2
густість,density,noun,C2
гуменник,bean,noun,C2
гурманка,gourmet,noun,C2
гущавина,thicket,noun,C2
гіркість,bitterness,noun,C2
гідроген,hydrogen,noun,C2
гіпокамп,hippocampus,noun,C2
давильця,nutcracker,noun,C2
давитися,choke,verb,C2
держално,hilt,noun,C2
дев'ясил,inula,noun,C2
девіація,deviation,noun,C2
декадент,decadent,noun,C2
декалітр,decalitre,noun,C2
деменція,dementia,noun,C2
джайнізм,jainism,noun,C2
джигнути,of,verb,C2
джойстик,joystick,noun,C2
дзенькіт,clash,noun,C2
дзижчати,buzz,verb,C2
дзюбати,peck,verb,C2
дикобраз,porcupine,noun,C2
диплодок,diplodocus,noun,C2
дияволка,she-devil,noun,C2
догадка,guess,noun,C2
договір,treaty,noun,C2
довгоніг,cranefly,noun,C2
догідний,right,adjective,C2
докоряти,upbraid,verb,C2
докторат,doctorate,noun,C2
докучати,molest,verb,C2
долілиць,from,adverb,C2
домісити,to,verb,C2
домішати,to,verb,C2
донатити,donate,verb,C2
доносити,waft,verb,C2
донощиця,informer,noun,C2
дощовиця,rainstick,noun,C2
драглайн,dragline,noun,C2
драгоман,dragoman,noun,C2
дроворуб,lumberjack,noun,C2
дроворіз,woodcutter,noun,C2
дромадер,dromedary,noun,C2
дрібняки,small,noun,A1
дрібушка,chastushka,noun,C2
дрімайло,sleepyhead,noun,C2
дуополія,duopoly,noun,C2
дєкувати,thank,verb,C2
дівчина,girl,noun,A1
діточки,children,noun,C2
дієвість,strength,noun,C2
дієцезія,diocese,noun,C2
ебеновий,made,adjective,C2
екосфера,ecosphere,noun,C2
електрум,electrum,noun,C2
емпіризм,empiricism,noun,C2
епентеза,epenthesis,noun,C2
епітелій,epithelium,noun,C2
ескапізм,escapism,noun,C2
еспандер,resistance,noun,C2
естроген,oestrogen,noun,C2
естуарій,estuary,noun,C2
етимолог,etymologist,noun,C2
етноґраф,ethnographer,noun,C2
жаб'ячий,froglike,adjective,C2
жадібно,eagerly,adverb,C2
жалувати,pity,verb,C2
жалісний,pathetic,adjective,C2
жадливий,stingy,adjective,C2
жахливий,scary,adverb,C2
жбурляти,chuck,verb,C2
жебрачка,beggar,noun,C2
женьшень,ginseng,noun,C2
жили-були,once,adverb,C2
завертка,screwdriver,noun,C2
завиток,scroll,noun,C2
закруток,knot,noun,C2
застібка,fastener,noun,C2
забагато,too,adverb,C2
зависний,envious,adjective,C2
загибати,to,verb,C2
загортка,envelope,noun,C2
задержка,delay,noun,C2
закапати,bury,verb,C2
закидати,pelt,verb,C2
заливати,suffuse,verb,C2
замовний,custom-made,adjective,C2
заміщати,displace,verb,C2
запилити,pollinate,verb,C2
запинало,veil,noun,C2
запирати,to,verb,C2
запомога,boost,noun,C2
зарослий,overgrown,adjective,C2
затихати,silence,verb,C2
захилити,to,verb,C2
захлялий,scraggy,adjective,C2
зблудити,get,verb,A1
зброярня,armoury,noun,C2
збіднити,to,verb,C2
зварення,the,noun,C2
зварювач,welder,noun,C2
звурдити,curdle,verb,C2
зграбний,dexterous,adjective,C2
згірклий,rancid,adjective,C2
здирачка,scammer,noun,C2
здихнути,sigh,verb,C2
здоровля,ya,noun,C2
зеленина,greens,noun,C2
земледух,mole,noun,C2
землепис,geography,noun,C2
зигзагом,in,adverb,C2
зимовий,wintry,adjective,C2
зичливий,benevolent,adjective,C2
зиґзаґом,in,adverb,C2
зливання,merger,noun,C2
зловжити,abuse,verb,C2
зловіщий,ominous,adjective,C2
зляканий,scared,adjective,C2
злягтися,copulate,verb,C2
змовниця,plotter,noun,C2
змокнути,become,verb,C2
змінений,modified,adjective,C2
зміщення,upheaval,noun,C2
змійовик,serpentine,noun,C2
зміястий,snakelike,adjective,C2
знарошна,deliberately,adverb,C2
знарошне,deliberately,adverb,C2
знамено,flag,noun,C2
значущий,meaningful,adjective,C2
знесення,demolition,noun,C2
знесилля,exhaustion,noun,C2
зникання,evanescence,noun,C2
зоологія,zoology,noun,C2
зрадниця,traitor,noun,C2
зрушення,upheaval,noun,C2
зрівняти,equalize,verb,C2
зубенята,teeth,noun,C2
зубрівка,zubrowka,noun,C2
зчорніти,blacken,verb,C2
зюйд-ост,southeast,noun,C2
зібраний,poised,adjective,C2
йорданка,jordanian,noun,C2
каркання,caw,noun,C2
кабестан,capstan,noun,C2
кавунчик,watermelon,noun,C2
кавувати,to,verb,C2
кавунець,watermelon,noun,C2
кавунище,watermelon,noun,C2
каганець,oil,noun,C2
казкарка,storyteller,noun,C2
кайданки,manacle,noun,C2
камчадал,kamchadal,noun,C2
канелюра,flute,noun,C2
капарити,bungle,verb,C2
капелюха,hat,noun,C2
капучино,cappuccino,noun,C2
карамель,caramel,noun,C2
караїмка,member,noun,C2
кардинал,cardinal,noun,C2
касувати,abolish,verb,C2
катакана,katakana,noun,C2
катафалк,hearse,noun,C2
кахексія,cachexia,noun,C2
качатина,duck,noun,C2
качатися,rock,verb,C2
квакання,croak,noun,C2
кермовий,helm,adjective,C2
керуючий,manager,noun,C2
кидатися,scoot,verb,C2
киргизка,kyrgyz,noun,C2
китаянка,person,noun,C2
клаксон,horn,noun,C2
клинопис,cuneiform,noun,C2
книжниця,bookworm,noun,C2
князенко,prince,noun,C2
князівна,princess,noun,C2
копчений,smoked,adjective,C2
користь,benefit,noun,C2
ковальня,forge,noun,C2
ковзаняр,skater,noun,C2
ковролін,fitted,noun,C2
кокошник,kokoshnik,noun,C2
колотися,tingle,verb,C2
коляндра,coriander,noun,C2
комуняка,commie,noun,C2
конопляр,linnet,noun,C2
консерва,tin,noun,C2
копатися,delve,verb,C2
копистка,wooden,noun,C2
копитник,asarabacca,noun,C2
копитняк,asarabacca,noun,C2
кореянка,korean,noun,C2
коркотяг,corkscrew,noun,C2
корнішон,gherkin,noun,C2
коріандр,coriander,noun,C2
корінний,synonym,noun,C2
костриця,fescue,noun,C2
котитися,trundle,verb,C2
кочівний,nomadic,adjective,C2
кошерний,kosher,adjective,C2
кошеніль,cochineal,noun,C2
кошлатий,shaggy,adjective,C2
крайнебо,horizon,noun,C2
кремсати,to,verb,C2
кредитка,credit,noun,C2
кремація,cremation,noun,C2
кретинка,cretin,noun,C2
крильце,winglet,noun,C2
крилатка,samara,noun,C2
кровотік,blood,noun,C2
кросворд,crossword,noun,C2
кросовер,crossover,noun,C2
кружляти,circle,verb,C2
крякання,caw,noun,C2
крякнути,caw,verb,C2
ксилофон,xylophone,noun,C2
кубинець,cuban,noun,C2
кудлатий,shaggy,adjective,C2
кульгати,hobble,verb,C2
курултай,kurultai,noun,C2
кутикула,cuticle,noun,C2
кіновар,cinnabar,noun,C2
кіптява,soot,noun,C2
кітвиця,anchor,noun,C2
кітчевий,kitschy,adjective,C2
кінескоп,kinescope,noun,C2
кірказон,birthwort,noun,C2
кістяний,osseous,adjective,C2
лаймовий,lime,adjective,C2
ламкість,fragility,noun,C2
лабрадор,labradorite,noun,C2
лазничка,building,noun,C2
лазурний,blue-colored,adjective,C2
ламантин,manatee,noun,C2
лаоський,of,adjective,C2
ластів'я,swallow,noun,C2
латвійка,latvian,noun,C2
латунний,brass,adjective,C2
лепетуха,chatterbox,noun,C2
лесбійка,homosexual,noun,C2
липкість,tenacity,noun,C2
листянка,follicle,noun,C2
лихварка,usurer,noun,C2
лицьовий,obverse,adjective,C2
лондонка,londoner,noun,C2
логаритм,logarithm,noun,C2
логарифм,logarithm,noun,C2
луковиця,onion,noun,C2
лущитися,slough,verb,C2
лушпайка,shell,noun,C2
люблячий,fond,adjective,C2
любисток,lovage,noun,C2
лікерний,liqueur,adjective,C2
лінивець,sloth,noun,C2
м'якшити,palatalize,verb,C2
малярка,artist,noun,C2
маточник,lemon,noun,C2
мавпиний,simian,adjective,C2
магнезит,magnesite,noun,C2
мадригал,madrigal,noun,C2
мадяризм,hungarianism,noun,C2
мамалиґа,mamaliga,noun,C2
манометр,manometer,noun,C2
маніячка,maniac,noun,C2
маркетрі,marquetry,noun,C2
мармелад,jam,noun,C2
мартишка,guenon,noun,C2
маршалок,marshal,noun,C2
маслянка,traditional,noun,C2
машталір,coach,noun,C2
медовуха,mead,noun,C2
медіація,mediation,noun,C2
мертвець,corpse,noun,C2
метелиця,snowstorm,noun,C2
методизм,methodism,noun,C2
метроном,metronome,noun,C2
метіонін,methionine,noun,C2
механіст,mechanist,noun,C2
мильниця,soap,noun,C2
мобілізм,continental,noun,C2
мовлянин,speaker,noun,C2
молозиво,colostrum,noun,C2
мольберт,easel,noun,C2
молібден,molybdenum,noun,C2
монголка,mongolian,noun,C2
морквиця,carrot,noun,C2
мотокрос,motocross,noun,C2
мохастий,mossy,adjective,C2
мошистий,mossy,adjective,C2
мутність,turbidity,noun,C2
мурахоїд,anteater,noun,C2
мушкетон,blunderbuss,noun,C2
муштарда,mustard,noun,C2
міжріччя,interfluve,noun,C2
мікробус,minibus,noun,C2
мінчанка,minsker,noun,C2
мітичний,mythical,adjective,C2
наморозь,rime,noun,C2
напасть,bane,noun,C2
навислий,impending,adjective,C2
навтилус,nautilus,noun,C2
надання,granting,noun,C2
надкрило,elytron,noun,C2
надмор'я,beach,noun,C2
надушити,to,verb,C2
називний,nominative,adjective,C2
назирати,observe,verb,C2
найгірше,in,adverb,C2
найменше,least,adverb,C2
налисник,pancake,noun,C2
намилити,to,verb,C2
намокати,get,verb,A1
намотати,coil,verb,C2
напахати,to,verb,C2
напівбог,demigod,noun,C2
населити,populate,verb,C2
натуризм,naturism,noun,C2
наутилус,nautilus,noun,C2
нацистка,member,noun,C2
наїзниця,rider,noun,C2
неуцький,ignorant,adjective,C2
небритий,unshaven,adjective,C2
невзутий,barefoot,adjective,C2
невигода,inconvenience,noun,C2
невірний,unfaithful,noun,C2
незнайко,ignoramus,noun,C2
нематода,nematode,noun,C2
немодний,dowdy,adjective,C2
ненажера,gourmand,noun,C2
непрямий,devious,adjective,C2
нептуній,neptunium,noun,C2
нерішуче,tentatively,adverb,C2
несмілий,shy,adjective,C2
неспілий,unripe,adjective,C2
несталий,fickle,adjective,C2
нечуйний,insensitive,adjective,C2
неясний,unclear,adjective,C2
нищитель,destroyer,noun,C2
новеліст,novelist,noun,C2
новомова,newspeak,noun,C2
норвежка,norwegian,noun,C2
носитель,carrier,noun,C2
нігілізм,nihilism,noun,C2
німецька,the,noun,C2
нічліжка,hostel,noun,C2
оббирати,peel,verb,C2
обережно,take,verb,A1
обертати,turn,verb,C2
облесник,flatterer,noun,C2
облишати,give,verb,A1
облягати,beset,verb,C2
обманщик,someone,noun,C2
обмілина,beach,noun,C2
обрядний,ritual,adjective,C2
обтічний,streamlined,adjective,C2
обхопити,fathom,verb,C2
обчищати,peel,verb,C2
обширний,extensive,adjective,C2
обідрати,to,verb,C2
овертайм,overtime,noun,C2
огледіти,examine,verb,C2
оглушати,deafen,verb,C2
оглушити,deafen,verb,C2
оглядіти,examine,verb,C2
оддячити,alternative,verb,C2
одеколон,cologne,noun,C2
однохідь,pace,noun,C2
октильйон,octillion,numeral,C2
оленятко,fawn,noun,C2
оновляти,renew,verb,C2
оп'яніти,get,verb,A1
оповісти,to,verb,C2
ополоник,ladle,noun,C2
ораторія,oratorio,noun,C2
органела,organelle,noun,C2
органоїд,organelle,noun,C2
оркостан,russia,noun,C2
ортоепія,orthoepy,noun,C2
орфоепія,orthoepy,noun,C2
осетрина,sturgeon,noun,C2
оскільки,as,adverb,C2
оснувати,found,verb,C2
особливе,apart,adverb,C2
остигати,cool,verb,C2
остружок,swarf,noun,C2
осяйний,radiant,adjective,C2
отецький,paternal,adjective,C2
отологія,otology,noun,C2
отрутник,poisoner,noun,C2
отруювач,poisoner,noun,C2
офензива,offensive,noun,C2
охмеліти,get,verb,A1
оцвітина,perianth,noun,C2
ошуканка,scammer,noun,C2
пагорбок,hillock,noun,C2
паросток,burgeon,noun,C2
пасічник,beekeeper,noun,C2
падолист,november,noun,C2
паливода,daredevil,noun,C2
панголін,pangolin,noun,C2
пантеїзм,pantheism,noun,C2
пантофля,slipper,noun,C2
папараці,paparazzo,noun,C2
папіроса,cigarette,noun,C2
парабола,parabola,noun,C2
парасоль,parasol,noun,C2
парусина,duck,noun,C2
паршивка,scoundrel,noun,C2
пательня,skillet,noun,C2
патлатий,shaggy,adjective,C2
патронім,patronymic,noun,C2
пацифіст,pacifist,noun,C2
пестити,caress,verb,C2
пегматит,pegmatite,noun,C2
педераст,practitioner,noun,C2
пекінець,beijinger,noun,C2
пеленати,swaddle,verb,C2
пельмені,pelmeni,noun,C2
перев'яз,sash,noun,C2
переверт,somersault,noun,C2
переклик,roll,noun,C2
передова,front,noun,C2
перемови,talk,noun,C2
переїсти,overeat,verb,C2
перистий,feathery,adjective,C2
пернатий,feathery,adjective,C2
перцевий,pepper,adjective,C2
перцівка,horilka,noun,C2
петелька,buttonhole,noun,C2
печериця,champignon,noun,C2
пилосмок,vacuum,noun,C2
писанкар,an,noun,C2
пихливий,arrogant,adjective,C2
пиятика,binge,noun,C2
плавчиня,swimmer,noun,C2
плаксуня,crybaby,noun,C2
плаксуха,crybaby,noun,C2
платниця,payer,noun,C2
плеоназм,pleonasm,noun,C2
плечовий,humeral,adjective,C2
полюсний,polar,adjective,C2
помилка,mistake,noun,C2
поперек,small,noun,A1
постіль,bed,noun,A1
похорони,funeral,noun,C2
повинний,must,adjective,C2
повитиця,dodder,noun,C2
повозити,carry,verb,C2
поганець,scoundrel,noun,C2
погинути,perish,verb,C2
погонець,driver,noun,C2
поженити,marry,verb,C2
позавтра,on,adverb,C2
поземний,horizontal,adjective,C2
позивач,plaintiff,noun,C2
позитрон,positron,noun,C2
позолота,gilt,noun,C2
поколоти,tingle,verb,C2
покоївка,maid,noun,C2
покривка,veil,noun,C2
покуняти,to,verb,C2
поливати,to,verb,C2
полявина,glade,noun,C2
помазати,anoint,verb,C2
помаранч,orange,noun,C2
поражати,defeat,verb,C2
порослий,overgrown,adjective,C2
порошний,dusty,adjective,C2
портвейн,port,noun,C2
поселяти,to,verb,C2
посильна,messenger,noun,C2
постилка,litter,noun,C2
потертий,threadbare,adjective,C2
поточина,brook,noun,C2
потороча,scarecrow,noun,C2
потурати,condone,verb,C2
потягати,pull,verb,C2
поштивий,honorable,adjective,C2
поясняти,explain,verb,C2
правнуча,great-grandchild,noun,C2
пражанка,praguer,noun,C2
предикат,predicate,noun,C2
преріаль,prairial,noun,C2
пригород,suburb,noun,C2
присудок,predicate,noun,C2
привиддя,vision,noun,C2
припадок,fit,noun,C2
прищіпка,clothes,noun,C2
проблиск,gleam,noun,C2
простий,simple,adjective,C2
прозеліт,proselyte,noun,C2
прокльон,imprecation,noun,C2
прометій,promethium,noun,C2
пропелер,screw,noun,C2
проспект,avenue,noun,C2
прохожий,passer-by,noun,C2
прочухан,comeuppance,noun,C2
проєктор,projector,noun,C2
проєкція,projection,noun,C2
пружинка,balance,noun,C2
пряслице,distaff,noun,C2
пуп'янок,burgeon,noun,C2
пугукати,hoot,verb,C2
пупковий,of,adjective,C2
путінізм,putinism,noun,C2
пхикання,whimper,noun,C2
піхвовий,vaginal,adjective,C2
підгорля,breastplate,noun,C2
піддашок,eaves,noun,C2
підкапок,bonnet,noun,C2
підлегла,inferior,noun,C2
підливка,gravy,noun,C2
підперти,prop,verb,C2
підсідка,ambush,noun,C2
підчаший,cupbearer,noun,C2
підшийок,breastplate,noun,C2
піонерка,pioneer,noun,C2
рапсодія,rhapsody,noun,C2
расистка,racist,noun,C2
реквізит,property,noun,C2
ремиґати,ruminate,verb,C2
римлянка,roman,noun,C2
рисувати,draw,verb,C2
родитель,parent,noun,C2
роздерти,tear,verb,C2
роззутий,unshod,adjective,C2
розкутий,licentious,adjective,C2
розпуста,debauchery,noun,C2
розривка,entertainment,noun,C2
росомаха,wolverine,noun,C2
рубіжний,frontier,noun,C2
рукоятка,hilt,noun,C2
рульовий,helm,adjective,C2
руснявий,russian,adjective,C2
ряснота,abundance,noun,C2
садистка,sadist,noun,C2
саксонка,native,noun,C2
самотник,hermit,noun,C2
самоцвіт,jewel,noun,C2
самітник,hermit,noun,C2
сардинка,sardine,noun,C2
сарматка,sarmatian,noun,C2
сатаніст,satanist,noun,C2
свердлик,gimlet,noun,C2
свинство,swinishness,noun,C2
свирілка,svirel,noun,C2
світання,sunrise,noun,C2
селитися,settle,verb,C2
селяниця,villager,noun,C2
сервітут,easement,noun,C2
середник,semicolon,noun,C2
серпанок,mist,noun,C2
сестриця,endearing,noun,C2
сипанець,granary,noun,C2
сизоокий,having,adjective,C2
сисадмін,sysadmin,noun,C2
скатерть,tablecloth,noun,C2
скакнути,to,verb,C2
скарбона,treasury,noun,C2
складина,crease,noun,C2
скловата,glass,noun,C2
скоблити,to,verb,C2
сковзкий,slippery,adjective,C2
скоринка,crust,noun,C2
скотарка,stockbreeder,noun,C2
скрипіти,creak,verb,C2
скумбрія,mackerel,noun,C2
скімлити,whimper,verb,C2
слинявий,drooly,adjective,C2
слимачок,at,noun,C2
словенка,slovene,noun,C2
смаколик,treat,noun,C2
смартфон,smartphone,noun,C2
смужечка,band,noun,C2
смітник,garbage,noun,C2
сніжний,snowy,adjective,C2
сніговик,snowman,noun,C2
сніговій,snowstorm,noun,C2
сніжинка,snowflake,noun,C2
сніжниця,snowstorm,noun,C2
соусниця,gravy,noun,C2
собачина,dog,noun,A1
солецизм,solecism,noun,C2
солончак,solonchak,noun,C2
сольовий,salt,adjective,C2
сонливий,sleepy,adjective,C2
сонцевик,john,noun,C2
соромити,shame,verb,C2
соціопат,sociopath,noun,C2
сочевиця,lentil,noun,C2
сочитися,trickle,verb,C2
сп'яніти,get,verb,A1
спастися,escape,verb,C2
споминка,memory,noun,C2
споминок,memory,noun,C2
спотичка,skirmish,noun,C2
справжнє,present,noun,C2
спружина,spring,noun,C2
спікерка,spokeswoman,noun,C2
співання,singing,noun,C2
спітніти,to,verb,C2
ставрида,jack,noun,C2
стальний,made,adjective,C2
стамеска,chisel,noun,C2
старушка,old,noun,C2
стельмах,wheelwright,noun,C2
стоколос,brome,noun,C2
страшний,scary,adverb,C2
стрекало,goad,noun,C2
стругати,whittle,verb,C2
стрясати,jolt,verb,C2
стукачка,doorknocker,noun,C2
суверток,bundle,noun,C2
сунутися,scoot,verb,C2
супитися,to,verb,C2
султанат,sultanate,noun,C2
суперека,controversy,noun,C2
сухотний,consumptive,adjective,C2
сфінктер,sphincter,noun,C2
сьогунат,shogunate,noun,C2
сякатися,blow,verb,C2
сіборгій,seaborgium,noun,C2
сілезець,silesian,noun,C2
сільниця,salt,noun,C2
сіромаха,pauper,noun,C2
сіроокий,grey-eyed,adjective,C2
тайський,of,adjective,C2
таджичка,tajik,noun,C2
таксівка,taxi,noun,C2
таранька,taran,noun,C2
тарантас,tarantass,noun,C2
тасувати,shuffle,verb,C2
тахометр,tachometer,noun,C2
твітнути,to,verb,C2
телетайп,teletype,noun,C2
темнота,darkness,noun,C2
теодоліт,theodolite,noun,C2
тепломір,thermometer,noun,C2
терабайт,terabyte,noun,C2
термідор,thermidor,noun,C2
тертушка,grater,noun,C2
тетраедр,tetrahedron,noun,C2
технецій,technetium,noun,C2
тинятися,gad,verb,C2
тиранити,tyrannize,verb,C2
тлумачка,interpreter,noun,C2
торбочка,purse,noun,C2
товкачка,potato,noun,C2
тонзиліт,tonsillitis,noun,C2
тотемізм,totemism,noun,C2
точитися,trickle,verb,C2
трасянка,trasyanka,noun,C2
трейдинг,trading,noun,C2
тремпель,coat,noun,C2
тренажер,simulator,noun,C2
тривний,of,adjective,C2
трийцять,thirty,numeral,C2
трикветр,triquetra,noun,C2
триколор,tricolour,noun,C2
трилобіт,trilobite,noun,C2
трильйон,trillion,numeral,C2
тримаран,trimaran,noun,C2
триріччя,triennium,noun,C2
трифорій,triforium,noun,C2
трифтонг,triphthong,noun,C2
троянець,trojan,noun,C2
троїстий,triple,adjective,C2
трудящий,worker,adjective,C2
трястися,jolt,verb,C2
трясіння,an,noun,C2
турухтан,ruff,noun,C2
тім'ячко,fontanelle,noun,C2
усмішка,grin,noun,C2
убогість,shabbiness,noun,C2
убрання,array,noun,C2
угостити,treat,verb,C2
удаваний,apparent,adjective,C2
ударниця,udarnik,noun,C2
удобрити,to,verb,C2
узуфрукт,usufruct,noun,C2
укривати,cover,verb,C2
умишляти,to,verb,C2
уособити,to,verb,C2
урбанізм,urbanism,noun,C2
утаювати,conceal,verb,C2
утікачка,fugitive,noun,C2
утішання,comfort,noun,C2
уїдливий,caustic,adjective,C2
фан-клуб,fan,noun,C2
фарбарка,dyer,noun,C2
фашистка,fascist,noun,C2
фейковий,fake,adjective,C2
фермерка,farmer,noun,C2
фемініст,feminist,noun,C2
фламінго,flamingo,noun,C2
флейтист,flautist,noun,C2
флеровій,flerovium,noun,C2
флореаль,flor,noun,C2
фрейліна,lady-in-waiting,noun,C2
фунгіцид,fungicide,noun,C2
фундація,foundation,noun,C2
хабарник,bribetaker,noun,C2
халабуда,kennel,noun,C2
халцедон,chalcedony,noun,C2
хаотично,higgledy-piggledy,adverb,C2
харчівня,eatery,noun,C2
хасидизм,hasidism,noun,C2
хвилеріз,breakwater,noun,C2
херсонка,khersonite,noun,C2
хихикати,giggle,verb,C2
хлопійко,little,noun,C2
хмарочка,endearing,noun,C2
ховрашок,gopher,noun,C2
хорогва,flag,noun,C2
хорошуля,beauty,noun,C2
христини,baptism,noun,C2
хрищеник,godson,noun,C2
хрусткий,crispy,adjective,C2
хрущовка,khrushchyovka,noun,C2
хтивість,lust,noun,C2
хутровик,furrier,noun,C2
целакант,coelacanth,noun,C2
целулоїд,celluloid,noun,C2
церувати,darn,verb,C2
цилюрник,barber,noun,C2
цьогоніч,tonight,adverb,C2
частість,frequency,noun,C2
чалапати,squelch,verb,C2
частокіл,paling,noun,C2
чекальня,waiting,noun,C2
чекістка,chekist,noun,C2
черничий,monastic,adjective,C2
черствий,stale,adjective,C2
четвірка,describing,numeral,C2
чинність,force,noun,C2
чистість,cleanliness,noun,C2
чималий,large,adjective,C2
членкиня,female,noun,C2
човгання,shuffle,noun,C2
човнярка,female,noun,C2
чортячий,bloody,adjective,C2
чубитися,scuffle,verb,C2
чудисько,monster,noun,C2
чухатися,itch,verb,C2
чудувати,cause,verb,C2
чіпкість,tenacity,noun,C2
шаленіти,dote,verb,C2
шаманізм,shamanism,noun,C2
шарлатан,mountebank,noun,C2
шарудіти,rustle,verb,C2
шахрайка,scammer,noun,C2
шахістка,chess,noun,C2
швендяти,gad,verb,C2
шестірня,gear,noun,C2
шиплячий,sibilant,adjective,C2
шифоньєр,chiffonier,noun,C2
шльопати,squelch,verb,C2
шмаркати,blow,verb,C2
шморгати,snuffle,verb,C2
шорсткий,rough,adjective,C2
шпиндель,spindle,noun,C2
шпурляти,chuck,verb,C2
шрапнель,shrapnel,noun,C2
штрикати,prod,verb,C2
шумливий,noisy,adjective,C2
щонеділі,sundays,adverb,C2
щонічний,nightly,adjective,C2
щоправда,admittedly,adverb,C2
щосереди,wednesdays,adverb,C2
щосуботи,saturdays,adverb,C2
ювелірка,jeweler,noun,C2
юрбитися,throng,verb,C2
яблучний,apple,adjective,C2
ягнятина,lamb,noun,C2
язичниця,pagan,noun,C2
язиковий,lingual,adjective,C2
єврозона,eurozone,noun,C2
єретичка,heretic,noun,C2
ідіолект,idiolect,noun,C2
ізгинути,die,verb,C2
ізоглоса,isogloss,noun,C2
ільменіт,ilmenite,noun,C2
імбирний,ginger,adjective,C2
імплозія,implosion,noun,C2
інвенція,invention,noun,C2
індичина,turkey,noun,C2
інквілін,inquiline,noun,C2
інтернет,internet,noun,C2
ірландка,irish,noun,C2
ісландка,icelander,noun,C2
італійка,italian,noun,C2
ґеймплей,gameplay,noun,C2
ґешефтяр,speculator,noun,C2
ґеґекати,to,verb,C2
Єлисавета,elizabeth,noun,C2
Єллоунайф,yellowknife,noun,C2
Іловайськ,ilovaisk,noun,C2
Інгушетія,ingushetia,noun,C2
Адапазари,adapazar,noun,C2
Аллахабад,allahabad,noun,C2
Андалусія,andalusia,noun,C2
Асунсьйон,asunci,noun,C2
Бабицький,an,noun,C2
Байрактар,bayraktar,noun,C2
Баранівка,baranivka,noun,C2
Бельмопан,belmopan,noun,C2
Березівка,berezivka,noun,C2
Бобринець,bobrynets,noun,C2
Бобровиця,bobrovytsia,noun,C2
Бобруйськ,babruysk,noun,C2
Богоматір,mother,noun,A1
Боніфацій,bonifatius,noun,C2
Бреславль,wroclaw,noun,C2
Бриджтаун,bridgetown,noun,C2
Бургундія,burgundy,noun,C2
Бірмінгем,birmingham,noun,C2
Білопілля,bilopillia,noun,C2
Вахрушеве,vakhrusheve,noun,C2
Вавилонія,babylonia,noun,C2
Василівка,vasylivka,noun,C2
Вашинґтон,washington,noun,C2
Велиґдень,easter,noun,C2
Верховина,verkhovyna,noun,C2
Вовчанськ,vovchansk,noun,C2
Волочиськ,volochysk,noun,C2
Воніфатій,bonifatius,noun,C2
Воєводина,vojvodina,noun,C2
Вікіпедія,wikipedia,noun,C2
Вільгельм,william,noun,C2
Вісконсин,wisconsin,noun,C2
Газіантеп,gaziantep,noun,C2
Генічеськ,henichesk,noun,C2
Голодомор,holodomor,noun,C2
Голубівка,holubivka,noun,C2
Городенка,horodenka,noun,C2
Грайворон,grayvoron,noun,C2
Гібралтар,gibraltar,noun,C2
Джабалпур,jabalpur,noun,C2
Добромиль,dobromyl,noun,C2
Довжанськ,dovzhansk,noun,C2
Додеканес,dodecanese,noun,C2
Долинська,dolynska,noun,C2
Дубоссари,dub,noun,C2
Дубровиця,dubrovytsia,noun,C2
Заводське,zavodske,noun,C2
Зимогір'я,zymohiria,noun,C2
Знам'янка,znamianka,noun,C2
Зореслава,inflection,noun,C2
Калинівка,kalynivka,noun,C2
Караганда,karaganda,noun,C2
Кацапщина,russia,noun,C2
Квінсленд,queensland,noun,C2
Кельменці,kelmentsi,noun,C2
Клеопатра,cleopatra,noun,C2
Копичинці,kopychyntsi,noun,C2
Корюківка,koriukivka,noun,C2
Костопіль,kostopil,noun,C2
Куп'янськ,kupiansk,noun,C2
Курдистан,kurdistan,noun,C2
Кінгстаун,kingstown,noun,C2
Ломбардія,lombardy,noun,C2
Лібревіль,libreville,noun,C2
Марганець,marhanets,noun,C2
Маастрихт,maastricht,noun,C2
Мадярщина,hungary,noun,C2
Мартиніка,martinique,noun,C2
Маріюпіль,mariupol,noun,C2
Межиріччя,name,noun,A1
Межиріччя,mesopotamia,noun,C2
Меланезія,melanesia,noun,C2
Мирноград,myrnohrad,noun,C2
Мостиська,mostyska,noun,C2
Міннесота,minnesota,noun,C2
Міусинськ,miusynsk,noun,C2
Нгерулмуд,ngerulmud,noun,C2
Нормандія,normandy,noun,C2
Нукуалофа,nuku,noun,C2
Островець,astravyets,noun,C2
Пардубиці,pardubice,noun,C2
Паневежис,panev,noun,C2
Панкратій,pancras,noun,C2
Перпіньян,perpignan,noun,C2
Персефона,persephone,noun,C2
Погребище,pohrebyshche,noun,C2
Подгориця,podgorica,noun,C2
Подільськ,podilsk,noun,C2
Покровськ,pokrovsk,noun,C2
Порт-Віла,port,noun,C2
Приморськ,prymorsk,noun,C2
Пустомити,pustomyty,noun,C2
Радомишль,radomyshl,noun,C2
Радивилів,radyvyliv,noun,C2
Родинське,rodynske,noun,C2
Роздільна,rozdilna,noun,C2
Самарканд,samarkand,noun,C2
Святвечір,christmas,noun,C2
Семенівка,semenivka,noun,C2
Страсбург,strasbourg,noun,C2
Таврійськ,tavriisk,noun,C2
Тамілнаду,tamil,noun,C2
Тель-Авів,tel,noun,C2
Тираспіль,tiraspol,noun,C2
Тянь-Шань,tian,noun,C2
Тяньцзінь,tianjin,noun,C2
Українськ,ukrainsk,noun,C2
Улан-Уде,ulan-ude,noun,C2
Франциска,inflection,noun,C2
Хоростків,khorostkiv,noun,C2
Хрестівка,khrestivka,noun,C2
Чебоксари,cheboksary,noun,C2
Чингісхан,genghis,noun,C2
Чистякове,chystiakove,noun,C2
Чорнобиль,chernobyl,noun,C2
Шрі-Ланка,sri,noun,C2
Юґославія,yugoslavia,noun,C2
Ясинувата,yasynuvata,noun,C2
аґрусовий,gooseberry,adjective,C2
аб'юрація,abjuration,noun,C2
абатський,abbatial,adjective,C2
абазинець,abaza,noun,C2
абластика,ablastics,noun,C2
абонентка,female,noun,C2
аброгація,abrogation,noun,C2
абсорбція,absorption,noun,C2
абсолюція,absolution,noun,C2
абсорбент,absorbent,noun,C2
абстинент,abstainer,noun,C2
абсурдизм,absurdism,noun,C2
абіогенез,abiogenesis,noun,C2
авантитул,foretitle,noun,C2
авантюрин,aventurine,noun,C2
австрофіл,austrophile,noun,C2
автаркізм,autarchy,noun,C2
автентика,authenticity,noun,C2
автобусик,diminutive,noun,C2
автовагон,automobile,noun,C2
автовізок,motor,noun,C2
автогараж,garage,noun,C2
автогенез,autogenesis,noun,C2
автомийка,car,noun,A1
автотомія,autotomy,noun,C2
авіабілет,air,noun,C2
авіазасіб,means,noun,C2
авіазагін,squadron,noun,C2
авіаматка,aircraft,noun,C2
авіамотор,plane,noun,C2
авіапошта,airmail,noun,C2
авіаполіт,air,noun,C2
авіатраса,skyway,noun,C2
авіашкола,flying,noun,C2
агресорка,aggressor,noun,C2
агрономка,agronomist,noun,C2
агрохімік,chemist,noun,C2
агрохімія,agrochemistry,noun,C2
адресатка,addressee,noun,C2
акацієвий,acacia,noun,C2
аксолотль,axolotl,noun,C2
альборада,aubade,noun,C2
амперметр,ammeter,noun,C2
анемограф,anemograph,noun,C2
антиномія,antinomy,noun,C2
апендицит,appendicitis,noun,C2
апостроф,apostrophe,noun,C2
аптекарка,pharmacist,noun,C2
асимптота,asymptote,noun,C2
ассирійка,assyrian,noun,C2
ассирієць,assyrian,noun,C2
атрамент,ink,noun,C2
африкаанс,afrikaans,noun,C2
африканка,african,noun,C2
аґрусівка,gooseberry,noun,C2
бабратися,dawdle,verb,C2
багатирка,rich,noun,C2
багатійка,affluent,noun,C2
багриніти,to,verb,C2
багрянець,crimson,noun,C2
байдужний,indifferent,adjective,C2
балістика,ballistics,noun,C2
баркарола,barcarole,noun,C2
бджоляник,apiary,noun,C2
безвірник,atheist,noun,C2
безгрішшя,lack,noun,C2
безладний,desultory,adjective,C2
безчесний,dishonorable,adjective,C2
бейсболка,baseball,noun,C2
белетрист,novelist,noun,C2
бентежити,abash,verb,C2
берегтися,beware,verb,C2
близнючка,twin,noun,C2
блощичник,rathole,noun,C2
блудниця,whore,noun,C2
блювотний,emetic,adjective,C2
болільник,fan,noun,C2
бормашина,drill,noun,C2
борщувати,to,verb,C2
боязливий,cowardly,adjective,C2
братанець,fraternal,noun,C2
братаниця,fraternal,noun,C2
бревіарій,breviary,noun,C2
буркотати,babble,verb,C2
бібліоман,bibliomaniac,noun,C2
білолиций,white-faced,adjective,C2
біонічний,related,adjective,C2
бісексуал,bisexual,noun,C2
в'язкість,viscosity,noun,C2
в'єтнамка,vietnamese,noun,C2
вахтерка,janitor,noun,C2
вагонетка,minecart,noun,C2
ванадиніт,vanadinite,noun,C2
вандем'єр,vend,noun,C2
вараський,varash,adjective,C2
варваризм,barbarism,noun,C2
вартівник,watchman,noun,C2
вболівати,root,verb,C2
ввижатися,appear,verb,C2
вдочеряти,adopt,verb,C2
вельський,welsh,adjective,C2
великість,the,noun,C2
верховода,ringleader,noun,C2
весняний,vernal,adjective,C2
вечірниця,noctule,noun,C2
взуватися,to,verb,C2
виборниця,elector,noun,C2
видужання,recovery,noun,C2
видуманий,fictional,adjective,C2
викривити,distort,verb,C2
вилічення,calculation,noun,C2
висланець,messenger,noun,C2
вислідити,track,verb,C2
виснувати,to,verb,C2
висушений,desiccated,adjective,C2
витискати,emboss,verb,C2
витягтися,stretch,verb,C2
вихвалити,to,verb,C2
вичислити,calculate,verb,C2
вишмагати,to,verb,C2
вибірниця,elector,noun,C2
видавниця,publisher,noun,C2
виднокрай,horizon,noun,C2
виднокруг,horizon,noun,C2
видозміна,modification,noun,C2
винокурня,distillery,noun,C2
випікання,baking,noun,C2
вислизати,elude,verb,C2
виставати,project,verb,C2
вистилати,lay,verb,C2
вкладниця,investor,noun,C2
вмираючий,moribund,adjective,C2
вовняний,woolen,adjective,C2
вохристий,ochre,adjective,C2
вовкулака,werewolf,noun,C2
вогнистий,fiery,adjective,C2
вогньовий,fiery,adjective,C2
вогняний,fiery,adjective,C2
водомороз,halcyon,noun,C2
войовитий,aggressive,adjective,C2
волосатий,hairy,adjective,C2
волосяний,pileous,adjective,C2
воркотати,purr,verb,C2
воркотіти,purr,verb,C2
восьминіг,octopus,noun,C2
впертість,pertinacity,noun,C2
впливання,influence,noun,C2
вроджений,congenital,adjective,C2
входження,ingress,noun,C2
вшиватися,scoot,verb,C2
вільнюска,vilnian,noun,C2
від'ємник,subtrahend,noun,C2
віддирати,to,verb,C2
відеокліп,music,noun,C2
відклеїти,unglue,verb,C2
відлетіти,to,verb,C2
відлюдний,lonely,adjective,C2
відлякати,scare,verb,C2
відомщати,avenge,verb,C2
відригати,belch,verb,C2
відсталий,moribund,adjective,C2
відсівати,winnow,verb,C2
відхідник,anus,noun,C2
відчужити,alienate,verb,C2
віконниця,shutter,noun,C2
вікіголік,wikiholic,noun,C2
вікітекст,wikitext,noun,C2
вільшанка,robin,noun,C2
віншувати,congratulate,verb,C2
гадоліній,gadolinium,noun,C2
газетярка,journalist,noun,C2
галліцизм,gallicism,noun,C2
галябарда,halberd,noun,C2
гартувати,anneal,verb,C2
гауляйтер,gauleiter,noun,C2
геліоскоп,helioscope,noun,C2
геліотроп,bloodstone,noun,C2
гематоген,hematogen,noun,C2
геніталії,genitalia,noun,C2
геґемонія,hegemony,noun,C2
гладкість,smoothness,noun,C2
глаголиця,glagolitic,noun,C2
гладіатор,gladiator,noun,C2
глузувати,flout,verb,C2
говоріння,the,noun,C2
гойдатися,to,verb,C2
голодівка,hunger,noun,C2
голубочка,dove,noun,C2
гомотопія,homotopy,noun,C2
гомофобія,homophobia,noun,C2
гондольєр,gondolier,noun,C2
горбистий,hilly,adjective,C2
горностай,mustela,noun,C2
городянка,townswoman,noun,C2
горіхівка,nutcracker,noun,C2
гостиниця,hotel,noun,C2
гоститися,to,verb,C2
грабельки,rake,noun,C2
граматика,grammar,noun,C2
гробовище,graveyard,noun,C2
грудастий,busty,adjective,C2
грудистий,busty,adjective,C2
грішність,sinfulness,noun,C2
гугнявити,snuffle,verb,C2
гуджараті,gujarati,noun,C2
гусенятко,gosling,noun,C2
гусятниця,punt,noun,C2
гігрометр,hygrometer,noun,C2
гідрувати,hydrogenate,verb,C2
гіпопотам,hippopotamus,noun,C2
гірництво,mining,noun,C2
давальний,dative,adjective,C2
дволітній,biennial,adjective,C2
декоратор,adorner,noun,C2
дереворит,woodcut,noun,C2
держзрада,treason,noun,C2
дефоліант,defoliant,noun,C2
дзвенячий,voiced,adjective,C2
дзенькати,to,verb,C2
дзьобати,peck,verb,C2
дзюбнути,peck,verb,C2
дзюрчалка,hoverfly,noun,C2
дискутант,discussant,noun,C2
диспрозій,dysprosium,noun,C2
дияволеня,imp,noun,C2
дияволиця,she-devil,noun,C2
дніпрянин,male,noun,C2
довгошиїй,long-necked,adjective,C2
доведений,proven,adjective,C2
довірений,trustee,noun,C2
довідник1,reference,noun,C2
додекаедр,dodecahedron,noun,C2
домосідка,homebody,noun,C2
доростати,to,verb,C2
дорікання,rebuke,noun,C2
досяжний,accessible,adjective,C2
дохлятина,carrion,noun,C2
дошкуляти,afflict,verb,C2
дощовитий,rainy,adjective,C2
доісторія,prehistory,noun,C2
драгувати,dredge,verb,C2
дратівний,irritant,adjective,C2
дріботіти,patter,verb,C2
дрімливий,somnolent,adjective,C2
діафрагма,diaphragm,noun,C2
дівоцький,girlish,adjective,C2
діоптрика,dioptrics,noun,C2
евтаназія,euthanasia,noun,C2
езотерика,esoterism,noun,C2
ейтаназія,euthanasia,noun,C2
екзогамія,exogamy,noun,C2
екзосфера,exosphere,noun,C2
ендогамія,endogamy,noun,C2
енергійно,vigorously,adverb,C2
ентомолог,entomologist,noun,C2
ентузіаст,enthusiast,noun,C2
епікантус,epicanthus,noun,C2
еродувати,erode,verb,C2
еякуляція,ejaculation,noun,C2
жадібний,stingy,adjective,C2
жалібний,deplorable,adjective,C2
жабенятко,endearing,noun,C2
жебрачити,beg,verb,C2
жерміналь,germinal,noun,C2
живокіст,comfrey,noun,C2
жимолость,honeysuckle,noun,C2
життьовий,vital,adjective,C2
жовтяниця,jaundice,noun,C2
жонглерка,juggler,noun,C2
журавлина,cranberry,noun,C2
жіноцький,feminine,adjective,C2
з'явисько,appearance,noun,C2
з'явлення,phenomenon,noun,C2
з'єднувач,connector,noun,C2
заглушка,stub,noun,C2
затримка,delay,noun,C2
забезпека,protection,noun,C2
зав'янути,wither,verb,C2
завивання,ululation,noun,C2
завушниця,mumps,noun,C2
загибнути,to,verb,C2
заглушити,squelch,verb,C2
загнітник,whitlow,noun,C2
загрузати,steep,verb,C2
заземлити,connect,verb,C2
заклинати,conjure,verb,C2
закоптити,to,verb,C2
залишити,leave,verb,A1
залісення,afforestation,noun,C2
замовниця,customer,noun,C2
замшитися,mossen,verb,C2
занехаяти,neglect,verb,C2
занімілий,numb,adjective,C2
запилення,fertilization,noun,C2
заплічник,backpack,noun,C2
запущений,overgrown,adjective,C2
запіканка,casserole,noun,C2
засліпити,make,verb,A1
засмаглий,tanned,adjective,C2
засушений,desiccated,adjective,C2
затихнути,silence,verb,C2
затінення,shadow,noun,C2
захисник,guard,noun,C2
защемляти,stick,verb,C2
збудитися,thrill,verb,C2
збіднений,impoverished,adjective,C2
збіжність,coincidence,noun,C2
звалитися,slump,verb,C2
звивистий,devious,adjective,C2
зволожити,dampen,verb,C2
згортання,coagulation,noun,C2
згідність,harmony,noun,C2
здержаний,moderate,adjective,C2
здиратися,climb,verb,C2
здогадка,guess,noun,C2
зернятко,grain,noun,C2
земснаряд,dredge,noun,C2
зернистий,granular,adjective,C2
зимородок,kingfisher,noun,C2
зигзагами,in,adverb,C2
зиґзаґами,in,adverb,C2
злодійка,thief,noun,C2
злягатися,copulate,verb,C2
змазувати,anoint,verb,C2
зморщений,wizened,adjective,C2
змужнілий,mature,adjective,C2
змінливий,fickle,adjective,C2
значність,significance,noun,C2
знахідний,accusative,adjective,C2
зриватися,scoot,verb,C2
зрошувати,irrigate,verb,C2
зубчастий,jagged,adjective,C2
зустрічна,female,noun,C2
зчудувати,cause,verb,C2
зюйд-вест,southwest,noun,C2
зігнутий,curved,adjective,C2
йорданець,jordanian,noun,C2
йотування,iotation,noun,C2
кабельник,ropemaker,noun,C2
канцлерка,chancellor,noun,C2
кавомолка,coffee,noun,C2
кавуновий,watermelon,noun,C2
кавунячий,watermelon,noun,C2
кавуняччя,watermelons,noun,C2
каменолом,stonemason,noun,C2
каменотес,stonemason,noun,C2
каменярня,quarry,noun,C2
канадієць,canadian,noun,C2
канонерка,gunboat,noun,C2
карбонадо,carbonado,noun,C2
карборунд,carborundum,noun,C2
кардувати,to,verb,C2
кармічний,karmic,adjective,C2
картвелка,kartvelian,noun,C2
карцинома,carcinoma,noun,C2
каталонка,catalan,noun,C2
католичка,member,noun,C2
католикос,catholicos,noun,C2
кафетерій,cafeteria,noun,C2
каченятко,duckling,noun,C2
квітчаний,floral,adjective,C2
кейтеринг,catering,noun,C2
кельнерка,waiter,noun,C2
кегельбан,bowling,noun,C2
кенгуреня,kangaroo,noun,C2
китоголов,shoebill,noun,C2
клейкість,tenacity,noun,C2
клястися,swear,verb,C2
клітковий,cellular,adjective,C2
книгозбір,library,noun,C2
корисний,useful,adjective,C2
корчитися,squirm,verb,C2
коваделко,anvil,noun,C2
козенятко,kid,noun,C2
коксувати,to,verb,C2
колежанка,associate,noun,C2
колокація,collocation,noun,C2
колядниця,female,noun,C2
коліжанка,associate,noun,C2
комедіант,comedian,noun,C2
конвекція,convection,noun,C2
кондотьєр,condottiere,noun,C2
конов'язь,hitching,noun,C2
копальник,digger,noun,C2
коровайка,glossy,noun,C2
корчмарка,innkeeper,noun,C2
корівниця,cowgirl,noun,C2
косплеїти,to,verb,C2
костеніти,ossify,verb,C2
костогриз,hawfinch,noun,C2
костуряка,crutch,noun,C2
кочівниця,nomad,noun,C2
кошиківка,basketball,noun,C2
кренитися,careen,verb,C2
кривдниця,female,noun,C2
крицевий,made,adjective,C2
кривитися,make,verb,A1
крижовий,sacral,adjective,C2
кримчанка,crimean,noun,C2
кровосмок,bloodsucker,noun,C2
кролятник,hutch,noun,C2
кронпринц,crown,noun,C2
кругогляд,horizon,noun,C2
кріпосний,serf,adjective,C2
кульгавий,lame,adjective,C2
кульгання,hobble,noun,C2
купування,purchase,noun,C2
кільватер,wake,noun,C2
кімерійка,cimmerian,noun,C2
кімерієць,cimmerian,noun,C2
кістлявий,scrawny,adjective,C2
ластитися,wheedle,verb,C2
ладівниця,cartridge,noun,C2
лангобард,lombard,noun,C2
лапсердак,lapserdak,noun,C2
ласкавець,bupleurum,noun,C2
лебедятко,cygnet,noun,C2
левенятко,lion,noun,C2
лиходійка,malefactor,noun,C2
лоботомія,lobotomy,noun,C2
лоуренсій,lawrencium,noun,C2
любленець,favourite,noun,C2
людський,human,adjective,C2
лікарство,medicine,noun,C2
ліктьовий,ulnar,adjective,C2
літосфера,lithosphere,noun,C2
ліхтарник,lamplighter,noun,C2
м'язовий,muscular,adjective,C2
майтнерій,meitnerium,noun,C2
майнкрафт,the,noun,C2
македонка,macedonian,noun,C2
малороска,little,noun,C2
мальвазія,malvasia,noun,C2
мангостан,mangosteen,noun,C2
мандоліна,mandolin,noun,C2
маньєризм,mannerism,noun,C2
маркітант,sutler,noun,C2
мародерка,marauder,noun,C2
марсіянин,martian,noun,C2
марсіянка,martian,noun,C2
меблювати,furnish,verb,C2
мейнстрим,mainstream,noun,C2
мелатонін,melatonin,noun,C2
метаболіт,metabolite,noun,C2
миленький,pretty,adjective,C2
мильнянка,soapwort,noun,C2
мисливиця,hunter,noun,C2
мишенятко,mousekin,noun,C2
мнемоніка,mnemonic,noun,C2
модерація,moderation,noun,C2
модуляція,inflection,noun,C2
молочниця,milkwoman,noun,C2
молотарка,thresher,noun,C2
молочарня,dairy,noun,C2
монархізм,monarchism,noun,C2
монооксид,monoxide,noun,C2
монофтонг,monophthong,noun,C2
монпансьє,pastille,noun,C2
мормонізм,mormonism,noun,C2
морожений,frozen,adjective,C2
морозилка,freezer,noun,C2
мотлошити,thrash,verb,C2
моховитий,mossy,adjective,C2
муркотати,purr,verb,C2
муркотіти,purr,verb,C2
мурмотіти,mutter,verb,C2
мускатник,nutmeg,noun,C2
мухобійка,flyswatter,noun,C2
місництво,mestnichestvo,noun,C2
мігрантка,migrant,noun,C2
мізантроп,misanthrope,noun,C2
мікрометр,micrometer,noun,C2
міліампер,milliampere,noun,C2
міліціянт,militiaman,noun,C2
містицизм,mysticism,noun,C2
місяцевий,lunar,adjective,C2
мітологія,mythology,noun,C2
наволочка,pillowcase,noun,C2
навушники,headphones,noun,C2
нагрудник,breastplate,noun,C2
надкрилля,elytron,noun,C2
надушений,perfumed,adjective,C2
надурочно,overtime,adverb,C2
назальний,nasal,adjective,C2
назватися,to,verb,C2
назначати,appoint,verb,C2
налиганий,drunk,adjective,C2
наложниця,concubine,noun,C2
наляканий,afraid,adjective,C2
намокнути,get,verb,A1
нападниця,invader,noun,C2
напоумити,admonish,verb,C2
напучання,the,noun,C2
наречений,fianc,adjective,C2
народниця,populist,noun,C2
нароздріб,in,adverb,C2
нарцисизм,narcissism,noun,C2
наслідник,heir,noun,C2
настійний,persistent,adjective,C2
натомість,rather,adverb,C2
науковиця,scientist,noun,C2
нашмагати,to,verb,C2
неабиякий,considerable,adjective,C2
небіжчиця,deceased,noun,C2
невагомий,weightless,adjective,C2
невіруюча,atheist,noun,C2
недалечко,endearing,adverb,C2
недогарок,firebrand,noun,C2
недорогий,inexpensive,adjective,C2
недійовий,invalid,adjective,C2
нежонатий,unmarried,noun,C2
незабудка,forget-me-not,noun,C2
незборний,insurmountable,adjective,C2
незмивний,indelible,adjective,C2
немовбито,allegedly,adverb,C2
неонацизм,neo-nazism,noun,C2
непитущий,nondrinker,noun,C2
неплідний,barren,adjective,C2
непорядок,disorder,noun,C2
несвідоме,unconscious,noun,C2
несквапно,deliberately,adverb,C2
неспання,vigil,noun,C2
нецікавий,insipid,adjective,C2
неґречний,impolite,adjective,C2
новенький,newcomer,adjective,C2
норд-вест,northwest,noun,C2
нудитися,yearn,verb,C2
нуклеотид,nucleotide,noun,C2
ніяковий,awkward,adjective,C2
нігтьовий,ungual,adjective,C2
об'їстися,overeat,verb,C2
обачність,discretion,noun,C2
обгортати,wrap,verb,C2
обжерство,gluttony,noun,C2
обновляти,renew,verb,C2
обожувати,adore,verb,C2
обручення,engagement,noun,C2
обчисляти,calculate,verb,C2
обшпарити,scald,verb,C2
огидливий,disgusting,adjective,C2
одногодка,peer,noun,C2
одногодок,peer,noun,C2
однодумно,unanimously,adverb,C2
однодушно,unanimously,adverb,C2
одноногий,one-legged,adjective,C2
окривдити,offend,verb,C2
окситоцин,oxytocin,noun,C2
олив'яний,leaden,adjective,C2
олов'яний,leaden,adjective,C2
омежувати,limit,verb,C2
оповідач,narrator,noun,C2
опустілий,desolate,adjective,C2
орангутан,orangutan,noun,C2
освідчини,proposal,noun,C2
осереддя,heartland,noun,C2
оскопляти,castrate,verb,C2
остигнути,cool,verb,C2
остракізм,ostracism,noun,C2
осуджений,person,adjective,C2
отруйниця,poisoner,noun,C2
отрутниця,poisoner,noun,C2
отямитися,come,verb,A1
очевидиця,female,noun,C2
очеревина,peritoneum,noun,C2
очунювати,recover,verb,C2
ошуканець,scammer,noun,C2
п'єдестал,plinth,noun,C2
панцерник,ironclad,noun,C2
пасічниця,beekeeper,noun,C2
паліндром,palindrome,noun,C2
панегірик,eulogy,noun,C2
панікерка,scaremonger,noun,C2
паніровка,breadcrumbs,noun,C2
паплюжний,lewd,adjective,C2
партачити,bungle,verb,C2
паршивець,scoundrel,noun,C2
пасакалія,passacaglia,noun,C2
патронташ,cartridge,noun,C2
пауперизм,pauperism,noun,C2
пацюковий,murine,adjective,C2
пестувати,caress,verb,C2
перекуска,snack,noun,C2
передовий,leader,noun,C2
переліска,mercury,noun,C2
перепалка,altercation,noun,C2
перехожий,passing,adjective,C2
перламутр,mother-of-pearl,noun,C2
персіянка,persian,noun,C2
перцепція,perception,noun,C2
пестливий,hypocoristic,adjective,C2
петрогліф,petroglyph,noun,C2
печеричка,champignon,noun,C2
писаночка,pysanka,noun,C2
питальний,interrogative,adjective,C2
плаксивий,maudlin,adjective,C2
плаксійка,crybaby,noun,C2
пластилін,plasticine,noun,C2
плечистий,broad-shouldered,adjective,C2
плотський,fleshly,adjective,C2
плугатар,plowman,noun,C2
плямистий,dappled,adjective,C2
пліткарка,gossip,noun,C2
попільний,ash,adjective,C2
побратися,get,verb,A1
повиснути,flag,verb,C2
поголоска,rumor,noun,C2
подохнути,croak,verb,C2
поділення,separation,noun,C2
позлотити,gild,verb,C2
позіхання,the,noun,C2
позіхнути,yawn,verb,C2
покупниця,buyer,noun,C2
покійниця,deceased,noun,C2
полишити,quit,verb,C2
полисіння,baldness,noun,C2
полонений,prisoner,noun,C2
полоненик,captive,noun,C2
полонянин,captive,noun,C2
полуденок,tea,noun,C2
полісемія,polysemy,noun,C2
поліспаст,block,noun,C2
політеїзм,polytheism,noun,C2
політеїст,polytheist,noun,C2
помщатися,avenge,verb,C2
поперечка,crossbar,noun,C2
попутниця,fellow,noun,C2
попівство,priesthood,noun,C2
порожнина,cavity,adjective,C2
поросятко,piglet,noun,C2
порошинка,mote,noun,C2
портсигар,cigarette,noun,C2
порушниця,female,noun,C2
посвящати,dedicate,verb,C2
поселенка,settler,noun,C2
посивіти,to,verb,C2
постригти,tonsure,verb,C2
постільга,kestrel,noun,C2
потопляти,drown,verb,C2
потурання,connivance,noun,C2
похований,buried,adjective,C2
почорніти,blacken,verb,C2
пошмагати,to,verb,C2
празелень,nipplewort,noun,C2
празеодим,praseodymium,noun,C2
приключка,pretext,noun,C2
прихисток,refuge,noun,C2
причіпка,pretext,noun,C2
прибивати,employ,verb,C2
привабний,attractive,adjective,C2
привідець,ringleader,noun,C2
придворна,courtier,noun,C2
признання,confession,noun,C2
приказати,order,verb,C2
примиряти,to,verb,C2
примочити,dab,verb,C2
припорука,mission,noun,C2
приручати,to,verb,C2
притичина,hurdle,noun,C2
причинний,madman,noun,C2
причиняти,afflict,verb,C2
проливень,downpour,noun,C2
простиня,bedsheet,noun,C2
прогулька,stroll,noun,C2
проктолог,proctologist,noun,C2
проминати,pass,verb,C2
промоклий,drenched,adjective,C2
пророчиця,prophet,noun,C2
просипати,oversleep,verb,C2
просочити,imbue,verb,C2
протікати,seep,verb,C2
проєктант,designer,noun,C2
прясельце,distaff,noun,C2
пуголовок,tadpole,noun,C2
пурпурний,purple,adjective,C2
пустирище,wasteland,noun,C2
пустошити,devastate,verb,C2
підліток,teenager,noun,C2
пінистий,foamy,adjective,C2
півдюжини,half,numeral,C2
підгруддя,breastplate,noun,C2
піддержка,support,noun,C2
підлесник,flatterer,noun,C2
підлещати,flatter,verb,C2
підлизник,flatterer,noun,C2
підлотник,scoundrel,noun,C2
підпирати,prop,verb,C2
підрядник,contractor,noun,C2
підсувати,hitch,verb,C2
підхвістя,crupper,noun,C2
підіймати,heave,verb,C2
пікантний,saucy,adjective,C2
пір'ястий,feathery,adjective,C2
пір'їстий,feathery,adjective,C2
пірникоза,grebe,noun,C2
пірчастий,feathery,adjective,C2
рахування,counting,noun,C2
резервіст,reservist,noun,C2
ремісниця,artisan,noun,C2
рентгеній,roentgenium,noun,C2
реґламент,order,noun,C2
рибалочка,halcyon,noun,C2
розвальні,low,noun,C2
розкаяний,contrite,adjective,C2
розламати,fragment,verb,C2
розлучити,divorce,verb,C2
розносити,waft,verb,C2
розрідити,rarefy,verb,C2
розсівати,to,verb,C2
розтавати,thaw,verb,C2
розтелепа,klutz,noun,C2
розтягати,extend,verb,C2
розчинний,soluble,adjective,C2
розширяти,extend,verb,C2
розщепити,cleave,verb,C2
рок-н-рол,rock,noun,C2
російська,russian,noun,C2
рубіновий,ruby,adjective,C2
русофілка,russophile,noun,C2
рятівниця,savior,noun,C2
ріпчастий,napiform,adjective,C2
рішимість,resolution,noun,C2
садівниця,gardener,noun,C2
саксонець,native,noun,C2
самогубця,suicide,noun,C2
самотина,privacy,noun,C2
сапфірний,sapphire,adjective,C2
саундтрек,soundtrack,noun,C2
сачкувати,bunk,verb,C2
сварливий,cantankerous,adjective,C2
свейський,swedish,adjective,C2
свердлити,bore,verb,C2
свиріпиця,mustard,noun,C2
свистячий,sibilant,adjective,C2
сволоцюга,scoundrel,noun,C2
священник,cleric,noun,C2
світлячок,firefly,noun,C2
секундант,second,noun,C2
селезінка,spleen,noun,C2
серотонін,serotonin,noun,C2
серпентин,serpentine,noun,C2
сестрінка,sororal,noun,C2
синекдоха,synecdoche,noun,C2
синонімія,synonymy,noun,C2
скальпель,scalpel,noun,C2
скаженіти,enrage,verb,C2
сказитися,to,verb,C2
скейтборд,skateboard,noun,C2
скитський,relating,adjective,C2
скликання,convocation,noun,C2
скляночка,glass,noun,C2
сколотини,traditional,noun,C2
скотиняка,livestock,noun,C2
скресання,debacle,noun,C2
скрикнути,exclaim,verb,C2
скрипачка,violinist,noun,C2
скроневий,temporal,adjective,C2
скупитися,begrudge,verb,C2
скімлення,whimper,noun,C2
слинявчик,bib,noun,C2
словникар,lexicographer,noun,C2
служитель,attendant,noun,C2
слізливий,tearful,adjective,C2
смертниця,kamikaze,noun,C2
смородина,currant,noun,C2
сміливий,brave,adjective,C2
смітсоніт,smithsonite,noun,C2
сміттярка,garbage,noun,C2
сміховище,laughing,noun,C2
сніговиця,snowstorm,noun,C2
снігоступ,snowshoe,noun,C2
солодшати,sweeten,verb,C2
сорокопуд,shrike,noun,C2
соцмережа,social,noun,C2
соціолект,sociolect,noun,C2
спартанка,spartan,noun,C2
спасатися,escape,verb,C2
сповивати,swaddle,verb,C2
сповитуха,midwife,noun,C2
сполохати,intimidate,verb,C2
сполучник,conjunction,noun,C2
спортивно,sportily,adverb,C2
спутувати,to,verb,C2
спускання,descent,noun,C2
спустілий,desolate,adjective,C2
співанка,song,noun,C2
спізнення,delay,noun,C2
спільниця,accomplice,noun,C2
старіння,aging,noun,C2
сталагміт,stalagmite,noun,C2
сталактит,stalactite,noun,C2
стальовий,made,adjective,C2
створювач,creator,noun,C2
стерновий,helm,noun,C2
стидитися,be,verb,A1
стоптаний,trite,adjective,C2
стократно,hundredfold,adverb,C2
сторонній,outsider,adjective,C2
сторчовий,right,adjective,C2
страшидло,alternative,noun,C2
стремено,stirrup,noun,C2
стриманий,discreet,adjective,C2
струбцина,clamp,noun,C2
студенець,aspic,noun,C2
стулитися,to,verb,C2
стільниця,tabletop,noun,C2
сумчастий,of,adjective,C2
сумування,summarisation,noun,C2
суперсила,superpower,noun,C2
сухенький,dry,adjective,C2
сушильний,drying,adjective,C2
схиблений,obsessed,adjective,C2
сходження,descent,noun,C2
сходитися,converge,verb,C2
схрещення,crossing,noun,C2
сякнутися,blow,verb,C2
сільничка,salt,noun,C2
талліннка,tallinner,noun,C2
табуювати,mark,verb,C2
таксистка,taxi,noun,C2
таксометр,taximeter,noun,C2
таратайка,jalopy,noun,C2
тасування,shuffle,noun,C2
таїландка,person,noun,C2
творитель,creator,noun,C2
тектоніка,tectonics,noun,C2
телевізія,television,noun,C2
телепатія,telepathy,noun,C2
тематично,thematically,adverb,C2
теократія,theocracy,noun,C2
терзатися,anguish,verb,C2
термітник,termitarium,noun,C2
тестамент,testament,noun,C2
тетрархія,tetrarchy,noun,C2
торфовище,peatbog,noun,C2
трав'янка,stonechat,noun,C2
трепетний,tremulous,adjective,C2
тремтячий,tremulous,adjective,C2
тривожний,alarming,noun,C2
триглавий,three-headed,adjective,C2
тризубець,trident,noun,C2
трилітній,triennial,adjective,C2
триножити,to,verb,C2
тромбоцит,platelet,noun,C2
трускавка,strawberry,noun,C2
трубкозуб,aardvark,noun,C2
труситися,tremble,verb,C2
тріскачка,treshchotka,noun,C2
тупенький,thick,adjective,C2
тупотіння,patter,noun,C2
туркменка,person,noun,C2
тюбетейка,tyubeteika,noun,C2
тінейджер,teenager,noun,C2
убиральня,place,noun,C2
уважливий,attentive,adjective,C2
угадувати,guess,verb,C2
удочеряти,adopt,verb,C2
улещувати,flatter,verb,C2
улюбленик,favourite,noun,C2
умішатися,interfere,verb,C2
упанішади,the,noun,C2
упокоєння,departure,noun,C2
уродливий,handsome,adjective,C2
уругвайка,uruguayan,noun,C2
уругваєць,uruguayan,noun,C2
урядовець,government,adjective,C2
усезнання,omniscience,noun,C2
устигнути,make,verb,A1
утриманка,dependent,noun,C2
утримання,retention,noun,C2
утруднити,to,verb,C2
утілювати,embody,verb,C2
учинитися,happen,verb,C2
фабіанець,fabianist,noun,C2
фальшборт,bulwark,noun,C2
фанатичка,zealot,noun,C2
флотський,belonging,adjective,C2
флогістон,phlogiston,noun,C2
фонологія,phonology,noun,C2
французка,frenchwoman,noun,C2
фудульний,haughty,adjective,C2
філателія,philately,noun,C2
філуменія,phillumeny,noun,C2
філігрань,filigree,noun,C2
фінікійка,phoenician,noun,C2
фінікієць,phoenician,noun,C2
хабарниця,bribetaker,noun,C2
халтурити,bungle,verb,C2
хаотичний,desultory,adjective,C2
харчувати,feed,verb,C2
хвостатий,tailed,adjective,C2
хвостовик,tang,noun,C2
хепі-енд,happy,noun,C2
хлоп'ячий,puerile,adjective,C2
хлороформ,chloroform,noun,C2
хлорувати,chlorinate,verb,C2
хлюпатися,splash,verb,C2
хмуритися,to,verb,C2
хрещення,baptism,noun,C2
хрищениця,goddaughter,noun,C2
хронометр,chronometer,noun,C2
хронічний,chronic,adjective,C2
хуйлостан,russia,noun,C2
цеглистий,brick,adjective,C2
цегловий,brick,adjective,C2
цеглястий,brick,adjective,C2
цирульник,barber,noun,C2
чемерник,hellebore,noun,C2
червонити,redden,verb,C2
череватий,pregnant,adjective,C2
четвертак,quarter,noun,C2
чехізація,czechization,noun,C2
чоботарка,shoemaker,noun,C2
чолобитна,kowtowing,noun,C2
чолобиття,kowtowing,noun,C2
чорничник,bilberried,noun,C2
чорнобиль,mugwort,noun,C2
чужоземка,foreigner,noun,C2
чупакабра,chupacabras,noun,C2
чіплятися,molest,verb,C2
шакалячий,jackal,adjective,C2
шаленство,frenzy,noun,C2
шарудіння,rustle,noun,C2
швабський,swabish,adjective,C2
швейцарка,swiss,noun,C2
шелестіти,rustle,verb,C2
шерстяний,woolen,adjective,C2
шизофазія,schizophasia,noun,C2
шифрувати,cryptography,verb,C2
шлюпбалка,davit,noun,C2
шмаркнути,blow,verb,C2
шмаркачка,snotnose,noun,C2
шовкопряд,silkworm,noun,C2
шпигувати,to,verb,C2
штуковина,gadget,noun,C2
щедротний,generous,adjective,C2
щиколотка,ankle,noun,C2
юрмитися,throng,verb,C2
язичество,heathendom,noun,C2
єменський,of,adjective,C2
євангелія,gospel,noun,C2
єретичний,heretical,adjective,C2
івуарієць,ivorian,noun,C2
ідеограма,ideogram,noun,C2
імбировий,ginger,adjective,C2
інвалідка,cripple,noun,C2
інженерка,person,noun,C2
іноходець,ambler,noun,C2
інтроверт,introvert,noun,C2
інфосфера,infosphere,noun,C2
ісландець,icelander,noun,C2
іхтіозавр,ichthyosaur,noun,C2
ічкерієць,male,noun,C2
ієромонах,hieromonk,noun,C2
ґавенятко,endearing,noun,C2
ґвинтівка,alternative,noun,C2
ґендерний,alternative,noun,C2
ґенерація,generation,noun,C2
ґляґанець,curd,noun,C2
ґречність,politeness,noun,C2
ґуральник,distiller,noun,C2
Євромайдан,euromaidan,noun,C2
Аустерліц,austerlitz,noun,C2
Альбукерке,albuquerque,noun,C2
Андрушівка,andrushivka,noun,C2
Апостолове,apostolove,noun,C2
Арістотель,aristotle,noun,C2
Ахалкалакі,akhalkalaki,noun,C2
Базиліката,basilicata,noun,C2
Барановичі,baranavichy,noun,C2
Барвінкове,barvinkove,noun,C2
Берлусконі,berlusconi,noun,C2
Болгарщина,bulgaria,noun,C2
Браззавіль,brazzaville,noun,C2
Бургенланд,burgenland,noun,C2
Білогірськ,bilohirsk,noun,C2
Біробіджан,birobidzhan,noun,C2
Вашингтон,washington,noun,C2
Веллінгтон,wellington,noun,C2
Верхівцеве,verkhivtseve,noun,C2
Виноградів,vynohradiv,noun,C2
Володимира,city,noun,A1
Вільнянськ,vilniansk,noun,C2
Добропілля,dobropillia,noun,C2
Домодєдово,domodedovo,noun,C2
Дубровник,dubrovnik,noun,C2
Ель-Кувейт,kuwait,noun,C2
Зеленський,zelenskyy,noun,C2
Кам'янське,kamianske,noun,C2
Кентербері,canterbury,noun,C2
Колчестер,colchester,noun,C2
Коростишів,korostyshiv,noun,C2
Красноград,krasnohrad,noun,C2
Лотарингія,lorraine,noun,C2
Ліверпуль,liverpool,noun,C2
Манчестер,manchester,noun,C2
Мелітопіль,melitopol,noun,C2
Миколаївка,mykolaivka,noun,C2
Молочанськ,molochansk,noun,C2
Монтевідео,montevideo,noun,C2
Московщина,muscovy,noun,C2
Мікронезія,micronesia,noun,C2
Новоселиця,novoselytsia,noun,C2
Нью-Джерсі,new,noun,A1
Па-де-Кале,strait,noun,C2
Перещепине,pereschepyne,noun,C2
Петровське,petrovske,noun,C2
Підгородне,pidhorodne,noun,C2
Піднебесна,celestial,noun,C2
Род-Айленд,rhode,noun,C2
Сан-Марино,san-marino,noun,C2
Сент-Джонс,st,noun,C2
Сент-Люсія,saint,noun,C2
Снігурівка,snihurivka,noun,C2
Сребрениця,srebrenica,noun,C2
Ставрополь,stavropol,noun,C2
Стоунхендж,stonehenge,noun,C2
Танганьїка,tanganyika,noun,C2
Тернопілля,ternopil,noun,C2
Терпсіхора,terpsichore,noun,C2
Ульяновськ,ulyanovsk,noun,C2
Уссурійськ,ussuriysk,noun,C2
Хабаровськ,khabarovsk,noun,C2
Цинциннаті,cincinnati,noun,C2
Ченстохова,cz,noun,C2
Шварцвальд,black,noun,C2
Шевченкове,shevchenkove,noun,C2
Шехерезада,scheherazade,noun,C2
абеткувати,alphabetize,verb,C2
абонування,subscription,noun,C2
аборигенка,aborigine,noun,C2
абревіація,abbreviation,noun,C2
абсолютист,absolutist,noun,C2
аванкамера,antechamber,noun,C2
австралоїд,australoid,noun,C2
австріячка,austrian,noun,C2
автоаматор,motorist,noun,C2
автогальмо,airbrake,noun,C2
автодидакт,autodidact,noun,C2
автосервіс,garage,noun,C2
авіадесант,airborne,noun,C2
авіаколедж,air,noun,C2
авіамодель,model,noun,C2
агітаторка,agitator,noun,C2
аджарський,adjaran,adjective,C2
адресантка,sender,noun,C2
аеровокзал,terminal,noun,C2
аероскопія,aeroscopy,noun,C2
акарологія,acarology,noun,C2
акробатика,acrobatics,noun,C2
аксельбант,aiglet,noun,C2
актинометр,actinometer,noun,C2
акціонерка,shareholder,noun,C2
амазонянка,amazon,noun,C2
анальфабет,ignoramus,noun,C2
анархістка,anarchist,noun,C2
англійська,the,noun,C2
англізація,anglicization,noun,C2
андрогінія,androgyny,noun,C2
анкетувати,to,verb,C2
анкілозавр,ankylosaurus,noun,C2
антистатик,antistatic,noun,C2
антропонім,anthroponym,noun,C2
анізокорія,anisocoria,noun,C2
апологетка,apologist,noun,C2
аргентинка,argentine,noun,C2
арештантка,prisoner,noun,C2
аритметика,arithmetic,noun,C2
арккосинус,arccosine,noun,C2
арктангенс,arctangent,noun,C2
арондісман,arrondissement,noun,C2
асигнувати,appropriate,verb,C2
ассиріянин,assyrian,noun,C2
ассиріянка,assyrian,noun,C2
атрофувати,atrophy,verb,C2
аутсорсинг,outsourcing,noun,C2
афродизіак,aphrodisiac,noun,C2
ацтекський,aztec,adjective,C2
бактерицид,bactericide,noun,C2
балакливий,talkative,adjective,C2
барабанити,pelt,verb,C2
бараболька,potato,noun,C2
барбітурат,barbiturate,noun,C2
барселонка,barcelonian,noun,C2
бері-бері,beriberi,noun,C2
безбожниця,atheist,noun,C2
безволосий,hairless,adjective,C2
безвільний,spineless,adjective,C2
безвірниця,atheist,noun,C2
беззвучний,voiceless,adjective,C2
безкозирка,beskozyrka,noun,C2
безкраїсть,infiniteness,noun,C2
безосібний,anonymous,adjective,C2
безрукавка,waistcoat,noun,C2
безслівний,non-verbal,adjective,C2
безслідний,traceless,adjective,C2
безстидний,shameless,adjective,C2
безстидник,synonym,noun,C2
безумність,madness,noun,C2
береговина,riverside,noun,C2
блискотіти,glitter,verb,C2
блогосфера,blogosphere,noun,C2
блокбастер,blockbuster,noun,C2
блювотиння,vomit,noun,C2
богемський,bohemian,adjective,C2
богослів'я,theology,noun,C2
божевілець,madman,noun,C2
божествити,adore,verb,C2
болонський,bolognese,adjective,C2
болільниця,fan,noun,C2
боронувати,drag,verb,C2
босняцький,bosnian,adjective,C2
брандмауер,firewall,noun,C2
бранзолета,bracelet,noun,C2
брюсселець,brusselian,noun,C2
брюсселька,brusselian,noun,C2
будь-який,any,adjective,C2
буколічний,bucolic,adjective,C2
буревісник,shearwater,noun,C2
бучанський,bucha,adjective,C2
бюрократка,bureaucrat,noun,C2
біженський,refugee,adjective,C2
біснуватий,lunatic,noun,C2
бітломанія,beatlemania,noun,C2
бішкецький,bishkeker,adjective,C2
в'язальник,binder,noun,C2
вареннячко,jam,noun,C2
ведмедячий,ursine,adjective,C2
величність,majesty,pronoun,C2
венеціанка,venetian,noun,C2
вередливий,fastidious,adjective,C2
вередувати,to,verb,C2
вижлоктати,alternative,verb,C2
вижницький,vyzhnytsia,adjective,C2
вимишлений,fictional,adjective,C2
вимолотити,thresh,verb,C2
випарувати,evaporate,verb,C2
виразитися,to,verb,C2
виснажений,exhausted,adjective,C2
вистругати,whittle,verb,C2
вибачливий,lenient,adjective,C2
видаватися,appear,verb,C2
видужувати,recover,verb,C2
визнавання,recognition,noun,C2
викликання,summons,noun,C2
викрадачка,abductor,noun,C2
викривляти,garble,verb,C2
вилічувати,calculate,verb,C2
вимовляння,pronunciation,noun,C2
виночерпій,cupbearer,noun,C2
випинатися,stick,verb,C2
виробляння,manufacturing,noun,C2
витикатися,protrude,verb,C2
витягатися,stretch,verb,C2
вичитувати,trounce,verb,C2
вишиванка,vyshyvanka,noun,C2
вклонятися,kowtow,verb,C2
вкриватися,drape,verb,C2
водобоязнь,hydrophobia,noun,C2
волонтерка,volunteer,noun,C2
волосяниця,cilice,noun,C2
волочитися,shamble,verb,C2
волошковий,cornflower,adjective,C2
ворочатися,return,verb,C2
ворушитися,stir,verb,C2
воріженько,enemy,noun,C2
впевнятися,make,verb,A1
вподобайка,like,noun,C2
вразливий,susceptible,adjective,C2
вродливець,beauty,noun,C2
вродливиця,beauty,noun,C2
всмоктувач,vortex,noun,C2
вівтарний,altar,adjective,C2
вільнюсець,vilnian,noun,C2
відбілювач,bleach,noun,C2
відв'язати,untie,verb,C2
відмовниця,conscientious,noun,C2
відомстити,avenge,verb,C2
відригнути,belch,verb,C2
відстрочка,reprieve,noun,C2
відімстити,avenge,verb,C2
вікіпедист,wikipedian,noun,C2
вікіпроєкт,wikiproject,noun,C2
вільготний,privileged,adjective,C2
вірненький,faithful,adjective,C2
вітрильник,sailboat,noun,C2
газардовий,related,adjective,C2
газлайтинг,gaslighting,noun,C2
галамагати,babble,verb,C2
галасувати,bawl,verb,C2
гарбузовий,pumpkin,noun,C2
гачкуватий,unciform,adjective,C2
гемблювати,to,verb,C2
глузування,derision,noun,C2
гностицизм,gnosticism,noun,C2
голосність,volume,noun,C2
говірливий,talkative,adjective,C2
годинникар,clockmaker,noun,C2
головатиця,huchen,noun,C2
голосуючий,voter,noun,C2
голубоокий,blue-eyed,adjective,C2
гомофобний,homophobic,noun,C2
гордуватий,haughty,adjective,C2
готовитися,prepare,verb,C2
гравіювати,etch,verb,C2
грейпфрут,grapefruit,noun,C2
гуманістка,female,noun,C2
гумористка,humorist,noun,C2
гуміарабік,gum,noun,C2
гібернація,hibernation,noun,C2
гідравліка,hydraulics,noun,C2
гідросфера,hydrosphere,noun,C2
гідрофобія,hydrophobia,noun,C2
гіндустані,hindustani,noun,C2
гіпокапнія,hypocapnia,noun,C2
гіпотенуза,hypotenuse,noun,C2
гіпотермія,hypothermia,noun,C2
гірокомпас,gyrocompass,noun,C2
гітаристка,guitarist,noun,C2
дальтонізм,color,noun,C2
даремність,futility,noun,C2
двоголовий,two-headed,adjective,C2
двоярусний,two-tier,adjective,C2
декадентка,decadent,noun,C2
деокупація,deoccupation,noun,C2
дзвінкість,sonority,noun,C2
дзенькання,clash,noun,C2
дзеркальце,mirror,noun,C2
дзьобнути,peck,verb,C2
дзюркотати,purl,verb,C2
дзюркотіти,purl,verb,C2
диз'юнкція,disjunction,noun,C2
дилетантка,dilettante,noun,C2
дипломатка,diplomat,noun,C2
диск-жокей,disc,noun,C2
дисфункція,dysfunction,noun,C2
довгоногий,long-legged,adjective,C2
довгоносик,weevil,noun,C2
довгоніжка,cranefly,noun,C2
довідатися,find,verb,A1
догадатися,guess,verb,C2
дозволяння,permission,noun,C2
докучливий,annoying,adjective,C2
доноситися,waft,verb,C2
доповідач,rapporteur,noun,C2
дріботіння,patter,noun,C2
дріжджовий,yeast,adjective,C2
дубенський,dubno,adjective,C2
духмяність,perfume,noun,C2
діапозитив,slide,noun,C2
дієвідміна,conjugation,noun,C2
ебонітовий,ebonite,noun,C2
ейнштейній,einsteinium,noun,C2
еквалайзер,equalizer,noun,C2
ектоплазма,ectoplasm,noun,C2
еліптичний,elliptic,adjective,C2
епіфеномен,epiphenomenon,noun,C2
еякулювати,ejaculate,verb,C2
жайворонок,lark,noun,C2
жартівниця,joker,noun,C2
жахливість,monstrosity,noun,C2
жидівський,jewish,adjective,C2
заголовок,heading,noun,C2
забастовка,strike,noun,C2
заболотити,to,verb,C2
завішувати,drape,verb,C2
загарбниця,invader,noun,C2
загубитися,get,verb,A1
задержання,apprehension,noun,C2
задирливий,contentious,adjective,C2
зазначити,to,verb,C2
зазублений,jagged,adjective,C2
зайченятко,leveret,noun,C2
закріпляти,secure,verb,C2
закінчити,finish,verb,C2
замазувати,besmirch,verb,C2
замерзнути,freeze,verb,C2
замочувати,steep,verb,C2
заперечний,negational,adjective,C2
запліднити,impregnate,verb,C2
заповісти,give,verb,A1
запрошений,invitee,noun,C2
заражатися,catch,verb,C2
зарядитися,charge,verb,C2
засліпляти,make,verb,A1
застосунок,application,noun,C2
застрашити,frighten,verb,C2
засуджений,person,adjective,C2
засудження,censure,noun,C2
засушувати,desiccate,verb,C2
затинатися,stammer,verb,C2
затриманий,detainee,noun,C2
захисниця,defender,noun,C2
захопитися,enthuse,verb,C2
зацерувати,darn,verb,C2
зацитувати,quote,verb,C2
зачеплення,engagement,noun,C2
заїжджений,trite,adjective,C2
збентежити,abash,verb,C2
зблудитися,get,verb,A1
зволожувач,moisturising,noun,C2
зворушення,shock,noun,C2
звурдитися,curdle,verb,C2
згорнутися,coagulate,verb,C2
згортатися,coagulate,verb,C2
згірдливий,haughty,adjective,C2
здійснимий,feasible,adjective,C2
зеленоокий,green-eyed,adjective,C2
землерийка,shrew,noun,C2
земноводне,amphibian,noun,C2
зичливість,benevolence,noun,C2
зловредний,cursed,adjective,C2
зловтішний,malevolent,adjective,C2
зменшуване,minuend,noun,C2
змореність,fatigue,noun,C2
змовлятися,connive,verb,C2
змушування,duress,noun,C2
зневірений,despondent,adjective,C2
знеможений,fatigued,adjective,C2
знесилений,effete,adjective,C2
зношеність,shabbiness,noun,C2
золотистий,gilt,adjective,C2
зооморфізм,zoomorphism,noun,C2
зросійщити,russify,verb,C2
зрівнювати,equalize,verb,C2
зустрічний,passer-by,noun,C2
зухвальний,insolent,adjective,C2
зюйдвестка,southwester,noun,C2
зґляґатися,curdle,verb,C2
кадильниця,censer,noun,C2
кадирівець,kadyrovite,noun,C2
казальниця,pulpit,noun,C2
кальвінізм,calvinism,noun,C2
камердинер,butler,noun,C2
камчадалка,kamchadal,noun,C2
капустянка,mole,noun,C2
каракатиця,cuttlefish,noun,C2
каталепсія,catalepsy,noun,C2
каузальний,causal,adjective,C2
каустичний,caustic,adjective,C2
кацапський,russian,adjective,C2
качкодзьоб,platypus,noun,C2
кашубський,of,adjective,C2
квартирант,tenant,noun,C2
квінтильйон,quintillion,numeral,C2
квітколоже,receptacle,noun,C2
кладовище,graveyard,noun,C2
кларнетист,clarinetist,noun,C2
клітковина,the,noun,C2
косовський,kosovar,noun,C2
косівський,kosiv,adjective,C2
коштувати,cost,verb,C2
ковзанярка,skater,noun,C2
коксування,coking,noun,C2
колаборант,collaborator,noun,C2
колесувати,break,verb,C2
комплекція,constitution,noun,C2
комівояжер,travelling,noun,C2
комірковий,cellular,adjective,C2
коноплярка,linnet,noun,C2
консалтинг,consulting,noun,C2
консорціум,consortium,noun,C2
контентний,content,adjective,C2
конурбація,conurbation,noun,C2
коперницій,copernicium,noun,C2
кореневище,rhizome,noun,C2
коренеплід,root,noun,C2
коробейник,peddler,noun,C2
космогонія,cosmogony,noun,C2
космополіт,cosmopolite,noun,C2
кофеїновий,caffeine,adjective,C2
красильник,dyer,noun,C2
крем-брюле,cr,noun,C2
кровопивця,leech,noun,C2
кухарський,culinary,adjective,C2
кулеметник,machine-gunner,noun,C2
кунілінгус,cunnilingus,noun,C2
кхмерський,of,adjective,C2
кілометраж,mileage,noun,C2
лепрозорій,leper,noun,C2
лицарство,chivalry,noun,C2
лиховісний,baleful,adjective,C2
лозівський,lozova,adjective,C2
луна-парк,amusement,noun,C2
льодовитий,ice-cold,adjective,C2
людоїдство,cannibalism,noun,C2
лінгвістка,one,noun,A1
лісопильня,sawmill,noun,C2
літерально,literally,adverb,C2
літографія,lithography,noun,C2
м'якотілий,spineless,adjective,C2
м'ясоїдний,carnivorous,adjective,C2
мавпенятко,endearing,noun,C2
макаронник,wop,noun,C2
малайзійка,malaysian,noun,C2
малайзієць,malaysian,noun,C2
мандрагора,mandrake,noun,C2
маніжитися,to,verb,C2
маніритися,to,verb,C2
маргаритка,daisy,noun,C2
масажувати,to,verb,C2
маслоробня,dairy,noun,C2
медитувати,meditate,verb,C2
меланхолія,melancholy,noun,C2
мелодичний,musical,adjective,C2
менделевій,mendelevium,noun,C2
менделєвій,mendelevium,noun,C2
мерзотниця,scoundrel,noun,C2
металічний,metallic,adjective,C2
метрополіс,metropolis,noun,C2
метушитися,fluster,verb,C2
метушливий,hectic,adjective,C2
милосердий,merciful,adjective,C2
мироточець,myroblyte,noun,C2
мокротиння,phlegm,noun,C2
молдованка,moldovan,noun,C2
мондіалізм,globalism,noun,C2
монопсонія,monopsony,noun,C2
моравський,moravian,adjective,C2
моржування,ice,noun,C2
морквяний,carrot,adjective,C2
морфологія,morphology,noun,C2
мускульний,muscular,adjective,C2
музикантка,female,noun,C2
мінусовий,sub-zero,adjective,C2
мікенський,mycenaean,adjective,C2
міндобриво,fertilizer,noun,C2
мінімаліст,minimalist,noun,C2
місіонерка,missionary,noun,C2
мітотичний,mitotic,adjective,C2
навідувати,haunt,verb,C2
нагинатися,stoop,verb,C2
наглядання,observation,noun,C2
назнарошки,deliberately,adverb,C2
назнарошне,deliberately,adverb,C2
намацувати,fumble,verb,C2
напахувати,to,verb,C2
напахчений,perfumed,adjective,C2
наречений,in-law,adjective,C2
нарисувати,draw,verb,C2
наркодилер,drug,noun,C2
наркоманка,drug,noun,C2
народовець,populist,noun,C2
наслідниця,heir,noun,C2
насміхання,derision,noun,C2
наставляти,admonish,verb,C2
насуплений,sulky,adjective,C2
нахилитися,stoop,verb,C2
нацгвардія,national,noun,C2
невидимий,invisible,adjective,C2
невивідний,indelible,adjective,C2
невпевнено,tentatively,adverb,C2
невільниця,slave,noun,C2
невірність,infidelity,noun,C2
невіруючий,atheist,noun,C2
негренятко,black,noun,C2
негритянка,black,noun,C2
недокрів'я,anemia,noun,C2
недоладний,desultory,adjective,C2
недолюдина,untermensch,noun,C2
недомагати,be,verb,A1
нез'ясовно,inexplicably,adverb,C2
незаміжня,unmarried,adjective,C2
нейрогенез,neurogenesis,noun,C2
немовлятко,baby,noun,C2
неподібний,dissimilar,adjective,C2
непоказний,unprepossessing,adjective,C2
непорочний,impeccable,adjective,C2
непохибний,infallible,adjective,C2
непростий,no,adjective,A1
несовісний,conscienceless,adjective,C2
несправний,faulty,adjective,C2
нестримний,indomitable,adjective,C2
нетерпляче,impatiently,adverb,C2
неточність,inaccuracy,noun,C2
нечемність,rudeness,noun,C2
нечесність,dishonesty,noun,C2
нищителька,destroyer,noun,C2
новелістка,novelist,noun,C2
нудьгуючий,suffering,adjective,C2
нісенітний,preposterous,adjective,C2
об'явлення,apparition,noun,C2
об'їдатися,overeat,verb,C2
облесливий,glib,adjective,C2
облещувати,flatter,verb,C2
облягаючий,snug,adjective,C2
обманливий,misleading,adjective,C2
обмотувати,to,verb,C2
обігравати,to,verb,C2
оголеність,nakedness,noun,C2
одноденний,ephemeral,adjective,C2
однодушний,unanimous,adjective,C2
одружувати,marry,verb,C2
одягнутися,dress,verb,C2
оздоблювач,adorner,noun,C2
окривджати,offend,verb,C2
округлення,the,noun,C2
окружність,circle,noun,C2
оксиморон,oxymoron,noun,C2
онлайновий,online,adjective,C2
оправдання,apology,noun,C2
опріснення,desalination,noun,C2
органайзер,organizer,noun,C2
орієнтовно,tentatively,adverb,C2
освітлення,illumination,noun,C2
освіжаючий,refreshing,adjective,C2
осклянілий,glassy,adjective,C2
основувати,found,verb,C2
оспорювати,impugn,verb,C2
остеогенез,osteogenesis,noun,C2
осцилограф,oscilloscope,noun,C2
отаманенко,son,noun,C2
отруювачка,poisoner,noun,C2
офіціально,officially,adverb,C2
очікуваний,expected,adjective,C2
ошуканство,trickery,noun,C2
п'яненький,tipsy,adjective,C2
п'ятисотий,five,adjective,C2
пагористий,hilly,adjective,C2
павукастий,spiderlike,adjective,C2
палестинка,inhabitant,noun,C2
пальцьовий,digital,adjective,C2
палітурник,bookbinder,noun,C2
пампушечка,dumpling,noun,C2
панарабізм,pan-arabism,noun,C2
панпсихізм,panpsychism,noun,C2
пансексуал,pansexual,noun,C2
панірувати,to,verb,C2
папамобіль,popemobile,noun,C2
параболоїд,paraboloid,noun,C2
патристика,patristics,noun,C2
пацифістка,pacifist,noun,C2
персиковий,peach,adjective,C2
пережиток,survival,noun,C2
переборний,alternative,adjective,C2
переглядач,viewer,noun,C2
перегорода,hurdle,noun,C2
передодень,eve,noun,C2
перекличка,roll,noun,C2
перерослий,overgrown,adjective,C2
песимістка,female,noun,C2
писанковий,relating,adjective,C2
планетолог,planetary,noun,C2
плентатися,scuffle,verb,C2
плішивість,baldness,noun,C2
побоювання,qualm,noun,C2
повновидий,chubby,adjective,C2
повноводий,synonym,adjective,C2
повнощокий,chubby,adjective,C2
поглинути,absorb,verb,C2
поглинання,takeover,noun,C2
подовжувач,extension,noun,C2
поженитися,get,verb,A1
позивачка,plaintiff,noun,C2
позначення,denomination,noun,C2
позначити,to,verb,C2
позолотити,gild,verb,C2
показність,showiness,noun,C2
поколювати,tingle,verb,C2
покривдити,offend,verb,C2
полохатися,feel,verb,A1
полуничний,strawberry,adjective,C2
полуничник,parcel,noun,C2
полюбовник,paramour,noun,C2
полігамний,polygamous,adjective,C2
поліетилен,polyethylene,noun,C2
полірувати,burnish,verb,C2
попередньо,tentatively,adverb,C2
порнозірка,porn,noun,C2
португалка,portuguese,noun,C2
посвідчити,certify,verb,C2
посивілий,grizzled,adjective,C2
посуватися,scoot,verb,C2
потойбіччя,afterlife,noun,C2
похваляння,boast,noun,C2
похітливий,lewd,adjective,C2
початківка,female,noun,C2
почивальня,dormitory,noun,C2
почутливий,sensitive,adjective,C2
пошарпаний,threadbare,adjective,C2
пошукувати,look,verb,A1
появлятися,to,verb,C2
прасування,ironing,noun,C2
прес-пап'є,paperweight,noun,C2
прибратися,pick,verb,C2
пригнобити,to,verb,C2
придиховий,aspirated,adjective,C2
признавати,acknowledge,verb,C2
призовник,recruit,noun,C2
применшити,downplay,verb,C2
присвоєння,appropriation,noun,C2
присвійний,possessive,adjective,C2
прислівник,adverb,noun,C2
присілочок,hamlet,noun,C2
присідання,squat,noun,C2
причіпляти,hitch,verb,C2
прогульник,truant,noun,C2
проклясти,damn,verb,C2
пролетарка,proletarian,noun,C2
промокашка,blotting,noun,C2
проститися,say,verb,A1
простирало,bedsheet,noun,C2
простягати,proffer,verb,C2
противниця,adversary,noun,C2
протягнути,to,verb,C2
псилоцибін,psilocybin,noun,C2
психоделік,psychedelic,noun,C2
психопатка,psychopath,noun,C2
пустельник,hermit,noun,C2
пустовщина,wasteland,noun,C2
підстилка,litter,noun,C2
півмертвий,halfdead,adjective,C2
підвечірок,nuncheon,noun,C2
підгорлина,breastplate,noun,C2
піддержати,support,verb,C2
підкурювач,cigarette,noun,C2
підлоговий,floor,adjective,C2
підмножина,subset,noun,C2
підміський,suburban,adjective,C2
піднімання,levitation,noun,C2
підозріння,suspicion,noun,C2
підписниця,subscriber,noun,C2
підігнаний,custom-made,adjective,C2
піклування,solicitude,noun,C2
піротехнік,pyrotechnist,noun,C2
релікварій,reliquary,noun,C2
ремонтниця,repairer,noun,C2
репортерка,journalist,noun,C2
референція,reference,noun,C2
родителька,parent,noun,C2
роз'юшений,furious,adjective,C2
розбійниця,robber,noun,C2
розведений,divorced,adjective,C2
розвідувач,scout,noun,C2
розгульний,licentious,adjective,C2
роздобріти,to,verb,C2
розсердити,upset,verb,C2
розсольник,rassolnik,noun,C2
розсічення,dissection,noun,C2
розтоптати,squelch,verb,C2
розцвітати,burgeon,verb,C2
розчулений,maudlin,adjective,C2
розчіпляти,uncouple,verb,C2
романістка,novelist,noun,C2
руйнівниця,destroyer,noun,C2
рутенський,ruthenian,adjective,C2
самовидець,eyewitness,noun,C2
самозванка,impostor,noun,C2
самітність,privacy,noun,C2
санкційний,sanctional,adjective,C2
санчастина,infirmary,noun,C2
сапфіровий,sapphire,adjective,C2
серденько,dote,noun,C2
седативний,sedative,adjective,C2
семикутник,heptagon,noun,C2
семітський,pertaining,adjective,C2
семінарист,seminarist,noun,C2
серцевидка,cockle,noun,C2
сестрениця,sororal,noun,C2
сестринець,sororal,noun,C2
сестриниця,sororal,noun,C2
сестрінець,sororal,noun,C2
сестріниця,sororal,noun,C2
синкліналь,synclinal,noun,C2
сиротинець,orphanage,noun,C2
скаженість,rage,noun,C2
скип'ятити,to,verb,C2
скловидний,glassy,adjective,C2
сковзатися,slip,verb,C2
скреготати,gnash,verb,C2
скрипторій,scriptorium,noun,C2
скінченний,finite,adjective,C2
слов'янізм,slavism,noun,C2
словозміна,inflection,noun,C2
сльозитися,to,verb,C2
собачатина,dog,noun,A1
соромливий,prim,adjective,C2
соромітний,shameful,adjective,C2
спорожнити,to,verb,C2
спорожняти,to,verb,C2
співаночка,song,noun,C2
співчувати,commiserate,verb,C2
спізнятися,be,verb,A1
сріблястий,silver,adjective,C2
стартовий,starting,adjective,C2
стагфляція,stagflation,noun,C2
стискувати,squeeze,verb,C2
стократний,hundredfold,adjective,C2
столярство,joinery,noun,C2
страхатися,feel,verb,A1
страшитися,feel,verb,A1
страшливий,shy,adjective,C2
стрем'янка,ladder,noun,C2
стрептокок,streptococcus,noun,C2
стрийський,stryi,adjective,C2
стробоскоп,stroboscope,noun,C2
стільничка,chopping,noun,C2
султанство,sultanate,noun,C2
супергерой,superhero,noun,C2
сутінковий,twilit,adjective,C2
сухорлявий,scraggy,adjective,C2
схрещувати,biology,verb,C2
сьоговечір,tonight,adverb,C2
сюди-туди,hither,adverb,C2
талліннець,tallinner,noun,C2
таксономія,taxonomy,noun,C2
таланистий,lucky,adjective,C2
тарабанити,patter,verb,C2
тасманійка,tasmanian,noun,C2
тасманієць,tasmanian,noun,C2
татуювання,tattoo,noun,C2
таїландець,thai,noun,C2
твітерянин,tweeter,noun,C2
твітерянка,tweeter,noun,C2
теоретично,theoretically,adverb,C2
тепловізор,thermal,noun,C2
теплуватий,lukewarm,adjective,C2
терменвокс,theremin,noun,C2
термосфера,thermosphere,noun,C2
теслярство,carpentry,noun,C2
тигренятко,tiger,noun,C2
томографія,tomography,noun,C2
торочитися,fray,verb,C2
трактирник,innkeeper,noun,C2
транзакція,transaction,noun,C2
трансфузія,transfusion,noun,C2
тремтливий,tremulous,adjective,C2
трепанація,trepanation,noun,C2
трестувати,test,verb,C2
трибологія,tribology,noun,C2
тришаровий,three-ply,adjective,C2
триярусний,three-tiered,adjective,C2
троянський,trojan,noun,C2
трудоголік,workaholic,noun,C2
трьохсотий,three,adjective,A1
туркусовий,turquoise,adjective,C2
тюринзький,thuringian,adjective,C2
тяжкуватий,quite,adjective,C2
ув'язнений,past,adjective,C2
уйгурський,of,adjective,C2
українська,east,noun,C2
уразливий,resentful,adjective,C2
усмоктувач,vortex,noun,C2
уторгнення,alternative,noun,C2
утомлятися,tire,verb,C2
участувати,treat,verb,C2
ушкоджений,casualty,adjective,C2
ущільновач,compactor,noun,C2
фактологія,factual,noun,C2
флейтистка,flautist,noun,C2
флуктуація,fluctuation,noun,C2
франкмасон,freemason,noun,C2
френологія,the,noun,C2
фритюрниця,deep,noun,C2
фундаторка,founder,noun,C2
фігурантка,figurant,noun,C2
філуменіст,phillumenist,noun,C2
халамидник,troublemaker,noun,C2
химеристий,chimerical,adjective,C2
хитрування,wile,noun,C2
хмариночка,cloudlet,noun,C2
холестерол,cholesterol,noun,C2
централізм,centralism,noun,C2
цибулинний,bulbous,adjective,C2
цитриновий,citrine,adjective,C2
цьоговечір,tonight,adverb,C2
цяткований,dappled,adjective,C2
цілонічний,all-night,adjective,C2
цінителька,connoisseur,noun,C2
чашолисток,sepal,noun,C2
черствіти,ossify,verb,C2
черепашник,coquina,noun,C2
чернецький,monastic,adjective,C2
чорноземля,chernozem,noun,C2
чортополох,thistle,noun,C2
чукотський,chukchi,adjective,C2
шампіньйон,champignon,noun,C2
шатківниця,shredder,noun,C2
швартувати,moor,verb,C2
шелестівка,consonant,noun,C2
шепелявити,lisp,verb,C2
шестисотий,six,adjective,C2
шкандибати,hobble,verb,C2
шовіністка,chauvinist,noun,C2
шоколадник,chocolatier,noun,C2
шпильковий,coniferous,adjective,C2
штовхатися,jostle,verb,C2
шістьдесят,sixty,numeral,C2
щовівторка,tuesdays,adverb,C2
щогодинний,hourly,adjective,C2
щоп'ятниці,fridays,adverb,C2
щочетверга,thursdays,adverb,C2
яйцепровід,oviduct,noun,C2
ясновидиця,clairvoyant,noun,C2
євхаристія,holy,noun,C2
єпітрахиль,epitrachelion,noun,C2
ідеографія,ideography,noun,C2
ідоловірка,idolatress,noun,C2
ідіотський,idiotic,adjective,C2
ідіоматика,idiomatics,noun,C2
ідіотичний,idiotic,adjective,C2
ізоморфізм,isomorphism,noun,C2
ізумрудний,emerald,adjective,C2
ілюмінація,illumination,noun,C2
індичатина,turkey,noun,C2
інокуляція,inoculation,noun,C2
інсталятор,installer,noun,C2
інтерв'юєр,interviewer,noun,C2
інтриганка,plotter,noun,C2
інуїтський,of,adjective,C2
іпохондрик,hypochondriac,noun,C2
іпохондрія,hypochondria,noun,C2
іредентизм,irredentism,noun,C2
італьський,italic,adjective,C2
ґрунтувати,predicate,verb,C2
Євробачення,eurovision,noun,C2
Амвросіївка,amvrosiivka,noun,C2
Ангкор-Ват,angkor,noun,C2
Богоявлення,epiphany,noun,C2
Бурджанадзе,burjanadze,noun,C2
Білозерське,bilozerske,noun,C2
Владикавказ,vladikavkaz,noun,C2
Вознесенськ,voznesensk,noun,C2
Вуглегірськ,vuhlehirsk,noun,C2
Вікісловник,wiktionary,noun,C2
Даугавпілс,daugavpils,noun,C2
Джок'якарта,yogyakarta,noun,C2
Джомолунгма,mount,noun,C2
Дніпрорудне,dniprorudne,noun,C2
Докучаєвськ,dokuchaievsk,noun,C2
Йошкар-Ола,yoshkar-ola,noun,C2
Кальміуське,kalmiuske,noun,C2
Карлскруна,karlskrona,noun,C2
Коста-Рика,costa,noun,C2
Коцюбинське,kotsiubynske,noun,C2
Красноярськ,krasnoyarsk,noun,C2
Максиміліан,maximilian,noun,C2
Массачусетс,massachusetts,noun,C2
Монастирище,monastyryshche,noun,C2
Нар'ян-Мар,naryan-mar,noun,C2
Новоазовськ,novoazovsk,noun,C2
Нью-Гемпшир,new,noun,A1
Нью-Мексико,new,noun,A1
Перевальськ,perevalsk,noun,C2
Перемишляни,peremyshliany,noun,C2
Перл-Харбор,pearl,noun,C2
Порто-Ново,porto-novo,noun,C2
Порт-Морсбі,port,noun,C2
Решетилівка,reshetylivka,noun,C2
Саскачеван,saskatchewan,noun,C2
Саутгемптон,southampton,noun,C2
Святогірськ,sviatohirsk,noun,C2
Станіславів,ivano-frankivsk,noun,C2
Степанакерт,stepanakert,noun,C2
Сторожинець,storozhynets,noun,C2
Суходільськ,sukhodilsk,noun,C2
Теплогірськ,teplohirsk,noun,C2
Трахтенберг,trachtenberg,noun,C2
Ула̀н-Батор,ulaanbaatar,noun,C2
Улан-Батор,ulaanbaatar,noun,C2
Христинівка,khrystynivka,noun,C2
Хрустальний,khrustalnyi,noun,C2
Чорнобаївка,chornobaivka,noun,C2
Чорноморськ,chornomorsk,noun,C2
абеткування,alphabetisation,noun,C2
абортування,aborting,noun,C2
абрикосівка,apricot,noun,C2
абстинентка,abstainer,noun,C2
абсурдистка,absurdist,noun,C2
авангардизм,avant-gardism,noun,C2
автоамфібія,auto,noun,C2
автобіограф,autobiographer,noun,C2
автовакцина,autovaccine,noun,C2
автодрезина,railcar,noun,C2
автокефалія,autocephaly,noun,C2
авіагармата,air,noun,C2
авіадивізія,air,noun,C2
авіаекспрес,air,noun,C2
авіазв'язок,airlink,noun,C2
авіамеханік,aviation,noun,C2
авіапатруль,aerial,noun,C2
авіаподорож,air,noun,C2
авіаторпеда,air,noun,C2
авіаучилище,aviation,noun,C2
авіачастина,air,noun,C2
ад'єктивний,adjectival,adjective,C2
аеротропізм,aerotropism,noun,C2
акромегалія,acromegaly,noun,C2
алергологія,allergology,noun,C2
альголагнія,algolagnia,noun,C2
альтруїстка,altruist,noun,C2
ангольський,angolan,adjective,C2
андоррський,andorran,adjective,C2
анексіонізм,annexationism,noun,C2
анексіоніст,annexationist,noun,C2
антивоєнний,anti-war,adjective,C2
антикліналь,anticline,noun,C2
антисемітка,female,noun,C2
апартамент,apartment,noun,C2
апетитність,appetizingness,noun,C2
арахнологія,arachnology,noun,C2
арахнофобія,arachnophobia,noun,C2
армрестлінг,arm,noun,C2
архимандрит,archimandrite,noun,C2
архімандрит,archimandrite,noun,C2
асигнування,allotment,noun,C2
астрологиня,astrologer,noun,C2
астронавтка,astronaut,noun,C2
аудіокасета,audio,noun,C2
бавовняний,cotton,adjective,C2
багатобожжя,polytheism,noun,C2
багатомужжя,polygamy,noun,C2
багатоніжка,millipede,noun,C2
базальтовий,basalt,noun,C2
байдужливий,indifferent,adjective,C2
баптистерій,baptistry,noun,C2
барабанщиця,drummer,noun,C2
барботувати,sparge,verb,C2
барселонець,barcelonian,noun,C2
бахмутський,bakhmut,adjective,C2
бджолосім'я,bee,noun,C2
безбожність,atheism,noun,C2
безбілетний,ticketless,adjective,C2
безбілетник,fare,noun,C2
безголосний,voiceless,adjective,C2
безгрошовий,penniless,adjective,C2
безколірний,colourless,adjective,C2
безпілотник,drone,noun,C2
безсмаковий,bland,adjective,C2
безстатевий,asexual,adjective,C2
безчинність,inactivity,noun,C2
белетристка,novelist,noun,C2
богобоязний,god-fearing,adjective,C2
богохульний,profane,adjective,C2
боєкомплект,ammunition,noun,C2
бранзолетка,bracelet,noun,C2
братогубець,person,noun,C2
бузувірство,brutality,noun,C2
біблійський,biblical,adjective,C2
бібліоманія,bibliomania,noun,C2
білесенький,white,adjective,C2
біоматеріал,biomaterial,noun,C2
біомедицина,biomedicine,noun,C2
біомолекула,biomolecule,noun,C2
бірманський,burmese,adjective,C2
бісексуалка,bisexual,noun,C2
біхевіоризм,behaviorism,noun,C2
бішкекський,bishkeker,adjective,C2
в'язальниця,binder,noun,C2
валлійський,welsh,adjective,C2
варшав'янка,varsovian,noun,C2
васкулярний,vascular,adjective,C2
велодоріжка,bicycle,noun,C2
венерологія,venereology,noun,C2
венеціанець,venetian,noun,C2
верблюдячий,camel,adjective,C2
викривлення,distortion,noun,C2
витріщитися,stare,verb,C2
вихованець,pet,noun,C2
визбирувати,glean,verb,C2
винахідниця,inventor,noun,C2
виноградина,grape,noun,C2
виночерпець,cupbearer,noun,C2
вислухувати,to,verb,C2
висміювання,derision,noun,C2
витверезник,drunk,noun,C2
вогнеборець,firefighter,noun,C2
ворухнутися,stir,verb,C2
восьмисотий,eight,adjective,C2
воєнізувати,to,verb,C2
вівторковий,tuesday,adjective,C2
відворотний,disgusting,adjective,C2
відгадувати,guess,verb,C2
відгодувати,fatten,verb,C2
відеозйомка,video,noun,C2
відзиватися,respond,verb,C2
відклеювати,unglue,verb,C2
відмінювати,decline,verb,C2
відпалювати,anneal,verb,C2
відповісти,answer,verb,C2
відправниця,sender,noun,C2
відригувати,belch,verb,C2
відряджання,business,noun,C2
відступниця,apostate,noun,C2
військовий,military,adjective,C2
вікіголічка,wikiholic,noun,C2
вікіфікація,wikification,noun,C2
вільнодумка,freethinker,noun,C2
віроломство,perfidy,noun,C2
газопровід,pipeline,noun,C2
гайсинський,haisyn,adjective,C2
гематологія,haematology,noun,C2
гембелювати,to,verb,C2
генічеський,henichesk,adjective,C2
гермафродит,hermaphrodite,noun,C2
глаголичний,of,adjective,C2
гляціологія,glaciology,noun,C2
гнобителька,oppressor,noun,C2
голка-риба,needlefish,noun,C2
горлівський,horlivka,adjective,C2
головоногий,cephalopod,adjective,C2
гомоморфізм,homomorphism,noun,C2
гомосексуал,gay,noun,C2
горихвістка,redstart,noun,C2
грасирувати,burr,verb,C2
гримасувати,mug,verb,C2
громовідвід,lightning,noun,C2
гросмайстер,grandmaster,noun,C2
гігапаскаль,gigapascal,noun,C2
гідрографія,hydrography,noun,C2
гіндустанка,hindustani,noun,C2
гіперкапнія,hypercapnia,noun,C2
гіперсомнія,hypersomnia,noun,C2
гіпоталамус,hypothalamus,noun,C2
гіпсокартон,drywall,noun,C2
дармштадтій,darmstadtium,noun,C2
двоголосний,diphthong,adjective,C2
дволичність,hypocrisy,noun,C2
дволітровий,two-liter,adjective,C2
двостатевий,bisexual,adjective,C2
дев'ятдесят,ninety,numeral,C2
декадентизм,decadentism,noun,C2
декантувати,to,verb,C2
декодування,verbal,noun,C2
демонізація,demonization,noun,C2
дендрологія,dendrology,noun,C2
дератизація,deratization,noun,C2
дзенькотіти,to,verb,C2
диверсантка,saboteur,noun,C2
дилетантизм,dilettantism,noun,C2
дипломатика,diplomatics,noun,C2
дисимуляція,dissimulation,noun,C2
дисиміляція,dissimilation,noun,C2
добросердий,kindhearted,adjective,C2
довжанський,dovzhansk,adjective,C2
додекафонія,twelve-tone,noun,C2
дозаправити,top,verb,C2
домувальник,homebody,noun,C2
дописувачка,correspondent,noun,C2
допоміжний,auxiliary,adjective,C2
дорівнювати,come,verb,A1
дошкільниця,preschooler,noun,C2
драпірувати,to,verb,C2
дружинонька,wifelet,noun,C2
діагонально,diagonally,adverb,C2
діамантовий,made,adjective,C2
діуретичний,diuretic,adjective,C2
егалітарист,egalitarian,noun,C2
езотеричний,esoteric,adjective,C2
екзопланета,exoplanet,noun,C2
екскременти,feces,noun,C2
екстатичний,ecstatic,adjective,C2
екіпірувати,accouter,verb,C2
ентомологія,entomology,noun,C2
ентомофавна,entomofauna,noun,C2
ентомофауна,entomofauna,noun,C2
ентузіастка,enthusiast,noun,C2
епігенетика,epigenetics,noun,C2
епітрохоїда,epitrochoid,noun,C2
еректильний,erectile,adjective,C2
ескімоський,of,adjective,C2
есперантист,esperantist,noun,C2
жадібність,greed,noun,C2
жмеринський,zhmerynka,adjective,C2
замкнутість,aloofness,noun,C2
заблудитися,get,verb,A1
забруднений,polluted,adjective,C2
завбачливий,forethoughtful,adjective,C2
завернутися,return,verb,C2
завертатися,return,verb,C2
загортатися,drape,verb,C2
зазублювати,to,verb,C2
закопчувати,to,verb,C2
залишитися,remain,verb,C2
заломлювати,refract,verb,C2
залоскотати,tickle,verb,C2
занехаювати,neglect,verb,C2
заощадливий,thrifty,adjective,C2
запитальник,questionnaire,noun,C2
заправитися,fill,verb,C2
запізнятися,be,verb,A1
заряджаючий,loader,adjective,C2
затемнювати,obfuscate,verb,C2
зафарбувати,color,verb,C2
заціпенілий,paralyzed,adjective,C2
зашифрувати,to,verb,C2
збайдужіння,alienation,noun,C2
звинувачена,accused,adjective,C2
зволожувати,dampen,verb,C2
звурджувати,curdle,verb,C2
звідомлення,notification,noun,C2
здоров'ячко,ya,noun,C2
зелененький,green,adjective,C2
зловмисниця,malefactor,noun,C2
зневоднення,dehydration,noun,C2
знезаразити,disinfect,verb,C2
зніяковілий,embarrassed,adjective,C2
зореплавець,spacefarer,noun,C2
зороастризм,zoroastrianism,noun,C2
зросійщення,russification,noun,C2
зручненький,comfortable,adjective,C2
зістаритися,to,verb,C2
кальцинація,calcination,noun,C2
калібрувати,calibrate,verb,C2
кам'янський,kamianske,adjective,C2
камбоджійка,cambodian,noun,C2
камбоджієць,cambodian,noun,C2
каменоломня,quarry,noun,C2
канонізація,canonization,noun,C2
капсулювати,encapsulate,verb,C2
картоплинка,diminutive,noun,C2
картопляник,potato,noun,C2
квітконіжка,pedicel,noun,C2
кельтологія,celtic,noun,C2
клавесиніст,harpsichordist,noun,C2
клімактерій,menopause,noun,C2
кобальтовий,cobalt,adjective,C2
корисність,usefulness,noun,C2
козеняточко,kid,noun,C2
козівництво,goat,noun,C2
колаборація,collaboration,noun,C2
коловодниця,soldier,noun,C2
комахоїдний,insectivorous,adjective,C2
комунізація,communization,noun,C2
конопельник,linnet,noun,C2
конспіролог,conspiracy,noun,C2
конфірмація,confirmation,noun,C2
користувач,user,noun,C2
коронавірус,coronavirus,noun,C2
космонавтка,astronaut,noun,C2
кострубатий,jagged,adjective,C2
кочівництво,nomadic,noun,C2
коштовність,valuable,noun,C2
краків'янин,cracovian,noun,C2
краків'янка,cracovian,noun,C2
красильниця,dyer,noun,C2
краснопірка,rudd,noun,C2
креаціонізм,creationism,noun,C2
криводушний,hypocritical,adjective,C2
кругловидий,chubby,adjective,C2
круглолиций,chubby,adjective,C2
куп'янський,kupiansk,adjective,C2
легкодумний,reckless,adjective,C2
лексикограф,lexicographer,noun,C2
леопардовий,leopard,noun,C2
лицарський,knightly,adjective,C2
лиходійство,atrocity,noun,C2
лихословити,malign,verb,C2
людоїдський,anthropophagous,adjective,C2
лютеранство,lutheranism,noun,C2
майстерство,skill,noun,C2
мандрівний,nomadic,adjective,C2
мандрівник,traveller,noun,C2
марнослів'я,rhetoric,noun,C2
марокканець,moroccan,noun,C2
машинальний,automatic,adjective,C2
мексиканець,mexican,noun,C2
мертвеччина,carcass,noun,C2
милостивий,merciful,adjective,C2
мироточення,the,noun,C2
многокутник,polygon,noun,C2
мовчазність,taciturnity,noun,C2
мовчазливий,taciturn,adjective,C2
морозивниця,ice,noun,C2
музейництво,museology,noun,C2
мультимедіа,multimedia,noun,C2
мускулистий,muscular,adjective,C2
міжособовий,interpersonal,adjective,C2
мізантропка,misanthrope,noun,C2
мізантропія,misanthropy,noun,C2
мікрокредит,microloan,noun,C2
мільярдерка,billionaire,noun,C2
мілісекунда,millisecond,noun,C2
нав'язатися,impose,verb,C2
навіженість,madness,noun,C2
наголошений,stressed,adjective,C2
назалізація,nasalization,noun,C2
наносекунда,nanosecond,noun,C2
наперстянка,foxglove,noun,C2
направитися,to,verb,C2
напроситися,ask,verb,A1
напівкровка,half-breed,noun,C2
напівкровок,half-breed,noun,C2
нарколепсія,narcolepsy,noun,C2
нарцисичний,narcissistic,adjective,C2
настійність,insistence,noun,C2
нахмуритися,to,verb,C2
неввічливий,impolite,adjective,C2
невгамовний,indomitable,adjective,C2
невпізнаний,unrecognized,adjective,C2
невразливий,invulnerable,adjective,C2
невідпорний,irresistible,adjective,C2
недоконаний,incomplete,adjective,C2
незворотний,irreversible,adjective,C2
незичливий,malevolent,adjective,C2
незнищенний,indestructible,adjective,C2
нелюб'язний,unkind,adjective,C2
ненависниця,hater,noun,C2
ненаситний,insatiable,adjective,C2
ненаселений,uninhabited,adjective,C2
непоборимий,insurmountable,adjective,C2
непогрішний,infallible,adjective,C2
непояснимий,inexplicable,adjective,C2
неправедний,iniquitous,adjective,C2
непробачний,unforgivable,adjective,C2
непроникний,impenetrable,adjective,C2
нерозважний,reckless,adjective,C2
нескладовий,nonsyllabic,adjective,C2
несміливий,timid,adjective,C2
неуважливий,inattentive,adjective,C2
неуявленний,inconceivable,adjective,C2
неіснування,nonexistence,noun,C2
неґречність,impoliteness,noun,C2
нумізматика,numismatics,noun,C2
нідерландка,dutchwoman,noun,C2
ніцшеанство,nietzscheanism,noun,C2
оббріхувати,belie,verb,C2
обвинувачка,accuser,noun,C2
обдуманість,forethought,noun,C2
обезглавити,behead,verb,C2
обмовлятися,to,verb,C2
обновлювати,renew,verb,C2
оборонитися,to,verb,C2
обшпарювати,scald,verb,C2
одержувачка,addressee,noun,C2
одержимість,obsession,noun,C2
однократний,semelfactive,adjective,C2
однокровний,consanguineous,adjective,C2
одношлюбний,monogamous,adjective,C2
однояйцевий,identical,adjective,C2
озброювання,armament,noun,C2
онкологічно,oncologically,adverb,C2
оповідачка,narrator,noun,C2
орфоепічний,orthoepic,adjective,C2
орієнталізм,orientalism,noun,C2
освітологія,educology,noun,C2
ослизнутися,slip,verb,C2
офіціальний,official,adjective,C2
охолоджувач,cooler,noun,C2
охолодитися,cool,verb,C2
охоронитель,guard,noun,C2
п'ятиборець,pentathlete,noun,C2
п'ятикутник,pentagon,noun,C2
палатальний,palatal,adjective,C2
палеографія,paleography,noun,C2
пальпітація,palpitation,noun,C2
панікерство,scaremongering,noun,C2
пап'є-маше,papier-m,noun,C2
перебіжчиця,defector,noun,C2
передгроззя,calm,noun,C2
передування,precedence,noun,C2
перекладина,bar,noun,C2
перелюбство,adultery,noun,C2
переміщення,displacement,noun,C2
переплутати,confuse,verb,C2
перепочинок,respite,noun,C2
перепросити,apologize,verb,C2
переселенка,migrant,noun,C2
перехитрити,circumvent,verb,C2
перехресток,intersection,noun,C2
пивоварство,brewing,noun,C2
пильнування,vigil,noun,C2
пиндючливий,haughty,adjective,C2
пишногрудий,big-breasted,adjective,C2
платонічний,platonic,adjective,C2
плювальниця,spittoon,noun,C2
поборсатися,flounder,verb,C2
повнокров'я,plethora,noun,C2
повітряний,aerial,adjective,C2
повіншувати,congratulate,verb,C2
погордливий,disdainful,adjective,C2
погрозливий,threatening,adjective,C2
подорожниця,traveller,noun,C2
подружитися,make,verb,A1
позбавлений,destitute,adjective,C2
позолочений,gilt,adjective,C2
покладливий,flexible,adjective,C2
поклястися,swear,verb,C2
поколювання,tingle,noun,C2
полтергейст,poltergeist,noun,C2
помножитися,multiply,verb,C2
помножувати,multiply,verb,C2
поневолення,enslavement,noun,C2
поневольник,oppressor,noun,C2
поправитися,recover,verb,C2
попільничка,ashtray,noun,C2
породжувати,originate,verb,C2
посваритися,fall,verb,C2
посередниця,intermediary,noun,C2
послухатися,listen,verb,C2
послушність,obedience,noun,C2
посміховище,laughing,noun,C2
посолодшати,sweeten,verb,C2
постраждала,victim,noun,C2
постриження,tonsure,noun,C2
похитнутися,falter,verb,C2
похмелитися,to,verb,C2
почарківець,drinking,noun,C2
почервонити,redden,verb,C2
пошарпатися,fray,verb,C2
пошкодувати,pity,verb,C2
пошматувати,to,verb,C2
правописний,orthographic,adjective,C2
президентка,president,noun,C2
прибиратися,pick,verb,C2
приватність,privacy,noun,C2
призначити,name,verb,A1
прилягаючий,snug,adjective,C2
примирливий,conciliatory,adjective,C2
примочувати,dab,verb,C2
принадливий,attractive,adjective,C2
припоминати,remind,verb,C2
присудковий,predicative,adjective,C2
притулитися,rest,verb,C2
притулятися,lean,verb,C2
прицілитися,aim,verb,C2
причепливий,contentious,adjective,C2
проактивний,proactive,adjective,C2
провалитися,bungle,verb,C2
провинність,guilt,noun,C2
прогадувати,lose,verb,C2
прокволисто,deliberately,adverb,C2
проктологія,proctology,noun,C2
пронизувати,pervade,verb,C2
прорідитися,thin,verb,C2
просипатися,awake,verb,C2
просочувати,imbue,verb,C2
протагоніст,protagonist,noun,C2
протактиній,protactinium,noun,C2
проєктувати,design,verb,C2
псевдонаука,pseudoscience,noun,C2
пунктуально,punctually,adverb,C2
піддатливий,susceptible,adjective,C2
підкріпляти,confirm,verb,C2
підлещувати,flatter,verb,C2
підлокітник,armrest,noun,C2
підманювати,beguile,verb,C2
піднебінний,palatal,adjective,C2
підозрювана,person,noun,C2
підозрівати,suspect,verb,C2
підсклянник,podstakannik,noun,C2
підтягувати,hitch,verb,C2
піротехніка,pyrotechnics,noun,C2
п’ятнадцять,fifteen,numeral,C2
радянізація,sovietization,noun,C2
рафінування,verbal,noun,C2
рахівництво,accountancy,noun,C2
резерфордій,rutherfordium,noun,C2
рекурсивний,recursive,adjective,C2
рисувальник,draughtsman,noun,C2
рихтуватися,prepare,verb,C2
роботизація,robotization,noun,C2
рододендрон,rhododendron,noun,C2
розвідувати,scout,verb,C2
розкидатися,sprawl,verb,C2
розкинутися,sprawl,verb,C2
розливатися,splash,verb,C2
розм'якшити,soften,verb,C2
розноситися,waft,verb,C2
розніжувати,pamper,verb,C2
розпещувати,pamper,verb,C2
розповідач,narrator,noun,C2
розповісти,reply,verb,C2
розрізнений,disparate,adjective,C2
розсипатися,moulder,verb,C2
розстроєний,upset,adjective,C2
розтягнення,distension,noun,C2
розчісувати,comb,verb,C2
розігрувати,act,verb,C2
романізація,romanization,noun,C2
рівнобічний,equilateral,adjective,C2
рівнокутний,equiangular,adjective,C2
різьбарство,sculpture,noun,C2
рільницький,agricultural,adjective,C2
сарненський,sarny,adjective,C2
саботажниця,saboteur,noun,C2
садистичний,sadistic,adjective,C2
самодержиця,autocrat,noun,C2
сараєвський,sarajevo,adjective,C2
сардонічний,sardonic,adjective,C2
сватівський,svatove,adjective,C2
сейсмологія,seismology,noun,C2
селенологія,selenology,noun,C2
середземний,inland,adjective,C2
серйозність,gravity,noun,C2
синдикалізм,syndicalism,noun,C2
скадовський,skadovsk,adjective,C2
скульпторка,sculptress,noun,C2
слов'янщина,slavdom,noun,C2
словінський,extinct,adjective,C2
сміливість,courage,noun,C2
сміховисько,laughing,noun,C2
сороконіжка,centipede,noun,C2
спадкоємний,hereditary,adjective,C2
спаковувати,pack,verb,C2
спалахнення,flash,noun,C2
спектроскоп,spectroscope,noun,C2
спекулянтка,speculator,noun,C2
спеціальний,ad,adverb,C2
сполохувати,intimidate,verb,C2
спотворення,contortion,noun,C2
сприйняття,perception,noun,C2
співкурсник,coursemate,noun,C2
спіткнутися,stumble,verb,C2
створювачка,creator,noun,C2
стенокардія,angina,noun,C2
сторонитися,eschew,verb,C2
страждаючий,suffering,adjective,C2
страхополох,coward,noun,C2
супермодель,supermodel,noun,C2
суплетивізм,suppletion,noun,C2
схоронитися,hide,verb,C2
схоронятися,hide,verb,C2
танатоценоз,thanatocoenose,noun,C2
тарабарщина,gibberish,noun,C2
теософський,theosophic,adjective,C2
теософічний,theosophic,adjective,C2
термометрія,thermometry,noun,C2
технократія,technocracy,noun,C2
тихесенький,endearing,adjective,C2
трактирниця,innkeeper,noun,C2
трансгендер,transgender,noun,C2
трансґендер,transgender,noun,C2
трепетливий,tremulous,adjective,C2
тригліцерид,triglyceride,noun,C2
троєкратний,triple,adjective,C2
тюркомовний,turkophone,adjective,C2
українською,in,adverb,C2
умішуватися,interfere,verb,C2
упаковувати,pack,verb,C2
уселюдський,panhuman,adjective,C2
усолодитися,enjoy,verb,C2
фалеристика,phaleristics,noun,C2
фальцгебель,rebate,noun,C2
фамільярний,familiar,adjective,C2
флорентійка,florentine,noun,C2
флорентієць,florentine,noun,C2
фінансистка,financier,noun,C2
фінікіянин,phoenician,noun,C2
фінікіянка,phoenician,noun,C2
хвастовство,boast,noun,C2
хворобливий,morbid,adjective,C2
хорошенький,cute,adjective,C2
християнин,christian,noun,C2
царистський,tsarist,adjective,C2
цензурувати,censor,verb,C2
цінувальник,judge,noun,C2
чародійниця,sorceress,noun,C2
чарівництво,magic,noun,C2
червоноокий,red-eyed,adjective,C2
чеснотливий,virtuous,adjective,C2
читабельний,legible,adjective,C2
чорнильниця,inkwell,noun,C2
чорнобровий,alternative,noun,C2
чугуївський,chuhuiv,adjective,C2
шароварщина,ukrainian,noun,C2
шведомовний,swedophone,adjective,C2
шепелявість,the,noun,C2
шестикутний,hexagonal,adjective,C2
шестикутник,hexagon,noun,C2
шкандибання,hobble,noun,C2
шкаралупина,shell,noun,C2
шкутильгати,hobble,verb,C2
шлуночковий,ventricular,adjective,C2
шовковистий,silky,adjective,C2
шоколадниця,chocolatier,noun,C2
щастинський,shchastia,adjective,C2
юнгіанський,jungian,adjective,C2
юнґіанський,jungian,adjective,C2
яйцеклітина,ovum,noun,C2
ясновидячий,clairvoyant,adjective,C2
ідоловірець,idolater,noun,C2
іконографія,iconography,noun,C2
іммігрантка,immigrant,noun,C2
імунізувати,immunize,verb,C2
індонезійка,indonesian,noun,C2
інтерлінгва,interlingua,noun,C2
інфопростір,information,noun,C2
ініціаторка,initiator,noun,C2
ісламофобія,islamophobia,noun,C2
ісламізація,islamization,noun,C2
італомовний,italophone,adjective,C2
ієрогліфіка,hieroglyphic,noun,C2
Єлисаветград,yelysavethrad,noun,C2
Аддис-Абеба,addis,noun,C2
Антананаріву,antananarivo,noun,C2
Благоєвград,blagoevgrad,noun,C2
Вознесенівка,voznesenivka,noun,C2
Вільногірськ,vilnohirsk,noun,C2
Гельсінгфорс,helsinki,noun,C2
Голованівськ,holovanivsk,noun,C2
Грігоріополь,grigoriopol,noun,C2
Джалал-Абад,jalal-abad,noun,C2
Звенигородка,zvenyhorodka,noun,C2
Кіліманджаро,kilimanjaro,noun,C2
Лос-Анджелес,los,noun,C2
Новогродівка,novohrodivka,noun,C2
Новодружеськ,novodruzhesk,noun,C2
Новокузнецьк,novokuznetsk,noun,C2
Новомиргород,novomyrhorod,noun,C2
Нью-Брансвік,new,noun,A1
Ньїредьгаза,ny,noun,C2
Орджонікідзе,ordzhonikidze,noun,C2
Пенсильванія,pennsylvania,noun,C2
Порт-о-Пренс,port-au-prince,noun,C2
Пуерто-Рико,puerto,noun,C2
Рава-Руська,rava-ruska,noun,C2
Світловодськ,svitlovodsk,noun,C2
Світлодарськ,svitlodarsk,noun,C2
Сент-Вінсент,saint,noun,C2
Старобільськ,starobilsk,noun,C2
Тегусігальпа,tegucigalpa,noun,C2
Трансністрія,transnistria,noun,C2
аблактування,ablactation,noun,C2
аболіціоніст,abolitionist,noun,C2
абразивність,abrasiveness,noun,C2
абсолютність,absoluteness,noun,C2
абсолютистка,absolutist,noun,C2
абсорбування,absorbing,noun,C2
абітурієнтка,graduand,noun,C2
авантюристка,adventurer,noun,C2
автоаматорка,female,noun,C2
автобензовоз,auto,noun,C2
автобудівник,auto,noun,C2
авіавиставка,airshow,noun,C2
авіакомплекс,air,noun,C2
авіамоделіст,aeromodeller,noun,C2
авіарозвідка,aerial,noun,C2
агрикультура,agriculture,noun,C2
ад'єктивація,adjectivization,noun,C2
аквамаринний,aquamarine,adjective,C2
акомпанувати,to,verb,C2
акробатичний,acrobatic,adjective,C2
акцентологія,accentology,noun,C2
алотропічний,allotropic,adjective,C2
англізований,anglicized,adjective,C2
англіканство,anglicanism,noun,C2
антиномічний,antinomic,adjective,C2
антропоїдний,anthropoid,adjective,C2
антропософія,anthroposophy,noun,C2
атрофуватися,atrophy,verb,C2
багатобожний,polytheistic,adjective,C2
багатоженець,polygamist,noun,C2
бал-маскарад,masquerade,noun,C2
бальзамувати,embalm,verb,C2
берегівський,berehove,adjective,C2
беатифікація,beatification,noun,C2
безбілетниця,fare,noun,C2
безвідрадний,cheerless,adjective,C2
беземоційний,stolid,adjective,C2
беззахисний,defenseless,adjective,C2
безквитковий,ticketless,adjective,C2
безпольотний,no-fly,adjective,C2
безшлюбність,celibacy,noun,C2
березівський,berezivka,adjective,C2
благодійниця,benefactor,noun,C2
бородавочник,warthog,noun,C2
борщівничити,to,verb,C2
ботанізувати,botanize,verb,C2
братовбивець,person,noun,C2
братогубство,fratricide,noun,C2
бронхоскопія,bronchoscopy,noun,C2
брутальність,brutality,noun,C2
бісексуалізм,bisexualism,noun,C2
василівський,vasylivka,adjective,C2
веб-сторінка,website,noun,C2
вегетаріанка,vegetarian,noun,C2
везикулярний,vesicular,adjective,C2
взаємодійний,interactive,adjective,C2
взаємодіяння,interplay,noun,C2
вибачливість,leniency,noun,C2
виліковувати,cure,verb,C2
вимолочувати,thresh,verb,C2
випаровувати,evaporate,verb,C2
випромінення,radiation,noun,C2
висліджувати,track,verb,C2
високомовний,grandiloquent,adjective,C2
вистрелювати,shoot,verb,C2
витерплювати,endure,verb,C2
витравлювати,etch,verb,C2
внутрішність,inside,noun,C2
внутрівенний,intravenous,adjective,C2
волонтерство,volunteering,noun,C2
восьмикутник,octagon,noun,C2
вулканізація,vulcanization,noun,C2
відмовчатися,to,verb,C2
відмінюваний,declinable,adjective,C2
відмінювання,declension,noun,C2
відповідачка,defendant,noun,C2
відсканувати,create,verb,C2
відстороняти,to,verb,C2
відчужування,alienation,noun,C2
вікіпедистка,wikipedian,noun,C2
вікіпедійний,wikipedian,adjective,C2
віолончеліст,cellist,noun,C2
вітчизняний,domestic,adjective,C2
геморагічний,haemorrhagic,adjective,C2
гендерологія,gender,noun,C2
герменевтика,hermeneutics,noun,C2
гомерівський,homeric,adjective,C2
гомеоморфізм,homeomorphism,noun,C2
гордовитість,arrogance,noun,C2
гідродинамік,hydrodynamicist,noun,C2
гідрофільний,hydrophilic,adjective,C2
гідроцефалія,hydrocephalus,noun,C2
гіндустанець,hindustani,noun,C2
гінекомастія,gynecomastia,noun,C2
далекобійний,long-range,adjective,C2
дев'ятисотий,nine,adjective,C2
дегенерувати,degenerate,verb,C2
декадентство,decadence,noun,C2
демпінгувати,dump,verb,C2
дереалізація,derealization,noun,C2
деревоточець,borer,noun,C2
дерматологія,dermatology,noun,C2
десятикутний,decagonal,adjective,C2
десятикутник,decagon,noun,C2
детермінатив,determiner,noun,C2
дефібрилятор,defibrillator,noun,C2
дитмайданчик,playground,noun,C2
добродійниця,benefactor,noun,C2
добросердний,kindhearted,adjective,C2
довідуватися,inquire,verb,C2
догадуватися,guess,verb,C2
доконечність,necessity,noun,C2
домувальниця,homebody,noun,C2
доповняльний,complementary,adjective,C2
екзотеричний,exoteric,adjective,C2
екстремістка,extremist,noun,C2
енергійність,vigour,noun,C2
есдеківський,social,adjective,C2
етерифікація,etherification,noun,C2
заболочувати,to,verb,C2
заглиблювати,duck,verb,C2
загребущість,rapacity,noun,C2
законодавиця,legislator,noun,C2
законопроєкт,bill,noun,C2
закріплятися,ossify,verb,C2
закінчитися,end,verb,C2
залізничниця,railwaywoman,noun,C2
замаринувати,marinate,verb,C2
запліднювати,impregnate,verb,C2
запобігливий,proactive,adjective,C2
заправлятися,fill,verb,C2
зарозумітися,to,verb,C2
застуджувати,to,verb,C2
заступництво,intercession,noun,C2
збожеволілий,insane,noun,C2
звинувачений,to,adjective,C2
звягельський,zviahel,adjective,C2
звірствувати,to,verb,C2
злопам'ятний,resentful,adjective,C2
змієподібний,snakelike,adjective,C2
знаттєлюбний,curious,adjective,C2
золочівський,zolochiv,adjective,C2
зросійщувати,russify,verb,C2
зштовхнутися,collide,verb,C2
кальміуський,kalmiuske,adjective,C2
каламутність,turbidity,noun,C2
кальвіністка,calvinist,noun,C2
каліфорнійка,californian,noun,C2
каліфорнієць,californian,noun,C2
канадійський,canadian,adjective,C2
канонізувати,canonize,verb,C2
каталізувати,catalyze,verb,C2
кип'ятильник,immersion,noun,C2
китаєзнавець,sinologist,noun,C2
клептократія,kleptocracy,noun,C2
коза-дереза,she-goat,noun,C2
колаборантка,collaborator,noun,C2
колориметрія,colorimetry,noun,C2
коментаторка,commentator,noun,C2
компілювання,compilation,noun,C2
конденсувати,condense,verb,C2
корюківський,koriukivka,adjective,C2
космополітка,cosmopolite,noun,C2
косоварський,kosovar,noun,C2
красномовець,wordsmith,noun,C2
кримінологія,criminology,noun,C2
криптовалюта,cryptocurrency,noun,C2
куховарський,culinary,adjective,C2
кібербезпека,cybersecurity,noun,C2
кількалітній,pluriannual,adjective,C2
кіпріотський,cypriot,adjective,C2
лапароскопія,laparoscopy,noun,C2
легкоатлетка,athlete,noun,C2
лейкопластир,band-aid,noun,C2
ляпіс-лазур,lapis,noun,C2
лісознавство,forestry,noun,C2
лісоматеріал,timber,noun,C2
макроцефалія,macrocephaly,noun,C2
малоросіянка,little,noun,C2
мандрівниця,traveller,noun,C2
манітобський,manitoban,adjective,C2
марнотратити,waste,verb,C2
марнотратний,wasteful,adjective,C2
марсіянський,martian,adjective,C2
мастурбувати,to,verb,C2
медієвістика,medieval,noun,C2
металізувати,metallize,verb,C2
метеорологія,meteorology,noun,C2
мнемотехніка,mnemonic,noun,C2
многогранник,polyhedron,noun,C2
муміфікувати,transitive,verb,C2
міжклітинний,intercellular,adjective,C2
мінімалістка,minimalist,noun,C2
нагодовувати,to,verb,C2
найсхідніший,easternmost,adjective,C2
наколядувати,to,verb,C2
нацгвардієць,national,noun,C2
неандерталка,neanderthal,noun,C2
неважливість,unimportance,noun,C2
невидимість,invisibility,noun,C2
невідкличний,irrevocable,adjective,C2
недолюблений,underloved,adjective,C2
некорисливий,selfless,adjective,C2
ненасильство,nonviolence,noun,C2
необразливий,innocuous,adjective,C2
неодукований,illiterate,adjective,C2
неперехідний,impassable,adjective,C2
неперехідний,intransitive,adjective,C2
непов'язаний,desultory,adjective,C2
непогрішимий,infallible,adjective,C2
неподатливий,unyielding,adjective,C2
непоясненний,unexplained,adjective,C2
неприєднаний,nonaligned,adjective,C2
непідкорений,unbowed,adjective,C2
нерозірваний,unexploded,adjective,C2
нетерпеливий,eager,adjective,C2
нецеремонний,unceremonious,adjective,C2
новогрецький,romaic,adjective,C2
новозавітний,neo-testamentary,adjective,C2
новозеландка,new,noun,A1
нормотворчий,rulemaking,adjective,C2
ноуменальний,noumenal,adjective,C2
нідерландець,dutchman,noun,C2
ніколи-ніколи,never,adverb,C2
оббризкувати,sparge,verb,C2
обмежовувати,limit,verb,C2
обміркування,debate,noun,C2
однодушність,unanimity,noun,C2
однопартійка,female,noun,C2
омолоджувати,rejuvenate,verb,C2
осоромлювати,shame,verb,C2
п'ятиборство,ancient,noun,C2
паверліфтинг,powerlifting,noun,C2
пансексуалка,female,noun,C2
парафіяльний,parochial,adjective,C2
парашутистка,parachutist,noun,C2
партеногенез,parthenogenesis,noun,C2
партизанство,guerrilla,noun,C2
пасторальний,bucolic,adjective,C2
пауерліфтинг,powerlifting,noun,C2
пауперизація,pauperization,noun,C2
педалізувати,to,verb,C2
педіатричний,paediatric,noun,C2
переважаючий,prevalent,adjective,C2
перевидавати,republish,verb,C2
перегрівання,overheating,noun,C2
передміський,suburban,adjective,C2
передумувати,change,verb,C2
перезаписати,overwrite,verb,C2
перезимувати,hibernate,verb,C2
перекручення,contortion,noun,C2
переозброїти,rearm,verb,C2
перепелятник,eurasian,noun,C2
перепрошення,apology,noun,C2
перероджений,reborn,adjective,C2
перехилятися,careen,verb,C2
переховатися,to,verb,C2
перехрещення,crossing,noun,C2
першомученик,protomartyr,noun,C2
плоскогрудий,flat-chested,adjective,C2
плоскодонний,flat-bottomed,adjective,C2
плоскостопий,flat-footed,adjective,C2
повноголосся,pleophony,noun,C2
повіншування,congratulation,noun,C2
подзвонювати,tingle,verb,C2
пожертвувати,donate,verb,C2
позасвідомий,unconscious,adjective,C2
позбавленка,lishenets,noun,C2
позначитися,to,verb,C2
позолочувати,gild,verb,C2
показуватися,to,verb,C2
поковзнутися,slip,verb,C2
покривдження,wrong,noun,C2
поливальниця,watering,noun,C2
пологівський,polohy,adjective,C2
попечителька,guardian,noun,C2
порноакторка,porn,noun,C2
поручителька,sponsor,noun,C2
послизнутися,slip,verb,C2
постраждалий,victim,noun,C2
похитуватися,lurch,verb,C2
приятельство,friendship,noun,C2
привласнення,appropriation,noun,C2
пригадування,reminder,noun,C2
пригнічувати,deject,verb,C2
принаджувати,beguile,verb,C2
приреченість,doom,noun,C2
присвоювання,appropriation,noun,C2
присмерковий,twilit,adjective,C2
приховування,dissimulation,noun,C2
програмістка,programmer,noun,C2
продуманість,forethought,noun,C2
прокламувати,proclaim,verb,C2
проковтувати,to,verb,C2
проріджувати,thin,verb,C2
прославлений,renowned,adjective,C2
прославлення,glorification,noun,C2
простолюдин,commoner,noun,C2
просторічний,colloquial,adjective,C2
протестуючий,protester,adjective,C2
протягнутися,last,verb,C2
псевдовчений,sciolist,noun,C2
пустоголовий,empty-headed,adjective,C2
підбурювачка,instigator,noun,C2
піддержувати,support,verb,C2
підкрадатися,to,verb,C2
підозрюваний,person,noun,C2
підприємниця,businesswoman,noun,C2
підскакувати,caper,verb,C2
підіймальний,lifting,adjective,C2
пілігримство,pilgrimage,noun,C2
рабовласниця,slaveowner,noun,C2
рахат-лукум,turkish,noun,C2
ревматологія,rheumatology,noun,C2
редакторство,editorship,noun,C2
рибонуклеаза,ribonuclease,noun,C2
розбещування,corruption,noun,C2
розбуджувати,awaken,verb,C2
розвідування,reconnaissance,noun,C2
розвідувачка,scout,noun,C2
розкладатися,moulder,verb,C2
розладнувати,discomfit,verb,C2
розлютований,furious,adjective,C2
розмножувати,to,verb,C2
розпланувати,plan,verb,C2
розповідання,recount,noun,C2
розпускатися,burgeon,verb,C2
розрізування,section,noun,C2
розсерджений,mad,adjective,C2
розтратливий,wasteful,adjective,C2
розтрощувати,shatter,verb,C2
розумненький,cute,adjective,C2
російськість,russianness,noun,C2
рукоблудство,masturbation,noun,C2
рукоплескати,applaud,verb,C2
рідновірство,rodnovery,noun,C2
самовладство,autocracy,noun,C2
самозарядний,semi-automatic,adjective,C2
самозванство,imposture,noun,C2
самопожертва,abnegation,noun,C2
семигодинний,seven-hour,adjective,C2
семитисячний,seven,adjective,C2
сепаратистка,political,noun,C2
середохрестя,crossing,noun,C2
сингармонізм,vowel,noun,C2
скоростиглий,precocious,adjective,C2
скупчуватися,throng,verb,C2
сльозогінний,lachrymogenic,adjective,C2
сміхотерапія,gelotology,noun,C2
снігоочисник,snowplow,noun,C2
соромливість,shyness,noun,C2
спекотливий,hot,adjective,C2
спеціалістка,specialist,noun,C2
спорожнювати,to,verb,C2
спотикнутися,stumble,verb,C2
справоздання,account,noun,C2
спромагатися,to,verb,C2
співкурсниця,coursemate,noun,C2
співмешканка,flatmate,noun,C2
співучасниця,accomplice,noun,C2
спіросполука,spiro,noun,C2
стехіометрія,stoichiometry,noun,C2
столярництво,joinery,noun,C2
супровідний,attendant,adjective,C2
супротивниця,adversary,noun,C2
суїцидальний,suicidal,adjective,C2
твердокрилий,beetle,adjective,C2
темно-синій,having,adjective,C2
телеглядачка,viewer,noun,C2
телепортація,teleportation,noun,C2
теплесенький,warm,adjective,C2
терпеливість,patience,noun,C2
трав'янистий,grassy,adjective,C2
трактористка,tractor,noun,C2
транспозиція,transposition,noun,C2
трубопровід,pipeline,noun,C2
турбулентний,turbulent,adjective,C2
українофілка,ukrainophile,noun,C2
умиротворяти,appease,verb,C2
уповноважена,representative,noun,C2
уразливість,vulnerability,noun,C2
урбанізувати,urbanize,verb,C2
уругвайський,uruguayan,adjective,C2
утомлюватися,tire,verb,C2
учителювання,verbal,noun,C2
фанатичність,fanaticism,noun,C2
фарбувальник,dyer,noun,C2
фехтувальник,fencer,noun,C2
фотогенічний,photogenic,adjective,C2
фізвиховання,physical,noun,C2
фінікійський,phoenician,adjective,C2
цезарепапізм,caesaropapism,noun,C2
цезаропапізм,caesaropapism,noun,C2
цінувальниця,connoisseur,noun,C2
червонопірка,rudd,noun,C2
чого-небудь,something,pronoun,C2
чоловіченько,hubby,noun,C2
чорноволосий,black-haired,adjective,C2
чортківський,chortkiv,adjective,C2
чотирикутний,quadrangular,adjective,C2
чотирикутник,quadrilateral,noun,C2
чотиримовний,quadrilingual,adjective,C2
швидкозшивач,folder,noun,C2
шепетівський,shepetivka,adjective,C2
шестигранний,six-sided,adjective,C2
шосткинський,shostka,adjective,C2
шовківництво,sericulture,noun,C2
штрайкбрехер,strikebreaker,noun,C2
якнайскоріше,as,adverb,C2
івуарійський,ivorian,adjective,C2
ідоловірство,idolatry,noun,C2
ідіоматичний,idiomatic,adjective,C2
ізраїльтянка,israelite,noun,C2
іконоборство,iconoclasm,noun,C2
інструкторка,instructor,noun,C2
інтелігентка,intelligent,noun,C2
інтерв'юєрка,interviewer,noun,C2
інтересувати,interest,verb,C2
інтронізація,enthronement,noun,C2
інтроспекція,introspection,noun,C2
ічкерійський,ichkerian,adjective,C2
ґешефтярство,speculation,noun,C2
Індіанаполіс,indianapolis,noun,C2
Інтернаціонал,internationale,noun,C2
Благовєщенськ,blagoveshchensk,noun,C2
Буенос-Айрес,buenos,noun,C2
Буркіна-Фасо,burkina,noun,C2
Гвінея-Бісау,guinea-bissau,noun,C2
Друскінінкай,druskininkai,noun,C2
Желєзногорськ,zheleznogorsk,noun,C2
Зеленодольськ,zelenodolsk,noun,C2
Красногорівка,krasnohorivka,noun,C2
Куала-Лумпур,kuala,noun,C2
Магнітогорськ,magnitogorsk,noun,C2
Монастириська,monastyryska,noun,C2
Новояворівськ,novoyavorivsk,noun,C2
Ньюфаундленд,newfoundland,noun,C2
Парасковіївка,paraskoviivka,noun,C2
Первомайський,pervomaiskyi,noun,C2
Порт-оф-Спейн,port,noun,C2
Сан-Сальвадор,san,noun,C2
Сан-Франциско,san,noun,C2
Сент-Джорджес,st,noun,C2
Сьєрра-Леоне,republic,noun,C2
Сєвєродонецьк,sievierodonetsk,noun,C2
Трансильванія,transylvania,noun,C2
Южноукраїнськ,yuzhnoukrainsk,noun,C2
абракадабризм,abracadabrism,noun,C2
абсорбціометр,absorptiometer,noun,C2
авангардистка,avant-gardist,noun,C2
автобатальйон,air,noun,C2
автовантажник,forklift,noun,C2
авіадесантник,paratrooper,noun,C2
авіадиспетчер,air,noun,C2
авіаз'єднання,aviation,noun,C2
авіамайстерня,air,noun,C2
адамантобласт,ameloblast,noun,C2
азербайджанка,azerbaijani,noun,C2
аквамариновий,aquamarine,adjective,C2
актуалізувати,update,verb,C2
ампер-година,ampere-hour,noun,C2
анархістський,anarchistic,adjective,C2
антикоагулянт,anticoagulant,noun,C2
антропометрія,anthropometry,noun,C2
антіохійський,antiochian,adjective,C2
афроукраїнець,afro-ukrainian,noun,C2
багатогранник,polyhedron,noun,C2
багатошлюбний,polygamous,adjective,C2
бактеріологія,bacteriology,noun,C2
бангладеський,bangladeshi,adjective,C2
безболісність,painlessness,noun,C2
беззастережно,implicitly,adverb,C2
беззмістовний,hollow,adjective,C2
безприкладний,unprecedented,adjective,C2
безстрасність,detachment,noun,C2
бензозаправка,gas,noun,C2
бериславський,beryslav,adjective,C2
благонадійний,reliable,adjective,C2
благословіння,blessing,noun,C2
богобоязливий,god-fearing,adjective,C2
богозневажний,profane,adjective,C2
бортпровідник,flight,noun,C2
братовбивство,fratricide,noun,C2
білорусизація,belarusization,noun,C2
біодеградація,biodegradation,noun,C2
бісексуальний,bisexual,adjective,C2
верховинський,verkhovyna,adjective,C2
вестернізація,westernization,noun,C2
водолічильник,water,noun,A1
волейболістка,volleyballer,noun,C2
восьмигранний,octahedral,adjective,C2
врівноважений,poised,adjective,C2
вульгаризація,vulgarization,noun,C2
відгодовувати,fatten,verb,C2
відстрочувати,postpone,verb,C2
вірулентність,virulence,noun,C2
гастроентерит,gastroenteritis,noun,C2
гачкоподібний,unciform,adjective,C2
гегельянський,hegelian,adjective,C2
геоморфологія,geomorphology,noun,C2
геоцентричний,geocentric,adjective,C2
геронтократія,gerontocracy,noun,C2
гнобительство,oppression,noun,C2
голкоподібний,needlelike,adjective,C2
грампластинка,phonograph,noun,C2
грипоподібний,flulike,adjective,C2
грушоподібний,pear-shaped,adjective,C2
гідродинаміка,hydrodynamics,noun,C2
гіперглікемія,hyperglycemia,noun,C2
далекозорість,farsightedness,noun,C2
дев'ятикутник,nonagon,noun,C2
дев’ятнадцять,nineteen,numeral,C2
демонстрантка,demonstrator,noun,C2
деморалізація,demoralization,noun,C2
дерев'янистий,woody,adjective,C2
деструктивний,destructive,adjective,C2
детронізувати,dethrone,verb,C2
дзвоникуватий,bell-shaped,adjective,C2
досліджування,exploration,noun,C2
діалектологія,dialectology,noun,C2
дієприкметник,participle,noun,C2
дієприслівник,adverbial,noun,C2
едмонтонський,edmontonian,adjective,C2
егоцентричний,egocentric,adjective,C2
експансіоніст,expansionist,noun,C2
експресіонізм,expressionism,noun,C2
електробритва,shaver,noun,C2
енергоджерело,energy,noun,C2
епістемологія,epistemology,noun,C2
есперантистка,esperantist,noun,C2
етноґрафічний,alternative,noun,C2
заблоковувати,block,verb,C2
забудькуватий,oblivious,adjective,C2
завербовувати,recruit,verb,C2
займенниковий,pronominal,adjective,C2
заломлюватися,refract,verb,C2
замуровування,immurement,noun,C2
занепадництво,decadence,noun,C2
заплутуватися,tangle,verb,C2
запліднювання,impregnation,noun,C2
заприязнитися,make,verb,A1
застережливий,admonitory,adjective,C2
зашифровувати,to,verb,C2
збалансований,poised,adjective,C2
звурджуватися,curdle,verb,C2
землевласниця,landowner,noun,C2
землечерпалка,dredger,noun,C2
зменшувальний,diminutive,adjective,C2
зненавиджений,hated,adjective,C2
золотоніський,zolotonosha,adjective,C2
зрусифікувати,russify,verb,C2
зрівноважений,poised,adjective,C2
зштовхуватися,collide,verb,C2
кальцинований,calcined,adjective,C2
капельмейстер,chapelmaster,noun,C2
квітникарство,floriculture,noun,C2
киргизомовний,kyrgyzophone,adjective,C2
киргизстанець,kyrgyzstani,noun,C2
клавесиністка,harpsichordist,noun,C2
коростенський,korosten,adjective,C2
колінеарність,collinearity,noun,C2
компанійський,sociable,adjective,C2
конгломерація,conglomeration,noun,C2
конспірологія,conspiracy,noun,C2
консультантка,consultant,noun,C2
контейнеровоз,container,noun,C2
користування,verbal,noun,C2
користолюбець,avaricious,noun,C2
користолюбний,self-interested,adjective,C2
краматорський,kramatorsk,adjective,C2
кровозмішення,incest,noun,C2
кровотворення,hematopoiesis,noun,C2
кропивничанин,male,noun,C2
ку-клукс-клан,ku,noun,C2
кулик-сорока,oystercatcher,noun,C2
кіберпростір,cyberspace,noun,C2
лабіалізувати,labialize,verb,C2
лексикографія,lexicography,noun,C2
маврикійський,mauritian,adjective,C2
магометанство,islam,noun,C2
малоросійство,little,noun,C2
мальтузіанець,malthusian,noun,C2
маніфестантка,demonstrator,noun,C2
марнословство,rhetoric,noun,C2
маршрутизатор,router,noun,C2
маскоподібний,masklike,adjective,C2
маслянокислий,of,adjective,C2
меланхолійний,wistful,adjective,C2
милозвучність,euphony,noun,C2
миропомазання,confirmation,noun,C2
монетаризація,monetization,noun,C2
морганатичний,morganatic,adjective,C2
муштрувальник,tamer,noun,C2
міжпоколінний,intergenerational,adjective,C2
найменовувати,to,verb,C2
наклепницький,defamatory,adjective,C2
напрошуватися,have,verb,A1
наркоторгівля,drug,noun,C2
народознавець,ethnologist,noun,C2
настійливість,insistence,noun,C2
насуплюватися,to,verb,C2
націєтворення,nation-building,noun,C2
неввічливість,rudeness,noun,C2
недалекозорий,synonym,adjective,C2
неймовірність,incredulity,noun,C2
нейробіологія,neuroscience,noun,C2
неперекладний,untranslatable,adjective,C2
неправочинний,powerless,adjective,C2
непіддатливий,unyielding,adjective,C2
неслухняність,disobedience,noun,C2
несумлінність,dishonesty,noun,C2
нетовариський,taciturn,adjective,C2
нечисленність,paucity,noun,C2
нижченазваний,below-named,adjective,C2
новозеландець,new,noun,A1
новонароджена,newborn,noun,C2
номеронабирач,dial,noun,C2
ностальгійний,wistful,adjective,C2
нострифікація,nostrification,noun,C2
обдарованість,talent,noun,C2
обезболювання,anesthesia,noun,C2
обтріпуватися,fray,verb,C2
одноклітинний,unicellular,adjective,C2
однофамільник,namesake,noun,C2
озаглавлювати,entitle,verb,C2
ономасіологія,onomasiology,noun,C2
ортографічний,orthographic,adjective,C2
п'ятигодинний,five-hour,adjective,C2
п'ятилітровий,five-liter,adjective,C2
палаталізація,palatalization,noun,C2
паралізований,paralyzed,adjective,C2
пауперизувати,to,verb,C2
перевзуватися,to,verb,C2
передбачливий,provident,adjective,C2
передбачувати,predict,verb,C2
передплатниця,subscriber,noun,C2
перекручувати,garble,verb,C2
перемішування,shuffle,noun,C2
переривчастий,intermittent,adjective,C2
перистальтика,peristalsis,noun,C2
першомучениця,protomartyr,noun,C2
пласкоголовий,flat-headed,adjective,C2
плеонастичний,pleonastic,adjective,C2
плоскоголовий,flat-headed,adjective,C2
поверховність,superficiality,noun,C2
позаклітинний,extracellular,adjective,C2
позбавленець,lishenets,noun,C2
помножуватися,multiply,verb,C2
поневолювання,enslavement,noun,C2
поплюндрувати,plunder,verb,C2
посковзнутися,slip,verb,C2
послухняність,obedience,noun,C2
поціновувачка,appreciator,noun,C2
предикативний,predicative,adjective,C2
приборкувачка,tamer,noun,C2
призвичаювати,accustom,verb,C2
приклеюватися,stick,verb,C2
присадкуватий,fubsy,adjective,C2
прислухування,verbal,noun,C2
пристосованка,opportunist,noun,C2
пришвартувати,moor,verb,C2
провісницький,ominous,adjective,C2
продовжування,verbal,noun,C2
промасажувати,to,verb,C2
проникливість,perspicacity,noun,C2
пропилососити,transitive,verb,C2
пропріоцепція,proprioception,noun,C2
просочуватися,seep,verb,C2
простолюдець,commoner,noun,C2
протагоністка,protagonist,noun,C2
протисудомний,anticonvulsive,adjective,C2
психоактивний,psychoactive,adjective,C2
психоделічний,psychedelic,adjective,C2
пуерториканка,puerto,noun,C2
пустопорожній,hollow,adjective,C2
підбадьорення,encouragement,noun,C2
підготовляння,preparation,noun,C2
підковзнутися,slip,verb,C2
підлещуватися,wheedle,verb,C2
підперізувати,gird,verb,C2
підполковниця,lieutenant,noun,C2
підсанкційний,sanctioned,adjective,C2
підстрибувати,caper,verb,C2
підштовхувати,hitch,verb,C2
работорговець,slaver,noun,C2
резус-фактор,rhesus,noun,C2
революціонізм,revolutionism,noun,C2
ревізіоністка,revisionist,noun,C2
рекурсивність,recursivity,noun,C2
рентгенограма,radiograph,noun,C2
репресивність,repressiveness,noun,C2
республіканка,supporter,noun,C2
римо-католик,roman,noun,C2
розбризкувати,sparge,verb,C2
розважливість,discretion,noun,C2
розгалузитися,ramify,verb,C2
розгромлювати,to,verb,C2
розлютовувати,enrage,verb,C2
розм'якшувати,soften,verb,C2
розморожувати,defrost,verb,C2
розміновувати,demine,verb,C2
розплавлятися,gutter,verb,C2
розповідачка,narrator,noun,C2
розподібнення,dissimilation,noun,C2
ромбоедричний,rhombohedral,adjective,C2
русифікування,russification,noun,C2
рідковживаний,rarely,adjective,C2
самодостатньо,self-sufficiently,adverb,C2
саможертовний,self-sacrificing,adjective,C2
самохвальство,boast,noun,C2
сексуалізація,sexualization,noun,C2
сертифікувати,certify,verb,C2
синагогальний,synagogal,adjective,C2
скам'янілість,fossil,noun,C2
складотворчий,syllabic,adjective,C2
скорочуватися,dwindle,verb,C2
слов'янофілка,slavophile,noun,C2
словоблудство,rhetoric,noun,C2
снопов'язалка,binder,noun,C2
собаківництво,dog,noun,A1
солодкомовний,glib,adjective,C2
соскоподібний,mammary,adjective,C2
спектроскопія,spectroscopy,noun,C2
специфікувати,specify,verb,C2
спокійненький,quiet,adjective,C2
спостерігачка,observer,noun,C2
сприйнятливий,susceptible,adjective,C2
співбесідник,interlocutor,noun,C2
співзвучність,harmony,noun,C2
співправитель,coruler,noun,C2
старообрядець,old,noun,C2
старообрядник,old,noun,C2
суднопідіймач,boat,noun,C2
сурдопереклад,sign,noun,C2
схематизувати,schematize,verb,C2
тасманійський,tasmanian,adjective,C2
теоцентричний,theocentric,adjective,C2
термодинаміка,thermodynamics,noun,C2
тестикулярний,testicular,adjective,C2
тридцятиріччя,thirty-year,noun,C2
трьохтисячний,three-thousandth,adjective,C2
фетишизування,fetishization,noun,C2
флуктуаційний,fluctuational,adjective,C2
червоношкірий,redskin,adjective,C2
чотиригранний,tetrahedral,adjective,C2
чотиригранник,tetrahedron,noun,C2
чотирьохсотий,four,adjective,C2
шеститисячний,six-thousandth,adjective,C2
шизофренічний,schizophrenic,adjective,C2
шовіністський,chauvinistic,adjective,C2
євхаристичний,eucharistic,adjective,C2
іван-покиван,roly-poly,noun,C2
ідіосинкразія,idiosyncrasy,noun,C2
індоєвропейка,member,noun,C2
інтуїтивність,intuitiveness,noun,C2
іпохондричний,hypochondriac,adjective,C2
ґендер-флюїд,genderfluid,noun,C2
Благовіщенське,blahovishchenske,noun,C2
Вулвергемптон,wolverhampton,noun,C2
Каракалпакстан,karakalpakstan,noun,C2
Першотравенськ,pershotravensk,noun,C2
Санто-Домінго,santo,noun,C2
Середина-Буда,seredyna-buda,noun,C2
абстракціонізм,abstractionism,noun,C2
австромарксист,austromarxist,noun,C2
автентифікація,authentication,noun,C2
автомобілістка,motorist,noun,C2
автореференція,self-reference,noun,C2
авіаескадрилья,air,noun,C2
американізація,americanisation,noun,C2
антимілітаризм,anti-militarism,noun,C2
антропоморфізм,anthropomorphism,adjective,C2
артикулятивний,articulative,adjective,C2
артикуляційний,articulatory,adjective,C2
асимільовувати,assimilate,verb,C2
афроамериканка,african-american,noun,C2
бальзаківський,balzacian,adjective,C2
бджолознавство,apiology,noun,C2
беззахисність,defencelessness,noun,C2
безхарактерний,spineless,adjective,C2
боговідступник,apostate,noun,C2
богодухівський,bohodukhiv,adjective,C2
бортпровідниця,stewardess,noun,C2
бульбоцибулина,corm,noun,C2
біолабораторія,biolaboratory,noun,C2
важкоозброєний,heavily,adjective,C2
велосипедистка,cyclist,noun,C2
вентрикулярний,ventricular,adjective,C2
восьмитисячний,eight,adjective,C2
всебілоруський,all-belarusian,adjective,C2
відкалібрувати,calibrate,verb,C2
відтермінувати,postpone,verb,C2
відфільтрувати,filter,verb,C2
віолончелістка,cellist,noun,C2
віровідступник,apostate,noun,C2
вітрогенератор,wind,noun,C2
гемороїдальний,hemorrhoidal,adjective,C2
гемотрансфузія,transfusion,noun,C2
геопросторовий,geospatial,adjective,C2
гермафродитний,bisexual,adjective,C2
гермафродитизм,hermaphroditism,noun,C2
гетерогенність,heterogeneity,noun,C2
голованівський,holovanivsk,adjective,C2
гіперпосилання,hyperlink,noun,C2
двадцятикутник,icosagon,noun,C2
дезінформувати,misinform,verb,C2
деколонізувати,decolonize,verb,C2
декомунізувати,decommunize,verb,C2
денацифікувати,denazify,verb,C2
деревоподібний,treelike,adjective,C2
держслужбовець,civil,noun,C2
десятигодинний,ten-hour,adjective,C2
десятитисячний,ten-thousandth,adjective,C2
диджиталізація,digitization,noun,C2
доброзичливий,benevolent,adjective,C2
добросердечний,kindhearted,adjective,C2
додзвонюватися,get,verb,A1
дорогоцінність,valuable,noun,C2
достопам'ятний,memorable,adjective,C2
дрон-камікадзе,kamikaze,noun,C2
дієвідмінювати,conjugate,verb,C2
ексгібіціонізм,exhibitionism,noun,C2
есхатологічний,eschatological,adjective,C2
забальзамувати,embalm,verb,C2
заглиблюватися,delve,verb,C2
закривавлювати,bloody,verb,C2
залялькуватися,pupate,verb,C2
замариновувати,marinate,verb,C2
заморожуватися,freeze,verb,C2
занепадницький,effete,adjective,C2
застраховувати,insure,verb,C2
застуджуватися,catch,verb,C2
затоваришувати,make,verb,A1
зукраїнізувати,ukrainianize,verb,C2
камбоджійський,of,adjective,C2
караван-сарай,caravanserai,noun,C2
килим-самоліт,magic,noun,C2
книгопродавець,bookseller,noun,C2
колаборантство,collaboration,noun,C2
командирування,business,noun,C2
конусоподібний,conical,adjective,C2
криптодепресія,cryptodepression,noun,C2
криптозоологія,cryptozoology,noun,C2
легкоозброєний,lightly,adjective,C2
ленінградський,leningrad,adjective,C2
лісонасадження,afforestation,noun,C2
літераторський,literary,adjective,C2
марнотратність,profusion,noun,C2
меморіалізація,memorialization,noun,C2
муміфікуватися,mummify,verb,C2
міжгалактичний,intergalactic,adjective,C2
мікрохвильовка,microwave,noun,C2
мілітаризувати,militarize,verb,C2
місцеположення,location,noun,C2
навколосвітній,round-the-world,adjective,C2
надвірнянський,nadvirna,adjective,C2
наркоторговець,drug,noun,C2
настороженість,watchfulness,noun,C2
наступнорічний,an,adjective,C2
небезсторонній,partial,adjective,C2
невідмінюваний,indeclinable,adjective,C2
недовантаження,underloading,noun,C2
недовірливість,incredulity,noun,C2
незаплямований,immaculate,adjective,C2
некомутативний,noncommutative,adjective,C2
немонотонність,nonmonotonicity,noun,C2
неправосильний,powerless,adjective,C2
новонароджений,infant,noun,C2
обезглавлювати,behead,verb,C2
обороноздатний,defensively,adjective,C2
однофамільниця,namesake,noun,C2
п'єзоелектрика,piezoelectricity,noun,C2
павлоградський,pavlohrad,adjective,C2
павукознавство,arachnology,noun,C2
павукоподібний,spiderlike,adjective,C2
палаталізувати,palatalize,verb,C2
пансексуальний,pansexual,adjective,C2
парапсихологія,parapsychology,noun,C2
парламентаризм,parliamentarism,noun,C2
перший-ліпший,the,adjective,C2
перевтілювання,reembodiment,noun,C2
перезаписувати,overwrite,verb,C2
пересаджування,reseating,noun,C2
перехрещування,crossing,noun,C2
переінакшувати,misrepresent,verb,C2
плутократичний,plutocratic,adjective,C2
погоджувальний,conciliatory,adjective,C2
податкоплатник,taxpayer,noun,C2
польськомовний,polonophone,adjective,C2
політеїстичний,polytheistic,adjective,C2
поміркованість,moderation,noun,C2
поприятелювати,make,verb,A1
прабатьківщина,urheimat,noun,C2
правозахисниця,female,noun,C2
правопорушниця,lawbreaker,noun,C2
привласнювання,appropriation,noun,C2
приземлюватися,to,verb,C2
прислухуватися,to,verb,C2
прислуговувати,wait,verb,C2
прислівниковий,adverbial,adjective,C2
присоромлювати,to,verb,C2
пристосованець,opportunist,noun,C2
провінціальний,provincial,adjective,C2
пропагандистка,propagandist,noun,C2
проріджуватися,thin,verb,C2
простодушність,simple-mindedness,noun,C2
проіндексувати,to,verb,C2
пуерториканець,puerto,noun,C2
підсковзнутися,slip,verb,C2
радіокерування,radio,noun,C2
регулювальниця,regulator,noun,C2
рентгенографія,roentgenography,noun,C2
репродукційний,reproductive,adjective,C2
ровеньківський,rovenky,adjective,C2
розграбовувати,plunder,verb,C2
роздратовувати,to,verb,C2
розлютованість,rage,noun,C2
розміновування,mine-clearing,noun,C2
розплановувати,plan,verb,C2
розпростертися,sprawl,verb,C2
розчленовувати,dismember,verb,C2
рівносторонній,equilateral,adjective,C2
самовизначення,self-determination,noun,C2
самозайнятість,self-employment,noun,C2
самоприниження,self-abasement,noun,C2
самореференція,self-reference,noun,C2
синельникський,synelnykove,adjective,C2
спазмолітичний,spasmolytic,adjective,C2
спеціалізувати,specialize,verb,C2
співбесідниця,interlocutor,noun,C2
співгромадянка,fellow,noun,C2
співзасновниця,cofounder,noun,C2
старобільський,starobilsk,adjective,C2
схвильованість,disquietude,noun,C2
сімсоттисячний,seven-hundred-thousandth,adjective,C2
таджикистанець,male,noun,C2
теплоізолюючий,thermally,adjective,C2
термометричний,thermometric,adjective,C2
терморегуляція,thermoregulation,noun,C2
транскрибувати,transcribe,verb,C2
угорськомовний,hungarian-speaking,adjective,C2
україножерство,ukrainophobia,noun,C2
усолоджуватися,enjoy,verb,C2
флейтоподібний,flutelike,adjective,C2
фосфорилювання,phosphorylation,noun,C2
чваньковитість,arrogance,noun,C2
чванькуватість,arrogance,noun,C2
червоноармійка,red,noun,C2
чужопланетянин,alien,noun,C2
євроскептицизм,euroscepticism,noun,C2
ідолопоклонник,idolater,noun,C2
іммобілізувати,immobilize,verb,C2
ґоґель-моґель,kogel,noun,C2
ґоґоль-моґоль,kogel,noun,C2
ґрунтознавство,soil,noun,C2
Горно-Алтайськ,gorno-altaysk,noun,C2
Емілія-Романья,emilia-romagna,noun,C2
Млада-Болеслав,mlad,noun,C2
Новодністровськ,novodnistrovsk,noun,C2
Рейнланд-Пфальц,rhineland-palatinate,noun,C2
Ростов-на-Дону,rostov-on-don,noun,C2
Ріо-де-Жанейро,rio,noun,C2
абсолютизування,absolutization,noun,C2
абстрагованість,abstraction,noun,C2
авіаметеослужба,air,noun,C2
агролісівництво,agroforestry,noun,C2
алгоритмізувати,algorithmize,verb,C2
американізувати,americanize,verb,C2
антигістамінний,antihistaminic,adjective,C2
багатозначність,polysemy,noun,C2
багатоклітинний,multicellular,adjective,C2
багатошлюбність,polygamy,noun,C2
благословенство,blessing,noun,C2
боговідступниця,apostate,noun,C2
бронеавтомобіль,armoured,noun,C2
бюрократизувати,bureaucratize,verb,C2
біорізноманіття,biodiversity,noun,C2
бісексуальність,bisexuality,noun,C2
верблюдівництво,camel,noun,C2
викаблучуватися,show,verb,C2
випорожнюватися,defecate,verb,C2
врівноваженість,poise,noun,C2
відеомагнітофон,videocassette,noun,C2
відпочивальниця,female,noun,C2
відтермінування,respite,noun,C2
віровідступниця,apostate,noun,C2
геліоцентричний,heliocentric,adjective,C2
гільйотинування,guillotining,noun,C2
гіпервентиляція,hyperventilation,noun,C2
дванадцятипалий,duodenal,adjective,C2
двохсоттисячний,two-hundred-thousandth,adjective,C2
дев'ятигодинний,nine-hour,adjective,C2
дев'ятитисячний,nine,adjective,C2
дезінформування,disinformation,noun,C2
доброзичливець,well-wisher,noun,C2
доброзичливиця,well-wisher,noun,C2
довгожительство,longevity,noun,C2
дієвідмінювання,conjugation,noun,C2
електрифікувати,electrify,verb,C2
електроізоляція,electrical,noun,C2
енциклопедистка,female,noun,C2
життєрадісність,joie,noun,C2
жінконенависник,misogynist,noun,C2
законоположення,legal,noun,C2
зацікавлюватися,to,verb,C2
звенигородський,zvenyhorodka,adjective,C2
кальвіністський,of,adjective,C2
кисло-солодкий,sweet-and-sour,adjective,C2
клептократичний,kleptocratic,adjective,C2
кліматологічний,climatological,adjective,C2
контрабандистка,smuggler,noun,C2
контрацептивний,contraceptive,adjective,C2
контроверсійний,controversial,adjective,C2
контррозвідниця,female,noun,C2
конфліктогенний,conflictogenic,adjective,C2
красноградський,krasnohrad,adjective,C2
кровожерливість,bloodthirst,noun,C2
куленепробивний,bulletproof,adjective,C2
лісовідновлення,reforestation,noun,C2
мальтузіанський,malthusian,adjective,C2
меморіалізувати,memorialize,verb,C2
мигдалеподібний,amygdaloid,adjective,C2
миротворницький,peacekeeping,adjective,C2
мідно-червоний,having,adjective,C2
міжслов'янський,interslavic,adjective,C2
мілітаризований,adjectival,adjective,C2
мінімалістський,minimalist,adjective,C2
мінімалістичний,minimalist,adjective,C2
навколосонячний,circumsolar,adjective,C2
напіврозвалений,ramshackle,adjective,C2
небагатослівний,terse,adjective,C2
нейрофіброматоз,neurofibromatosis,noun,C2
непередбачливий,unforeseeable,adjective,C2
непоступливість,pertinacity,noun,C2
нерозважливість,temerity,noun,C2
нерозсудливість,foolishness,noun,C2
нетовариськість,aloofness,noun,C2
новозеландський,attributive,adjective,C2
новоукраїнський,novoukrainka,adjective,C2
обвинувачуваний,accused,adjective,C2
обезголовлювати,behead,verb,C2
отоларингологія,otolaryngology,noun,C2
п'ятдесятиріччя,fifty-year,noun,C2
п'ятсоттисячний,five-hundred-thousandth,adjective,C2
перебільшування,exaggeration,noun,C2
перегруповувати,regroup,verb,C2
передбачливість,forethought,noun,C2
переохолодження,hypothermia,noun,C2
переповнюватися,teem,verb,C2
персоналізувати,personalize,verb,C2
планетознавство,planetology,noun,C2
плюсквамперфект,pluperfect,noun,C2
поліконденсація,polycondensation,noun,C2
португаломовний,lusophone,adjective,C2
приворот-зілля,philter,noun,C2
проштовхуватися,jostle,verb,C2
псевдонауковець,pseudoscientist,noun,C2
підковоподібний,horseshoe-like,adjective,C2
роздільнянський,rozdilna,adjective,C2
розслаблюватися,to,verb,C2
самозадоволений,complacent,adjective,C2
спецпредставник,special,noun,C2
спокійнісінький,very,adjective,C2
співгромадянин,fellow,noun,C2
співправителька,coruler,noun,C2
спіралеподібний,spiraliform,adjective,C2
сєвєродонецький,sievierodonetsk,adjective,C2
транслітерувати,transliterate,verb,C2
тромбоутворення,thrombogenesis,noun,C2
уповноважування,authorization,noun,C2
усеєвропейський,pan-european,adjective,C2
фотосинтетичний,photosynthetic,adjective,C2
фіно-угорський,of,adjective,C2
швидкоплинність,evanescence,noun,C2
школа-інтернат,boarding,noun,C2
шістсоттисячний,six-hundred-thousandth,adjective,C2
ідолопоклонниця,idolater,noun,C2
індивідуалістка,individualist,noun,C2
інтерв'ювований,interviewee,adjective,C2
Австро-Угорщина,austria-hungary,noun,C2
Александруполіс,alexandroupoli,noun,C2
Аруначал-Прадеш,arunachal,noun,C2
Афьон-Карахісар,afyonkarahisar,noun,C2
Градець-Кралове,hradec,noun,C2
Кам'янка-Бузька,kamianka-buzka,noun,C2
Молодогвардійськ,molodohvardiisk,noun,C2
Старокостянтинів,starokostiantyniv,noun,C2
Сіверськодонецьк,sievierodonetsk,noun,C2
Южно-Сахалінськ,yuzhno-sakhalinsk,noun,C2
абдомінопластика,abdominoplasty,noun,C2
абстракціоністка,abstractionist,noun,C2
автоводоцистерна,motor,noun,C2
авіагосподарство,fleet,noun,C2
авіаметеостанція,aerial,noun,C2
антикремлівський,anti-kremlin,adjective,C2
антропометричний,anthropometric,adjective,C2
богохульствувати,blaspheme,verb,C2
водозабезпечення,water,noun,A1
відтерміновувати,postpone,verb,C2
відфільтровувати,filter,verb,C2
вільновідпущеник,freedman,noun,C2
вісімсоттисячний,eight-hundred-thousandth,adjective,C2
газопостачальний,gas-supply,adjective,C2
газопостачальник,gas,noun,C2
гарбу̀зоподібний,pumpkinlike,adjective,C2
геоморфологічний,geomorphological,adjective,C2
гідроелектричний,hydroelectric,adjective,C2
давньокитайський,ancient,adjective,C2
двадцятитисячний,twenty-thousandth,adjective,C2
дванадцятикутник,dodecagon,noun,C2
дендрохронологія,dendrochronology,noun,C2
дзвоникоподібний,bell-shaped,adjective,C2
доброзичливість,benevolence,noun,C2
ексгібіціоністка,exhibitionist,noun,C2
електромагнетизм,electromagnetism,noun,C2
епістемологічний,epistemological,adjective,C2
жарознижувальний,antipyretic,adjective,C2
заляльковуватися,pupate,verb,C2
звуконепроникний,soundproof,adjective,C2
зукраїнізуватися,ukrainianize,verb,C2
крісло-гойдалка,rocking,noun,C2
латиноамериканка,latin,noun,C2
лепідоптерологія,lepidopterology,noun,C2
людиноненависник,misanthrope,noun,C2
маятникоподібний,pendulumlike,adjective,C2
мертвонародження,stillbirth,noun,C2
недоброзичливий,malevolent,adjective,C2
нейролінгвістика,neurolinguistics,noun,C2
п'єзоелектричний,of,adjective,C2
пансексуальність,pansexuality,noun,C2
пресвітеріанство,presbyterianism,noun,C2
псевдореферендум,pseudoreferendum,noun,C2
підпослідовність,subsequence,noun,C2
рекогносцирувати,scout,verb,C2
розкритиковувати,slate,verb,C2
самовдоволеність,complacency,noun,C2
своєкорисливість,self-interestedness,noun,C2
слов'янознавство,slavic,noun,C2
слов'янофільство,slavophilia,noun,C2
спецпредставниця,female,noun,C2
схарактеризувати,characterize,verb,C2
традиціоналістка,traditionalist,noun,C2
тридцятитисячний,thirty-thousandth,adjective,C2
трьохсоттисячний,three-hundred-thousandth,adjective,C2
ультрамонтанство,ultramontanism,noun,C2
чотирьохтисячний,four-thousandth,adjective,C2
інженер-механік,someone,noun,C2
Івано-Франківськ,ivano-frankivsk,noun,C2
Андорра-ла-В'єха,andorra,noun,C2
Андорра-ла-Велья,andorra,noun,C2
Верхньодніпровськ,verkhnodniprovsk,noun,C2
автобензоцистерна,auto,noun,C2
автобетономішалка,auto,noun,C2
акушер-гінеколог,obstetrician-gynecologist,noun,C2
блакитно-зелений,teal,adjective,C2
білору̀ськомовний,belarusophone,adjective,C2
вільновідпущениця,freedman,noun,C2
віровідступництво,apostasy,noun,C2
гомосексуальність,homosexuality,noun,C2
давньоукраїнський,ruthenian,adjective,C2
давньоєгипетський,ancient,adjective,C2
дев'ятсоттисячний,nine-hundred-thousandth,adjective,C2
дезорганізовувати,disorganise,verb,C2
дематеріалізувати,dematerialize,verb,C2
дієслово-зв'язка,copula,noun,C2
ендокринологічний,endocrinological,adjective,C2
женоненависництво,misogyny,noun,C2
задокументовувати,to,verb,C2
колабораціоністка,collaborator,noun,C2
кінематографістка,cinematographer,noun,C2
кінодокументаліст,documentary,noun,C2
літературознавиця,female,noun,C2
непрогнозованість,unpredictability,noun,C2
п'ятнадцятикутник,quindecagon,noun,C2
палеокліматологія,palaeoclimatology,noun,C2
перегруповуватися,regroup,verb,C2
передреволюційний,prerevolutionary,adjective,C2
протиспазматичний,antispasmodic,adjective,C2
південноафриканка,south,noun,C2
пістолет-кулемет,submachine,noun,C2
самоспостереження,self-observation,noun,C2
самоудосконалення,self-improvement,noun,C2
співорганізаторка,coorganizer,noun,C2
сімдесятитисячний,seventy-thousandth,adjective,C2
україноцентричний,ukraine-centric,adjective,C2
ультранаціоналізм,ultranationalism,noun,C2
чотиривалентність,tetravalence,noun,C2
шизофреноподібний,schizophrenialike,adjective,C2
шістнадцятикутник,hexadecagon,noun,C2
іванець-киванець,roly-poly,noun,C2
індивідуалізувати,individualize,verb,C2
Боково-Хрустальне,bokove-khrustalne,noun,C2
Камінь-Каширський,kamin-kashyrskyi,noun,C2
антропоморфізувати,anthropomorphize,verb,C2
всесвітньовідомий,world-famous,adjective,C2
двадцятиоднокутник,icosihenagon,noun,C2
дванадцятитисячний,twelve-thousandth,adjective,C2
дев'яностотисячний,ninety-thousandth,adjective,C2
женоненависницький,misogynistic,adjective,C2
жінконенависництво,misogyny,noun,C2
запам'ятовувальний,memory,adjective,C2
зовнішньоклітинний,extracellular,adjective,C2
контртерористичний,counterterrorist,adjective,C2
одинадцятитисячний,eleven-thousandth,adjective,C2
п'ятдесятитисячний,fifty-thousandth,adjective,C2
протиконвульсивний,anticonvulsive,adjective,C2
південноафриканець,south,noun,C2
сім'явипорскування,ejaculation,noun,C2
сімнадцятитисячний,seventeen-thousandth,adjective,C2
триболюмінесценція,triboluminescence,noun,C2
тринадцятитисячний,thirteen-thousandth,adjective,C2
чотирнадцятикутник,tetradecagon,noun,C2
шістдесятитисячний,sixty-thousandth,adjective,C2
ідолопоклонницький,idolatrous,adjective,C2
Франкфурт-на-Одері,frankfurt-an-der-oder,noun,C2
взаємозамінюваність,interchangeability,noun,C2
вісімдесятитисячний,eighty-thousandth,adjective,C2
вітроелектростанція,wind,noun,C2
дематеріалізуватися,dematerialize,verb,C2
ексгібіціоністський,exhibitionist,adjective,C2
контрреволюціонерка,counterrevolutionary,noun,C2
людиноненависництво,misanthropy,noun,C2
незаконнонароджений,bastard,adjective,C2
оториноларингологія,otolaryngology,noun,C2
п'ятнадцятитисячний,fifteen-thousandth,adjective,C2
повітронепроникний,airtight,adjective,C2
праіндоєвропейський,pertaining,adjective,C2
чотирьохсоттисячний,four-hundred-thousandth,adjective,C2
шістнадцятитисячний,sixteen-thousandth,adjective,C2
інституціоналізація,institutionalization,noun,C2
Новгород-Сіверський,novhorod-siverskyi,noun,C2
Новоград-Волинський,novohrad-volynskyi,noun,C2
Петрово-Красносілля,petrovo-krasnosillia,noun,C2
вісімнадцятитисячний,eighteen-thousandth,adjective,C2
чотирнадцятитисячний,fourteen-thousandth,adjective,C2
інституціоналізувати,institutionalize,verb,C2
Бандар-Сері-Бегаван,bandar,noun,C2
Кам'янка-Дніпровська,kamianka-dniprovska,noun,C2
дев'ятнадцятитисячний,nineteen-thousandth,adjective,C2
Гожув-Великопольський,gorz,noun,C2
Комсомольськ-на-Амурі,komsomolsk-na-amure,noun,C2
центральноафриканський,of,adjective,C2
Корсунь-Шевченківський,korsun-shevchenkivskyi,noun,C2
зменшувально-пестливий,hypocoristic,adjective,C2
Петропавловськ-Камчатський,petropavlovsk-kamchatsky,noun,C2
